{"type":"FeatureCollection","features":[{"type":"Feature","properties":{"name":"札幌市中央区","code":"01101"},"geometry":{"type":"MultiPolygon","coordinates":[[[[141.355,43.069],[141.343,43.067],[141.332,43.076],[141.328,43.086],[141.314,43.065],[141.306,43.069],[141.293,43.058],[141.284,43.054],[141.285,43.038],[141.28,43.036],[141.264,43.042],[141.258,43.042],[141.25,43.037],[141.245,43.027],[141.23,43.015],[141.213,43.016],[141.202,43.019],[141.22,43.009],[141.237,43.007],[141.251,43.003],[141.254,42.998],[141.26,42.998],[141.267,43.004],[141.272,43.004],[141.29,43.014],[141.293,43.02],[141.304,43.026],[141.31,43.036],[141.319,43.036],[141.324,43.03],[141.336,43.028],[141.346,43.017],[141.352,43.023],[141.363,43.055],[141.366,43.058],[141.369,43.061],[141.39,43.069],[141.355,43.069]]]]}},{"type":"Feature","properties":{"name":"札幌市北区","code":"01102"},"geometry":{"type":"MultiPolygon","coordinates":[[[[141.355,43.069],[141.345,43.102],[141.344,43.122],[141.353,43.125],[141.372,43.126],[141.385,43.126],[141.387,43.129],[141.405,43.138],[141.414,43.139],[141.415,43.145],[141.421,43.147],[141.429,43.144],[141.439,43.162],[141.434,43.169],[141.425,43.168],[141.419,43.172],[141.404,43.17],[141.399,43.177],[141.409,43.186],[141.405,43.189],[141.395,43.183],[141.388,43.173],[141.38,43.172],[141.362,43.176],[141.358,43.176],[141.351,43.167],[141.349,43.16],[141.335,43.152],[141.333,43.149],[141.323,43.149],[141.312,43.146],[141.283,43.134],[141.266,43.131],[141.286,43.117],[141.328,43.086],[141.332,43.076],[141.343,43.067],[141.355,43.069]]]]}},{"type":"Feature","properties":{"name":"札幌市東区","code":"01103"},"geometry":{"type":"MultiPolygon","coordinates":[[[[141.39,43.069],[141.402,43.072],[141.406,43.077],[141.417,43.081],[141.423,43.087],[141.431,43.088],[141.442,43.095],[141.452,43.091],[141.457,43.093],[141.444,43.101],[141.454,43.12],[141.455,43.135],[141.447,43.156],[141.449,43.163],[141.439,43.162],[141.429,43.144],[141.421,43.147],[141.415,43.145],[141.414,43.139],[141.405,43.138],[141.387,43.129],[141.385,43.126],[141.372,43.126],[141.353,43.125],[141.344,43.122],[141.345,43.102],[141.355,43.069],[141.39,43.069]]]]}},{"type":"Feature","properties":{"name":"札幌市白石区","code":"01104"},"geometry":{"type":"MultiPolygon","coordinates":[[[[141.366,43.058],[141.395,43.042],[141.434,43.026],[141.444,43.022],[141.445,43.028],[141.453,43.035],[141.457,43.04],[141.449,43.056],[141.451,43.065],[141.473,43.096],[141.465,43.1],[141.459,43.099],[141.457,43.093],[141.452,43.091],[141.442,43.095],[141.431,43.088],[141.423,43.087],[141.417,43.081],[141.406,43.077],[141.402,43.072],[141.39,43.069],[141.369,43.061],[141.366,43.058]]]]}},{"type":"Feature","properties":{"name":"札幌市豊平区","code":"01105"},"geometry":{"type":"MultiPolygon","coordinates":[[[[141.352,43.023],[141.353,43.012],[141.359,43.014],[141.36,43.02],[141.371,43.019],[141.378,43.014],[141.374,43.004],[141.373,42.992],[141.368,42.988],[141.37,42.979],[141.365,42.961],[141.366,42.947],[141.363,42.939],[141.368,42.935],[141.367,42.929],[141.387,42.934],[141.389,42.953],[141.399,42.966],[141.416,42.975],[141.412,42.981],[141.419,42.997],[141.428,43.007],[141.43,43.023],[141.434,43.026],[141.395,43.042],[141.366,43.058],[141.363,43.055],[141.352,43.023]]]]}},{"type":"Feature","properties":{"name":"札幌市南区","code":"01106"},"geometry":{"type":"MultiPolygon","coordinates":[[[[141.202,43.019],[141.189,43.028],[141.187,43.043],[141.175,43.052],[141.175,43.055],[141.161,43.061],[141.153,43.069],[141.166,43.082],[141.154,43.086],[141.152,43.089],[141.143,43.095],[141.135,43.094],[141.132,43.103],[141.12,43.112],[141.112,43.114],[141.108,43.119],[141.102,43.115],[141.092,43.12],[141.087,43.118],[141.076,43.118],[141.072,43.109],[141.063,43.109],[141.062,43.103],[141.07,43.092],[141.059,43.089],[141.065,43.084],[141.058,43.069],[141.049,43.067],[141.045,43.061],[141.045,43.051],[141.033,43.043],[141.026,43.036],[141.018,43.032],[141.011,43.033],[140.999,43.025],[140.991,43.024],[140.993,43.017],[141.0,43.013],[140.999,43.001],[140.993,42.995],[140.998,42.986],[141.006,42.979],[141.008,42.972],[141.014,42.965],[141.026,42.961],[141.04,42.958],[141.053,42.953],[141.048,42.94],[141.043,42.936],[141.034,42.918],[141.027,42.913],[141.034,42.906],[141.04,42.885],[141.048,42.884],[141.079,42.885],[141.087,42.879],[141.099,42.884],[141.107,42.873],[141.102,42.869],[141.098,42.855],[141.104,42.847],[141.094,42.843],[141.101,42.828],[141.093,42.823],[141.119,42.81],[141.126,42.804],[141.133,42.804],[141.14,42.789],[141.156,42.786],[141.161,42.781],[141.17,42.782],[141.187,42.786],[141.199,42.784],[141.223,42.788],[141.231,42.792],[141.23,42.797],[141.224,42.8],[141.219,42.807],[141.222,42.812],[141.232,42.815],[141.236,42.821],[141.243,42.84],[141.252,42.843],[141.256,42.848],[141.255,42.858],[141.257,42.864],[141.279,42.873],[141.286,42.874],[141.293,42.883],[141.303,42.887],[141.315,42.882],[141.321,42.873],[141.335,42.87],[141.358,42.876],[141.36,42.881],[141.368,42.885],[141.37,42.891],[141.395,42.89],[141.397,42.893],[141.397,42.904],[141.392,42.922],[141.394,42.927],[141.387,42.934],[141.367,42.929],[141.368,42.935],[141.363,42.939],[141.366,42.947],[141.365,42.961],[141.37,42.979],[141.368,42.988],[141.373,42.992],[141.374,43.004],[141.378,43.014],[141.371,43.019],[141.36,43.02],[141.359,43.014],[141.353,43.012],[141.352,43.023],[141.346,43.017],[141.336,43.028],[141.324,43.03],[141.319,43.036],[141.31,43.036],[141.304,43.026],[141.293,43.02],[141.29,43.014],[141.272,43.004],[141.267,43.004],[141.26,42.998],[141.254,42.998],[141.251,43.003],[141.237,43.007],[141.22,43.009],[141.202,43.017]]]]}},{"type":"Feature","properties":{"name":"札幌市西区","code":"01107"},"geometry":{"type":"MultiPolygon","coordinates":[[[[141.328,43.086],[141.286,43.117],[141.262,43.095],[141.261,43.091],[141.251,43.089],[141.24,43.096],[141.229,43.089],[141.226,43.081],[141.214,43.08],[141.204,43.076],[141.176,43.077],[141.164,43.085],[141.153,43.069],[141.161,43.061],[141.175,43.055],[141.175,43.052],[141.187,43.043],[141.189,43.028],[141.202,43.019],[141.213,43.016],[141.23,43.015],[141.245,43.027],[141.25,43.037],[141.258,43.042],[141.264,43.042],[141.28,43.036],[141.285,43.038],[141.284,43.054],[141.293,43.058],[141.306,43.069],[141.314,43.065],[141.328,43.086]]]]}},{"type":"Feature","properties":{"name":"札幌市厚別区","code":"01108"},"geometry":{"type":"MultiPolygon","coordinates":[[[[141.444,43.022],[141.482,43.007],[141.488,43.014],[141.487,43.023],[141.505,43.021],[141.501,43.051],[141.497,43.058],[141.491,43.057],[141.483,43.06],[141.472,43.07],[141.474,43.074],[141.471,43.082],[141.476,43.088],[141.473,43.096],[141.451,43.065],[141.449,43.056],[141.457,43.04],[141.453,43.035],[141.445,43.028],[141.444,43.022]]]]}},{"type":"Feature","properties":{"name":"札幌市手稲区","code":"01109"},"geometry":{"type":"MultiPolygon","coordinates":[[[[141.283,43.134],[141.247,43.159],[141.238,43.152],[141.23,43.157],[141.221,43.158],[141.208,43.152],[141.188,43.14],[141.19,43.133],[141.198,43.128],[141.195,43.123],[141.187,43.12],[141.181,43.11],[141.174,43.105],[141.172,43.099],[141.158,43.089],[141.152,43.089],[141.154,43.086],[141.164,43.085],[141.176,43.077],[141.204,43.076],[141.214,43.08],[141.226,43.081],[141.229,43.089],[141.24,43.096],[141.251,43.089],[141.261,43.091],[141.262,43.095],[141.286,43.117],[141.266,43.131],[141.283,43.134]]]]}},{"type":"Feature","properties":{"name":"札幌市清田区","code":"01110"},"geometry":{"type":"MultiPolygon","coordinates":[[[[141.434,43.026],[141.43,43.023],[141.428,43.007],[141.419,42.997],[141.412,42.981],[141.416,42.975],[141.399,42.966],[141.389,42.953],[141.387,42.934],[141.394,42.927],[141.392,42.922],[141.397,42.904],[141.397,42.893],[141.395,42.89],[141.417,42.888],[141.421,42.891],[141.414,42.896],[141.417,42.908],[141.421,42.914],[141.428,42.916],[141.434,42.924],[141.441,42.928],[141.455,42.941],[141.462,42.951],[141.462,42.959],[141.467,42.974],[141.481,42.994],[141.478,42.999],[141.482,43.007],[141.444,43.022],[141.434,43.026]]]]}},{"type":"Feature","properties":{"name":"函館市","code":"01202"},"geometry":{"type":"MultiPolygon","coordinates":[[[[140.71,41.809],[140.711,41.802],[140.719,41.799],[140.727,41.791],[140.724,41.774],[140.715,41.767],[140.706,41.774],[140.705,41.78],[140.693,41.764],[140.693,41.754],[140.699,41.743],[140.704,41.74],[140.711,41.743],[140.722,41.746],[140.718,41.751],[140.727,41.761],[140.738,41.768],[140.763,41.774],[140.775,41.775],[140.79,41.773],[140.823,41.764],[140.836,41.759],[140.853,41.76],[140.865,41.758],[140.872,41.753],[140.883,41.752],[140.927,41.738],[140.941,41.73],[140.95,41.722],[140.951,41.715],[140.968,41.71],[140.992,41.717],[140.998,41.714],[141.007,41.715],[141.017,41.723],[141.022,41.719],[141.03,41.722],[141.036,41.728],[141.047,41.725],[141.052,41.734],[141.066,41.738],[141.075,41.743],[141.08,41.757],[141.089,41.762],[141.095,41.772],[141.108,41.784],[141.115,41.787],[141.127,41.789],[141.142,41.785],[141.156,41.785],[141.165,41.793],[141.174,41.796],[141.186,41.802],[141.187,41.809],[141.184,41.816],[141.178,41.821],[141.171,41.82],[141.146,41.832],[141.144,41.848],[141.15,41.853],[141.144,41.857],[141.134,41.858],[141.107,41.875],[141.103,41.875],[141.083,41.882],[141.078,41.886],[141.057,41.89],[141.046,41.893],[141.033,41.895],[141.02,41.892],[140.984,41.905],[140.961,41.915],[140.954,41.922],[140.949,41.933],[140.941,41.935],[140.933,41.943],[140.933,41.952],[140.928,41.959],[140.914,41.969],[140.91,41.975],[140.909,41.983],[140.886,42.0],[140.882,42.0],[140.875,42.007],[140.865,42.009],[140.842,41.994],[140.839,41.987],[140.84,41.97],[140.842,41.963],[140.838,41.96],[140.831,41.951],[140.826,41.954],[140.819,41.945],[140.802,41.933],[140.798,41.927],[140.787,41.931],[140.783,41.917],[140.783,41.911],[140.775,41.901],[140.767,41.877],[140.763,41.874],[140.752,41.872],[140.743,41.868],[140.736,41.861],[140.733,41.853],[140.717,41.849],[140.7,41.846],[140.706,41.83],[140.72,41.817],[140.71,41.809]]]]}},{"type":"Feature","properties":{"name":"小樽市","code":"01203"},"geometry":{"type":"MultiPolygon","coordinates":[[[[141.152,43.089],[141.158,43.089],[141.172,43.099],[141.174,43.105],[141.181,43.11],[141.187,43.12],[141.195,43.123],[141.198,43.128],[141.19,43.133],[141.188,43.14],[141.208,43.152],[141.221,43.158],[141.23,43.157],[141.238,43.152],[141.247,43.159],[141.267,43.173],[141.27,43.171],[141.283,43.18],[141.292,43.185],[141.286,43.196],[141.28,43.201],[141.264,43.191],[141.262,43.184],[141.244,43.174],[141.206,43.158],[141.188,43.152],[141.162,43.144],[141.14,43.152],[141.126,43.155],[141.113,43.163],[141.089,43.171],[141.078,43.172],[141.058,43.179],[141.038,43.18],[141.023,43.185],[141.025,43.188],[141.016,43.193],[141.012,43.2],[141.002,43.207],[141.015,43.213],[141.016,43.225],[141.013,43.232],[141.016,43.239],[140.979,43.239],[140.968,43.236],[140.955,43.229],[140.938,43.226],[140.927,43.226],[140.918,43.223],[140.921,43.216],[140.914,43.211],[140.899,43.211],[140.876,43.205],[140.867,43.207],[140.864,43.217],[140.856,43.207],[140.857,43.203],[140.85,43.199],[140.845,43.2],[140.848,43.193],[140.846,43.188],[140.854,43.178],[140.86,43.173],[140.859,43.168],[140.867,43.165],[140.883,43.168],[140.9,43.16],[140.913,43.157],[140.923,43.151],[140.924,43.139],[140.92,43.13],[140.932,43.127],[140.938,43.131],[140.952,43.131],[140.967,43.126],[140.975,43.125],[140.976,43.13],[140.999,43.127],[140.995,43.117],[141.003,43.109],[141.001,43.097],[141.008,43.091],[141.009,43.086],[141.017,43.074],[141.025,43.071],[141.027,43.066],[141.045,43.061],[141.049,43.067],[141.058,43.069],[141.065,43.084],[141.059,43.089],[141.07,43.092],[141.062,43.103],[141.063,43.109],[141.072,43.109],[141.076,43.118],[141.087,43.118],[141.092,43.12],[141.102,43.115],[141.108,43.119],[141.112,43.114],[141.12,43.112],[141.132,43.103],[141.135,43.094],[141.143,43.095],[141.152,43.089]]]]}},{"type":"Feature","properties":{"name":"室蘭市","code":"01205"},"geometry":{"type":"MultiPolygon","coordinates":[[[[141.054,42.352],[141.044,42.356],[141.039,42.366],[141.038,42.377],[141.03,42.397],[141.026,42.404],[141.018,42.407],[141.012,42.416],[141.017,42.424],[141.015,42.431],[141.004,42.436],[140.99,42.437],[140.983,42.432],[140.979,42.42],[140.985,42.415],[140.983,42.41],[140.975,42.407],[140.966,42.399],[140.956,42.394],[140.948,42.387],[140.933,42.388],[140.917,42.384],[140.908,42.38],[140.917,42.369],[140.922,42.369],[140.936,42.363],[140.945,42.364],[140.949,42.361],[140.982,42.356],[140.98,42.348],[141.002,42.351],[141.008,42.348],[140.981,42.344],[140.984,42.327],[140.976,42.324],[140.969,42.328],[140.969,42.336],[140.958,42.34],[140.951,42.345],[140.932,42.338],[140.934,42.331],[140.941,42.325],[140.944,42.319],[140.958,42.317],[140.964,42.314],[140.968,42.307],[140.975,42.309],[140.988,42.305],[140.992,42.302],[141.002,42.301],[141.009,42.306],[141.009,42.314],[141.013,42.322],[141.024,42.333],[141.045,42.351],[141.054,42.352]]]]}},{"type":"Feature","properties":{"name":"松前郡松前町","code":"01331"},"geometry":{"type":"MultiPolygon","coordinates":[[[[139.804,41.366],[139.799,41.358],[139.808,41.354],[139.816,41.359],[139.813,41.363],[139.804,41.366]]],[[[139.341,41.525],[139.336,41.522],[139.335,41.515],[139.339,41.507],[139.34,41.495],[139.359,41.501],[139.372,41.501],[139.383,41.508],[139.383,41.512],[139.376,41.523],[139.37,41.524],[139.353,41.523],[139.341,41.525]]],[[[140.164,41.577],[140.15,41.584],[140.139,41.582],[140.13,41.583],[140.118,41.576],[140.111,41.585],[140.099,41.592],[140.091,41.59],[140.063,41.593],[140.062,41.602],[140.059,41.606],[140.049,41.61],[140.04,41.618],[140.035,41.627],[140.026,41.632],[140.012,41.629],[139.999,41.632],[139.994,41.63],[139.988,41.616],[139.983,41.609],[139.982,41.6],[139.987,41.564],[139.985,41.561],[139.991,41.543],[139.998,41.54],[140.002,41.531],[140.002,41.525],[140.007,41.519],[140.009,41.509],[140.017,41.499],[140.015,41.493],[140.022,41.484],[140.029,41.473],[140.027,41.462],[140.034,41.456],[140.04,41.447],[140.047,41.446],[140.073,41.429],[140.075,41.424],[140.09,41.421],[140.092,41.425],[140.114,41.427],[140.128,41.431],[140.135,41.427],[140.143,41.428],[140.159,41.422],[140.181,41.404],[140.194,41.398],[140.2,41.398],[140.205,41.405],[140.202,41.409],[140.208,41.414],[140.204,41.425],[140.207,41.43],[140.199,41.433],[140.198,41.439],[140.192,41.445],[140.198,41.452],[140.2,41.461],[140.19,41.47],[140.18,41.474],[140.184,41.481],[140.184,41.488],[140.178,41.494],[140.174,41.504],[140.168,41.509],[140.17,41.513],[140.169,41.525],[140.176,41.527],[140.182,41.539],[140.172,41.546],[140.176,41.562],[140.166,41.572],[140.164,41.577]]]]}},{"type":"Feature","properties":{"name":"久遠郡せたな町","code":"01371"},"geometry":{"type":"MultiPolygon","coordinates":[[[[140.03,42.556],[140.025,42.558],[140.022,42.572],[140.011,42.58],[140.001,42.582],[139.994,42.578],[139.971,42.583],[139.967,42.587],[139.936,42.589],[139.932,42.596],[139.943,42.608],[139.939,42.614],[139.918,42.612],[139.911,42.617],[139.887,42.614],[139.856,42.609],[139.846,42.613],[139.831,42.614],[139.823,42.613],[139.825,42.6],[139.823,42.595],[139.827,42.588],[139.829,42.578],[139.833,42.574],[139.836,42.563],[139.836,42.553],[139.84,42.54],[139.847,42.526],[139.843,42.512],[139.846,42.502],[139.843,42.497],[139.849,42.493],[139.846,42.479],[139.853,42.466],[139.848,42.456],[139.844,42.444],[139.846,42.432],[139.836,42.406],[139.829,42.393],[139.816,42.381],[139.815,42.374],[139.802,42.366],[139.796,42.356],[139.781,42.353],[139.772,42.329],[139.775,42.326],[139.769,42.318],[139.767,42.302],[139.772,42.301],[139.786,42.275],[139.785,42.27],[139.775,42.262],[139.779,42.251],[139.789,42.244],[139.793,42.233],[139.8,42.229],[139.812,42.229],[139.814,42.223],[139.826,42.224],[139.837,42.22],[139.848,42.22],[139.853,42.216],[139.864,42.219],[139.881,42.208],[139.88,42.198],[139.882,42.191],[139.888,42.186],[139.895,42.184],[139.896,42.175],[139.905,42.166],[139.912,42.154],[139.914,42.148],[139.922,42.135],[139.929,42.14],[139.928,42.153],[139.937,42.168],[139.937,42.184],[139.943,42.19],[139.951,42.191],[139.963,42.204],[139.969,42.206],[139.979,42.201],[139.992,42.198],[140.004,42.203],[140.003,42.211],[140.01,42.219],[140.016,42.222],[140.03,42.22],[140.038,42.223],[140.035,42.237],[140.027,42.248],[140.03,42.256],[140.021,42.262],[140.015,42.272],[140.005,42.273],[139.998,42.277],[139.989,42.286],[139.986,42.302],[139.981,42.31],[139.971,42.318],[139.967,42.331],[139.962,42.337],[139.964,42.345],[139.958,42.364],[139.952,42.37],[139.952,42.38],[139.959,42.391],[139.952,42.397],[139.942,42.399],[139.922,42.413],[139.928,42.414],[139.938,42.411],[139.947,42.417],[139.958,42.422],[139.959,42.435],[139.967,42.442],[139.969,42.451],[139.975,42.452],[139.976,42.46],[139.981,42.462],[139.99,42.476],[139.99,42.483],[139.983,42.492],[139.971,42.499],[139.97,42.509],[139.981,42.516],[139.989,42.524],[140.009,42.531],[140.013,42.536],[140.029,42.545],[140.03,42.556]]]]}},{"type":"Feature","properties":{"name":"島牧郡島牧村","code":"01391"},"geometry":{"type":"MultiPolygon","coordinates":[[[[140.03,42.556],[140.037,42.56],[140.051,42.554],[140.062,42.557],[140.075,42.559],[140.098,42.554],[140.109,42.546],[140.117,42.545],[140.123,42.549],[140.128,42.561],[140.142,42.565],[140.14,42.569],[140.143,42.579],[140.152,42.58],[140.158,42.593],[140.148,42.6],[140.151,42.616],[140.172,42.618],[140.177,42.613],[140.185,42.612],[140.189,42.603],[140.194,42.608],[140.213,42.61],[140.231,42.615],[140.23,42.62],[140.224,42.623],[140.232,42.636],[140.222,42.651],[140.216,42.653],[140.209,42.668],[140.211,42.673],[140.21,42.682],[140.216,42.688],[140.206,42.698],[140.208,42.706],[140.201,42.715],[140.195,42.718],[140.215,42.732],[140.215,42.736],[140.223,42.742],[140.219,42.751],[140.223,42.761],[140.215,42.77],[140.208,42.772],[140.21,42.782],[140.206,42.789],[140.199,42.795],[140.193,42.794],[140.18,42.801],[140.173,42.806],[140.169,42.804],[140.164,42.796],[140.161,42.795],[140.147,42.771],[140.15,42.767],[140.144,42.755],[140.13,42.746],[140.119,42.746],[140.106,42.736],[140.096,42.736],[140.078,42.726],[140.069,42.723],[140.069,42.718],[140.065,42.713],[140.063,42.704],[140.04,42.691],[140.03,42.688],[140.017,42.689],[140.002,42.687],[139.989,42.692],[139.982,42.688],[139.972,42.691],[139.957,42.688],[139.941,42.69],[139.925,42.688],[139.918,42.684],[139.898,42.68],[139.88,42.67],[139.868,42.666],[139.862,42.654],[139.856,42.65],[139.855,42.641],[139.842,42.632],[139.843,42.627],[139.826,42.619],[139.823,42.613],[139.831,42.614],[139.846,42.613],[139.856,42.609],[139.887,42.614],[139.911,42.617],[139.918,42.612],[139.939,42.614],[139.943,42.608],[139.932,42.596],[139.936,42.589],[139.967,42.587],[139.971,42.583],[139.994,42.578],[140.001,42.582],[140.011,42.58],[140.022,42.572],[140.025,42.558],[140.03,42.556]]]]}},{"type":"Feature","properties":{"name":"積丹郡積丹町","code":"01405"},"geometry":{"type":"MultiPolygon","coordinates":[[[[140.526,43.214],[140.526,43.224],[140.541,43.234],[140.56,43.239],[140.567,43.238],[140.577,43.243],[140.583,43.251],[140.592,43.254],[140.598,43.263],[140.599,43.272],[140.608,43.28],[140.617,43.283],[140.621,43.289],[140.63,43.295],[140.617,43.297],[140.607,43.296],[140.593,43.303],[140.59,43.308],[140.579,43.31],[140.57,43.323],[140.562,43.324],[140.54,43.343],[140.534,43.346],[140.527,43.353],[140.526,43.359],[140.512,43.357],[140.503,43.37],[140.493,43.372],[140.483,43.376],[140.478,43.373],[140.461,43.371],[140.468,43.365],[140.464,43.355],[140.459,43.35],[140.459,43.344],[140.446,43.336],[140.424,43.329],[140.409,43.333],[140.401,43.331],[140.389,43.332],[140.382,43.329],[140.36,43.332],[140.356,43.325],[140.357,43.314],[140.355,43.302],[140.35,43.295],[140.347,43.285],[140.336,43.282],[140.351,43.277],[140.362,43.264],[140.357,43.251],[140.367,43.25],[140.374,43.24],[140.389,43.238],[140.397,43.234],[140.408,43.232],[140.414,43.234],[140.419,43.229],[140.426,43.225],[140.436,43.23],[140.437,43.234],[140.453,43.237],[140.459,43.243],[140.466,43.246],[140.472,43.236],[140.472,43.228],[140.484,43.217],[140.498,43.216],[140.522,43.212],[140.526,43.214]]]]}},{"type":"Feature","properties":{"name":"古平郡古平町","code":"01406"},"geometry":{"type":"MultiPolygon","coordinates":[[[[140.634,43.08],[140.633,43.092],[140.638,43.094],[140.639,43.103],[140.657,43.113],[140.649,43.124],[140.656,43.133],[140.65,43.148],[140.649,43.159],[140.653,43.172],[140.653,43.182],[140.658,43.183],[140.672,43.181],[140.684,43.186],[140.694,43.193],[140.687,43.204],[140.682,43.208],[140.684,43.212],[140.674,43.22],[140.678,43.225],[140.699,43.236],[140.697,43.244],[140.7,43.251],[140.672,43.258],[140.659,43.259],[140.646,43.263],[140.64,43.267],[140.636,43.275],[140.645,43.281],[140.643,43.287],[140.634,43.286],[140.63,43.295],[140.621,43.289],[140.617,43.283],[140.608,43.28],[140.599,43.272],[140.598,43.263],[140.592,43.254],[140.583,43.251],[140.577,43.243],[140.567,43.238],[140.56,43.239],[140.541,43.234],[140.526,43.224],[140.526,43.214],[140.532,43.212],[140.531,43.206],[140.538,43.2],[140.529,43.19],[140.528,43.185],[140.532,43.18],[140.534,43.171],[140.533,43.165],[140.541,43.16],[140.547,43.158],[140.55,43.144],[140.556,43.141],[140.554,43.129],[140.548,43.124],[140.558,43.114],[140.572,43.116],[140.585,43.108],[140.581,43.102],[140.591,43.096],[140.601,43.09],[140.614,43.078],[140.619,43.08],[140.634,43.08]]]]}},{"type":"Feature","properties":{"name":"礼文郡礼文町","code":"01517"},"geometry":{"type":"MultiPolygon","coordinates":[[[[140.967,45.464],[140.968,45.453],[140.977,45.448],[140.975,45.443],[140.966,45.439],[140.982,45.436],[140.991,45.429],[140.994,45.42],[140.987,45.412],[140.992,45.407],[140.987,45.403],[140.985,45.396],[140.991,45.386],[140.983,45.383],[140.989,45.368],[140.995,45.363],[140.999,45.351],[141.0,45.344],[141.004,45.335],[141.002,45.331],[141.006,45.324],[141.02,45.313],[141.027,45.296],[141.025,45.29],[141.017,45.283],[141.025,45.274],[141.046,45.278],[141.047,45.288],[141.045,45.295],[141.057,45.319],[141.049,45.341],[141.055,45.343],[141.059,45.352],[141.06,45.363],[141.059,45.378],[141.057,45.386],[141.058,45.396],[141.057,45.409],[141.062,45.421],[141.067,45.423],[141.055,45.439],[141.049,45.451],[141.033,45.461],[141.036,45.443],[141.033,45.439],[141.013,45.433],[140.998,45.435],[140.985,45.444],[140.98,45.453],[140.967,45.464]]]]}},{"type":"Feature","properties":{"name":"旭川市","code":"01204"},"geometry":{"type":"MultiPolygon","coordinates":[[[[142.283,43.94],[142.274,43.94],[142.249,43.95],[142.245,43.956],[142.237,43.949],[142.22,43.948],[142.208,43.949],[142.199,43.945],[142.188,43.935],[142.187,43.93],[142.18,43.925],[142.171,43.923],[142.164,43.915],[142.159,43.914],[142.149,43.905],[142.149,43.899],[142.162,43.892],[142.158,43.885],[142.159,43.875],[142.172,43.869],[142.179,43.871],[142.188,43.867],[142.211,43.867],[142.216,43.864],[142.22,43.856],[142.217,43.847],[142.209,43.838],[142.217,43.834],[142.214,43.83],[142.23,43.812],[142.238,43.808],[142.24,43.799],[142.228,43.796],[142.222,43.788],[142.227,43.776],[142.22,43.774],[142.211,43.766],[142.205,43.763],[142.197,43.755],[142.196,43.746],[142.2,43.735],[142.195,43.731],[142.176,43.731],[142.171,43.728],[142.173,43.721],[142.183,43.716],[142.179,43.699],[142.179,43.687],[142.175,43.681],[142.178,43.673],[142.186,43.666],[142.195,43.654],[142.195,43.646],[142.2,43.641],[142.209,43.646],[142.221,43.649],[142.239,43.652],[142.243,43.652],[142.257,43.661],[142.267,43.66],[142.279,43.652],[142.277,43.647],[142.286,43.644],[142.293,43.632],[142.288,43.621],[142.291,43.612],[142.283,43.605],[142.286,43.594],[142.285,43.586],[142.289,43.579],[142.288,43.574],[142.299,43.564],[142.301,43.552],[142.322,43.544],[142.328,43.556],[142.329,43.564],[142.323,43.574],[142.341,43.587],[142.342,43.599],[142.352,43.612],[142.366,43.619],[142.375,43.616],[142.39,43.626],[142.388,43.638],[142.399,43.645],[142.4,43.65],[142.394,43.653],[142.395,43.661],[142.402,43.665],[142.428,43.662],[142.445,43.648],[142.448,43.636],[142.457,43.631],[142.471,43.621],[142.485,43.62],[142.494,43.624],[142.501,43.623],[142.513,43.624],[142.533,43.625],[142.539,43.629],[142.561,43.631],[142.557,43.646],[142.503,43.64],[142.496,43.638],[142.435,43.68],[142.43,43.676],[142.41,43.69],[142.391,43.723],[142.403,43.732],[142.42,43.723],[142.429,43.721],[142.449,43.714],[142.456,43.707],[142.473,43.7],[142.476,43.743],[142.485,43.742],[142.494,43.751],[142.507,43.751],[142.52,43.745],[142.526,43.745],[142.537,43.734],[142.543,43.734],[142.549,43.727],[142.57,43.721],[142.574,43.726],[142.582,43.723],[142.589,43.717],[142.6,43.72],[142.607,43.718],[142.621,43.72],[142.637,43.708],[142.64,43.702],[142.656,43.697],[142.662,43.698],[142.676,43.691],[142.682,43.686],[142.697,43.683],[142.705,43.683],[142.713,43.686],[142.737,43.685],[142.74,43.683],[142.74,43.689],[142.735,43.698],[142.736,43.707],[142.741,43.713],[142.731,43.72],[142.734,43.731],[142.722,43.738],[142.722,43.744],[142.713,43.749],[142.705,43.748],[142.694,43.74],[142.686,43.742],[142.681,43.739],[142.669,43.741],[142.66,43.747],[142.655,43.753],[142.646,43.754],[142.626,43.75],[142.615,43.76],[142.599,43.765],[142.596,43.761],[142.584,43.762],[142.579,43.76],[142.567,43.763],[142.562,43.78],[142.548,43.775],[142.536,43.786],[142.53,43.784],[142.52,43.786],[142.513,43.792],[142.513,43.8],[142.505,43.799],[142.458,43.839],[142.46,43.843],[142.452,43.855],[142.454,43.864],[142.45,43.867],[142.451,43.878],[142.443,43.887],[142.447,43.891],[142.446,43.903],[142.443,43.915],[142.435,43.925],[142.439,43.934],[142.432,43.947],[142.421,43.944],[142.399,43.921],[142.4,43.915],[142.392,43.901],[142.388,43.899],[142.392,43.889],[142.392,43.877],[142.383,43.869],[142.37,43.86],[142.392,43.843],[142.386,43.841],[142.355,43.828],[142.328,43.809],[142.328,43.805],[142.319,43.797],[142.308,43.794],[142.311,43.788],[142.296,43.787],[142.294,43.803],[142.289,43.818],[142.288,43.829],[142.295,43.834],[142.293,43.842],[142.288,43.848],[142.28,43.849],[142.279,43.858],[142.286,43.86],[142.29,43.873],[142.282,43.875],[142.276,43.89],[142.271,43.895],[142.276,43.908],[142.273,43.918],[142.285,43.927],[142.283,43.94]]]]}},{"type":"Feature","properties":{"name":"釧路市","code":"01206"},"geometry":{"type":"MultiPolygon","coordinates":[[[[144.005,42.921],[144.0,42.924],[143.992,42.925],[143.988,42.933],[143.991,42.938],[143.983,42.945],[143.975,42.954],[143.962,42.96],[143.95,42.969],[143.933,42.968],[143.925,42.972],[143.914,42.981],[143.911,42.991],[143.903,42.995],[143.899,43.011],[143.906,43.014],[143.908,43.023],[143.919,43.025],[143.914,43.041],[143.917,43.046],[143.925,43.046],[143.928,43.052],[143.919,43.057],[143.918,43.063],[143.91,43.069],[143.904,43.07],[143.9,43.078],[143.891,43.086],[143.884,43.089],[143.873,43.09],[143.868,43.087],[143.855,43.091],[143.843,43.089],[143.834,43.097],[143.82,43.099],[143.813,43.106],[143.811,43.119],[143.803,43.123],[143.794,43.121],[143.774,43.122],[143.762,43.119],[143.755,43.12],[143.754,43.111],[143.756,43.083],[143.75,43.076],[143.743,43.073],[143.744,43.067],[143.74,43.059],[143.726,43.057],[143.72,43.053],[143.711,43.043],[143.71,43.032],[143.707,43.027],[143.707,43.02],[143.704,43.012],[143.703,43.003],[143.716,42.99],[143.724,42.996],[143.734,42.992],[143.745,42.981],[143.751,42.978],[143.751,42.971],[143.767,42.96],[143.766,42.949],[143.762,42.943],[143.766,42.937],[143.765,42.929],[143.771,42.922],[143.771,42.913],[143.783,42.903],[143.777,42.896],[143.789,42.892],[143.807,42.879],[143.82,42.875],[143.827,42.869],[143.838,42.863],[143.849,42.852],[143.855,42.851],[143.869,42.842],[143.895,42.86],[143.929,42.88],[143.962,42.898],[144.005,42.921]]],[[[144.222,43.521],[144.207,43.521],[144.201,43.525],[144.19,43.522],[144.181,43.511],[144.175,43.517],[144.164,43.525],[144.148,43.528],[144.142,43.531],[144.135,43.527],[144.133,43.517],[144.121,43.512],[144.108,43.513],[144.096,43.516],[144.082,43.515],[144.071,43.502],[144.074,43.493],[144.078,43.491],[144.072,43.483],[144.071,43.475],[144.066,43.475],[144.051,43.47],[144.044,43.469],[144.04,43.464],[144.02,43.461],[143.999,43.465],[144.005,43.449],[144.001,43.443],[144.004,43.435],[144.017,43.427],[144.026,43.428],[144.03,43.42],[144.029,43.412],[144.022,43.396],[144.027,43.392],[144.01,43.382],[144.008,43.375],[144.016,43.374],[144.032,43.36],[144.034,43.351],[144.024,43.345],[144.026,43.337],[144.017,43.333],[144.021,43.326],[144.01,43.322],[144.007,43.312],[144.008,43.308],[143.992,43.306],[143.986,43.291],[143.978,43.285],[143.969,43.283],[143.966,43.271],[143.961,43.262],[143.966,43.26],[143.962,43.25],[143.964,43.246],[143.975,43.242],[143.984,43.227],[143.986,43.213],[143.991,43.207],[143.988,43.199],[143.995,43.181],[144.002,43.178],[144.016,43.176],[144.025,43.168],[144.035,43.162],[144.035,43.153],[144.032,43.143],[144.04,43.134],[144.051,43.128],[144.065,43.126],[144.079,43.118],[144.079,43.107],[144.082,43.101],[144.08,43.097],[144.083,43.086],[144.089,43.081],[144.088,43.075],[144.094,43.069],[144.097,43.062],[144.103,43.062],[144.115,43.056],[144.12,43.06],[144.135,43.058],[144.141,43.055],[144.152,43.057],[144.156,43.06],[144.167,43.042],[144.223,43.028],[144.214,43.007],[144.222,43.006],[144.229,42.997],[144.274,43.004],[144.286,43.004],[144.305,43.002],[144.314,43.002],[144.314,42.998],[144.335,42.996],[144.341,42.994],[144.35,42.998],[144.36,42.995],[144.372,42.986],[144.373,42.976],[144.366,42.972],[144.375,42.967],[144.389,42.969],[144.398,42.96],[144.414,42.957],[144.423,42.952],[144.439,42.952],[144.45,42.944],[144.461,42.945],[144.486,42.939],[144.485,42.95],[144.48,42.956],[144.481,42.963],[144.47,42.971],[144.455,42.98],[144.448,42.983],[144.439,42.99],[144.441,42.995],[144.423,42.997],[144.416,43.002],[144.404,42.997],[144.399,43.003],[144.398,43.009],[144.42,43.023],[144.423,43.037],[144.42,43.044],[144.427,43.047],[144.418,43.052],[144.415,43.061],[144.404,43.067],[144.399,43.073],[144.327,43.085],[144.321,43.077],[144.303,43.078],[144.289,43.083],[144.288,43.087],[144.278,43.095],[144.279,43.101],[144.272,43.104],[144.263,43.121],[144.265,43.127],[144.251,43.143],[144.249,43.151],[144.253,43.16],[144.243,43.164],[144.244,43.172],[144.237,43.174],[144.24,43.18],[144.234,43.184],[144.228,43.196],[144.218,43.218],[144.22,43.225],[144.214,43.231],[144.206,43.235],[144.207,43.242],[144.199,43.249],[144.179,43.261],[144.171,43.263],[144.162,43.27],[144.151,43.282],[144.148,43.291],[144.131,43.302],[144.128,43.31],[144.13,43.32],[144.138,43.324],[144.145,43.323],[144.142,43.332],[144.15,43.338],[144.155,43.354],[144.152,43.359],[144.159,43.364],[144.159,43.368],[144.176,43.377],[144.18,43.383],[144.181,43.391],[144.197,43.4],[144.206,43.408],[144.213,43.419],[144.227,43.428],[144.232,43.434],[144.238,43.436],[144.23,43.445],[144.238,43.454],[144.236,43.459],[144.229,43.466],[144.237,43.473],[144.231,43.481],[144.235,43.487],[144.236,43.497],[144.24,43.506],[144.247,43.512],[144.222,43.521]]]]}},{"type":"Feature","properties":{"name":"帯広市","code":"01207"},"geometry":{"type":"MultiPolygon","coordinates":[[[[143.147,42.951],[143.13,42.953],[143.127,42.947],[143.115,42.943],[143.116,42.938],[143.109,42.929],[143.113,42.895],[143.147,42.898],[143.147,42.893],[143.12,42.856],[143.092,42.831],[143.086,42.822],[143.075,42.81],[143.06,42.8],[143.038,42.792],[143.035,42.788],[143.022,42.786],[143.008,42.781],[142.996,42.779],[142.991,42.771],[142.936,42.722],[142.922,42.725],[142.897,42.74],[142.898,42.75],[142.894,42.754],[142.887,42.752],[142.853,42.757],[142.838,42.756],[142.831,42.76],[142.817,42.761],[142.814,42.765],[142.78,42.764],[142.767,42.776],[142.758,42.772],[142.744,42.771],[142.727,42.773],[142.72,42.776],[142.707,42.772],[142.698,42.768],[142.687,42.75],[142.688,42.743],[142.695,42.739],[142.705,42.737],[142.715,42.738],[142.725,42.733],[142.728,42.724],[142.734,42.721],[142.749,42.725],[142.756,42.722],[142.758,42.702],[142.756,42.691],[142.764,42.684],[142.779,42.69],[142.793,42.694],[142.811,42.691],[142.82,42.692],[142.828,42.687],[142.839,42.691],[142.849,42.691],[142.858,42.695],[142.87,42.684],[142.864,42.675],[142.866,42.669],[142.863,42.658],[142.865,42.654],[142.86,42.641],[142.868,42.637],[142.87,42.632],[142.879,42.632],[142.889,42.626],[142.89,42.621],[142.901,42.615],[142.919,42.627],[142.933,42.622],[142.954,42.623],[142.962,42.619],[142.975,42.624],[142.991,42.625],[143.0,42.631],[143.007,42.631],[143.011,42.636],[143.021,42.634],[143.031,42.637],[143.031,42.647],[143.04,42.646],[143.045,42.655],[143.055,42.66],[143.082,42.694],[143.074,42.697],[143.073,42.702],[143.079,42.705],[143.082,42.711],[143.098,42.722],[143.102,42.731],[143.116,42.726],[143.119,42.73],[143.14,42.721],[143.15,42.731],[143.159,42.733],[143.197,42.725],[143.189,42.705],[143.191,42.7],[143.208,42.702],[143.208,42.708],[143.24,42.702],[143.248,42.726],[143.252,42.735],[143.258,42.734],[143.268,42.763],[143.233,42.77],[143.246,42.792],[143.221,42.8],[143.229,42.812],[143.203,42.82],[143.219,42.842],[143.213,42.844],[143.22,42.855],[143.226,42.872],[143.224,42.884],[143.226,42.89],[143.214,42.896],[143.23,42.914],[143.23,42.925],[143.239,42.932],[143.247,42.934],[143.242,42.939],[143.231,42.937],[143.199,42.936],[143.194,42.947],[143.181,42.949],[143.175,42.944],[143.161,42.947],[143.151,42.945],[143.147,42.951]]]]}},{"type":"Feature","properties":{"name":"北見市","code":"01208"},"geometry":{"type":"MultiPolygon","coordinates":[[[[144.122,44.116],[144.11,44.119],[144.099,44.126],[144.085,44.126],[144.082,44.124],[144.068,44.124],[144.0,44.134],[143.963,44.14],[143.913,44.15],[143.839,44.167],[143.789,44.18],[143.783,44.184],[143.776,44.185],[143.776,44.144],[143.911,44.126],[143.951,44.091],[143.967,44.085],[143.953,44.066],[143.946,44.06],[143.948,44.053],[143.954,44.043],[143.952,44.036],[143.944,44.035],[143.939,44.031],[143.934,44.018],[143.928,44.012],[143.916,44.01],[143.907,44.004],[143.908,44.0],[143.899,43.996],[143.893,43.998],[143.889,43.99],[143.878,43.981],[143.863,43.977],[143.844,43.98],[143.84,43.986],[143.833,43.983],[143.813,43.988],[143.803,43.978],[143.793,43.984],[143.781,43.975],[143.785,43.971],[143.781,43.963],[143.771,43.953],[143.764,43.952],[143.754,43.957],[143.747,43.956],[143.748,43.946],[143.75,43.931],[143.757,43.929],[143.758,43.92],[143.738,43.905],[143.728,43.901],[143.726,43.894],[143.721,43.888],[143.72,43.879],[143.701,43.875],[143.69,43.886],[143.69,43.892],[143.681,43.894],[143.678,43.905],[143.67,43.909],[143.674,43.912],[143.676,43.92],[143.686,43.922],[143.681,43.927],[143.673,43.924],[143.666,43.925],[143.652,43.921],[143.646,43.925],[143.65,43.93],[143.642,43.933],[143.638,43.942],[143.63,43.937],[143.616,43.934],[143.606,43.939],[143.604,43.948],[143.588,43.947],[143.59,43.94],[143.584,43.923],[143.584,43.915],[143.586,43.909],[143.587,43.896],[143.584,43.887],[143.578,43.882],[143.57,43.879],[143.566,43.858],[143.573,43.845],[143.56,43.84],[143.554,43.845],[143.546,43.84],[143.537,43.838],[143.529,43.835],[143.526,43.826],[143.514,43.814],[143.506,43.814],[143.488,43.809],[143.478,43.815],[143.472,43.812],[143.453,43.813],[143.433,43.799],[143.417,43.799],[143.409,43.796],[143.399,43.795],[143.377,43.798],[143.376,43.791],[143.367,43.791],[143.362,43.788],[143.364,43.782],[143.351,43.774],[143.339,43.771],[143.337,43.766],[143.326,43.764],[143.319,43.77],[143.307,43.759],[143.289,43.764],[143.279,43.755],[143.273,43.754],[143.27,43.747],[143.251,43.739],[143.249,43.733],[143.256,43.722],[143.253,43.71],[143.236,43.701],[143.226,43.697],[143.209,43.702],[143.196,43.7],[143.182,43.707],[143.172,43.707],[143.161,43.706],[143.147,43.691],[143.146,43.681],[143.14,43.678],[143.142,43.668],[143.161,43.66],[143.163,43.653],[143.17,43.649],[143.173,43.638],[143.156,43.629],[143.148,43.616],[143.137,43.608],[143.136,43.6],[143.142,43.595],[143.155,43.592],[143.159,43.594],[143.173,43.595],[143.175,43.601],[143.187,43.608],[143.183,43.615],[143.188,43.624],[143.209,43.63],[143.222,43.638],[143.232,43.641],[143.255,43.64],[143.258,43.646],[143.273,43.646],[143.282,43.652],[143.3,43.652],[143.318,43.645],[143.33,43.644],[143.338,43.641],[143.352,43.638],[143.355,43.643],[143.368,43.645],[143.374,43.648],[143.378,43.656],[143.39,43.655],[143.394,43.661],[143.402,43.666],[143.411,43.667],[143.421,43.664],[143.431,43.677],[143.43,43.688],[143.437,43.694],[143.452,43.693],[143.459,43.699],[143.475,43.701],[143.492,43.699],[143.508,43.705],[143.525,43.706],[143.522,43.712],[143.528,43.721],[143.529,43.737],[143.535,43.745],[143.546,43.741],[143.587,43.762],[143.625,43.758],[143.659,43.776],[143.665,43.775],[143.673,43.77],[143.683,43.77],[143.691,43.775],[143.698,43.777],[143.796,43.784],[143.803,43.728],[143.79,43.7],[143.791,43.693],[143.803,43.687],[143.807,43.681],[143.807,43.676],[143.816,43.672],[143.82,43.683],[143.835,43.694],[143.842,43.696],[143.845,43.703],[143.853,43.704],[143.857,43.709],[143.877,43.707],[143.89,43.702],[143.898,43.705],[143.904,43.715],[143.902,43.719],[143.907,43.729],[143.913,43.734],[143.911,43.74],[143.919,43.746],[143.941,43.756],[143.945,43.76],[143.94,43.767],[143.951,43.776],[143.96,43.766],[143.973,43.769],[143.973,43.783],[143.983,43.794],[143.994,43.803],[143.989,43.811],[143.993,43.817],[144.003,43.818],[144.004,43.826],[144.013,43.838],[144.012,43.851],[144.019,43.853],[144.028,43.86],[144.025,43.865],[144.057,43.88],[144.052,43.888],[144.047,43.894],[144.063,43.91],[144.063,43.922],[144.047,43.92],[144.041,43.917],[144.033,43.925],[144.034,43.929],[144.029,43.936],[144.031,43.943],[144.021,43.948],[144.023,43.964],[144.03,43.965],[144.048,43.973],[144.046,43.983],[144.053,43.986],[144.054,43.989],[144.047,44.01],[144.031,44.015],[144.037,44.024],[144.043,44.025],[144.05,44.039],[144.048,44.045],[144.05,44.055],[144.046,44.061],[144.058,44.07],[144.059,44.076],[144.067,44.08],[144.065,44.084],[144.074,44.093],[144.083,44.098],[144.088,44.11],[144.102,44.113],[144.111,44.11],[144.121,44.11],[144.122,44.116]]]]}},{"type":"Feature","properties":{"name":"夕張市","code":"01209"},"geometry":{"type":"MultiPolygon","coordinates":[[[[142.313,43.049],[142.294,43.051],[142.268,43.067],[142.268,43.071],[142.263,43.084],[142.25,43.093],[142.251,43.1],[142.244,43.106],[142.245,43.117],[142.253,43.122],[142.255,43.132],[142.263,43.136],[142.253,43.151],[142.256,43.16],[142.263,43.167],[142.27,43.179],[142.27,43.188],[142.284,43.198],[142.282,43.202],[142.284,43.213],[142.279,43.225],[142.257,43.221],[142.247,43.223],[142.243,43.212],[142.23,43.211],[142.225,43.208],[142.216,43.211],[142.206,43.208],[142.188,43.207],[142.182,43.214],[142.164,43.22],[142.161,43.224],[142.155,43.217],[142.152,43.205],[142.156,43.197],[142.152,43.194],[142.129,43.19],[142.117,43.174],[142.109,43.172],[142.097,43.165],[142.086,43.168],[142.073,43.165],[142.07,43.161],[142.059,43.155],[142.06,43.148],[142.05,43.143],[142.041,43.144],[142.036,43.144],[142.03,43.138],[142.037,43.117],[142.044,43.108],[142.036,43.1],[142.028,43.097],[142.018,43.098],[142.0,43.106],[141.997,43.098],[141.984,43.094],[141.977,43.102],[141.955,43.102],[141.948,43.1],[141.938,43.102],[141.939,43.098],[141.926,43.099],[141.916,43.094],[141.913,43.09],[141.918,43.076],[141.913,43.07],[141.915,43.056],[141.912,43.047],[141.905,43.043],[141.906,43.035],[141.913,43.029],[141.914,43.021],[141.908,43.014],[141.91,43.008],[141.919,42.994],[141.941,42.997],[141.95,42.992],[141.951,42.978],[141.946,42.971],[141.952,42.967],[141.953,42.954],[141.956,42.95],[141.969,42.945],[141.972,42.935],[141.971,42.921],[141.963,42.913],[141.978,42.906],[141.99,42.904],[141.995,42.889],[142.001,42.88],[142.009,42.863],[142.029,42.867],[142.037,42.862],[142.044,42.862],[142.053,42.86],[142.064,42.87],[142.071,42.873],[142.081,42.869],[142.096,42.884],[142.1,42.885],[142.107,42.894],[142.107,42.901],[142.112,42.904],[142.111,42.915],[142.138,42.927],[142.145,42.928],[142.144,42.949],[142.156,42.954],[142.162,42.951],[142.177,42.959],[142.183,42.958],[142.186,42.951],[142.205,42.953],[142.211,42.96],[142.224,42.963],[142.223,42.968],[142.239,42.974],[142.247,42.969],[142.255,42.967],[142.262,42.982],[142.272,42.987],[142.28,42.981],[142.285,42.988],[142.291,43.002],[142.29,43.009],[142.296,43.015],[142.302,43.017],[142.323,43.026],[142.33,43.032],[142.32,43.047],[142.313,43.049]]]]}},{"type":"Feature","properties":{"name":"岩見沢市","code":"01210"},"geometry":{"type":"MultiPolygon","coordinates":[[[[142.041,43.144],[142.039,43.15],[142.026,43.173],[142.007,43.172],[141.993,43.179],[141.987,43.185],[141.972,43.187],[141.958,43.194],[141.942,43.192],[141.937,43.2],[141.931,43.203],[141.918,43.207],[141.908,43.207],[141.907,43.201],[141.898,43.194],[141.889,43.195],[141.87,43.203],[141.84,43.201],[141.824,43.206],[141.825,43.21],[141.823,43.227],[141.817,43.231],[141.81,43.228],[141.801,43.23],[141.805,43.253],[141.808,43.256],[141.796,43.271],[141.791,43.279],[141.753,43.309],[141.694,43.332],[141.677,43.338],[141.678,43.333],[141.688,43.324],[141.666,43.309],[141.671,43.301],[141.675,43.287],[141.668,43.288],[141.657,43.292],[141.654,43.286],[141.658,43.278],[141.656,43.274],[141.646,43.271],[141.649,43.267],[141.665,43.257],[141.659,43.251],[141.659,43.245],[141.673,43.228],[141.666,43.223],[141.655,43.221],[141.66,43.213],[141.65,43.21],[141.647,43.205],[141.649,43.2],[141.647,43.195],[141.65,43.191],[141.643,43.188],[141.634,43.19],[141.621,43.179],[141.611,43.167],[141.623,43.161],[141.637,43.156],[141.641,43.146],[141.649,43.141],[141.669,43.121],[141.704,43.083],[141.714,43.082],[141.737,43.081],[141.742,43.075],[141.748,43.08],[141.755,43.076],[141.783,43.087],[141.791,43.094],[141.813,43.103],[141.822,43.103],[141.832,43.112],[141.852,43.124],[141.867,43.13],[141.885,43.129],[141.885,43.124],[141.904,43.111],[141.914,43.115],[141.921,43.106],[141.928,43.106],[141.938,43.102],[141.948,43.1],[141.955,43.102],[141.977,43.102],[141.984,43.094],[141.997,43.098],[142.0,43.106],[142.018,43.098],[142.028,43.097],[142.036,43.1],[142.044,43.108],[142.037,43.117],[142.03,43.138],[142.036,43.144],[142.041,43.144]]]]}},{"type":"Feature","properties":{"name":"網走市","code":"01211"},"geometry":{"type":"MultiPolygon","coordinates":[[[[144.063,43.922],[144.075,43.935],[144.082,43.939],[144.103,43.939],[144.126,43.933],[144.127,43.937],[144.173,43.968],[144.2,43.96],[144.205,43.953],[144.208,43.943],[144.213,43.937],[144.223,43.934],[144.223,43.93],[144.23,43.924],[144.237,43.913],[144.239,43.903],[144.244,43.902],[144.256,43.883],[144.263,43.869],[144.287,43.875],[144.292,43.87],[144.305,43.873],[144.3,43.884],[144.296,43.885],[144.301,43.894],[144.346,43.881],[144.378,43.871],[144.375,43.861],[144.382,43.844],[144.367,43.841],[144.364,43.83],[144.366,43.822],[144.384,43.791],[144.38,43.785],[144.388,43.783],[144.388,43.795],[144.392,43.801],[144.389,43.81],[144.382,43.818],[144.39,43.837],[144.394,43.84],[144.392,43.853],[144.41,43.856],[144.408,43.866],[144.419,43.876],[144.423,43.886],[144.427,43.891],[144.427,43.904],[144.433,43.919],[144.425,43.932],[144.392,43.937],[144.361,43.95],[144.363,43.956],[144.345,43.962],[144.324,43.969],[144.3,43.981],[144.296,43.989],[144.298,43.993],[144.287,44.004],[144.289,44.018],[144.271,44.025],[144.261,44.032],[144.255,44.039],[144.257,44.047],[144.261,44.05],[144.261,44.057],[144.252,44.061],[144.255,44.069],[144.253,44.073],[144.257,44.085],[144.254,44.099],[144.25,44.109],[144.243,44.114],[144.236,44.107],[144.218,44.102],[144.205,44.102],[144.192,44.104],[144.179,44.105],[144.155,44.109],[144.122,44.116],[144.121,44.11],[144.111,44.11],[144.102,44.113],[144.088,44.11],[144.083,44.098],[144.074,44.093],[144.065,44.084],[144.067,44.08],[144.059,44.076],[144.058,44.07],[144.046,44.061],[144.05,44.055],[144.048,44.045],[144.05,44.039],[144.043,44.025],[144.037,44.024],[144.031,44.015],[144.047,44.01],[144.054,43.989],[144.053,43.986],[144.046,43.983],[144.048,43.973],[144.03,43.965],[144.023,43.964],[144.021,43.948],[144.031,43.943],[144.029,43.936],[144.034,43.929],[144.033,43.925],[144.041,43.917],[144.047,43.92],[144.063,43.922]]]]}},{"type":"Feature","properties":{"name":"留萌市","code":"01212"},"geometry":{"type":"MultiPolygon","coordinates":[[[[141.885,43.943],[141.875,43.954],[141.866,43.957],[141.859,43.965],[141.842,43.967],[141.834,43.96],[141.821,43.963],[141.809,43.959],[141.798,43.958],[141.795,43.951],[141.782,43.937],[141.772,43.931],[141.761,43.933],[141.743,43.931],[141.737,43.935],[141.734,43.941],[141.721,43.944],[141.719,43.951],[141.71,43.954],[141.704,43.958],[141.694,43.958],[141.689,43.964],[141.679,43.965],[141.671,43.972],[141.668,43.978],[141.654,43.985],[141.651,43.994],[141.646,43.981],[141.646,43.976],[141.636,43.975],[141.638,43.97],[141.646,43.971],[141.641,43.961],[141.642,43.956],[141.638,43.951],[141.632,43.952],[141.629,43.945],[141.633,43.943],[141.627,43.921],[141.621,43.918],[141.608,43.903],[141.625,43.899],[141.636,43.89],[141.64,43.89],[141.647,43.881],[141.662,43.874],[141.664,43.864],[141.662,43.855],[141.669,43.853],[141.676,43.842],[141.686,43.833],[141.687,43.828],[141.695,43.825],[141.693,43.816],[141.699,43.806],[141.699,43.796],[141.711,43.792],[141.72,43.795],[141.728,43.793],[141.741,43.786],[141.748,43.772],[141.754,43.768],[141.761,43.758],[141.767,43.756],[141.774,43.77],[141.776,43.776],[141.771,43.785],[141.787,43.791],[141.804,43.801],[141.804,43.812],[141.807,43.816],[141.797,43.827],[141.814,43.835],[141.823,43.831],[141.831,43.832],[141.83,43.843],[141.845,43.845],[141.852,43.848],[141.858,43.847],[141.861,43.856],[141.866,43.869],[141.866,43.879],[141.878,43.889],[141.896,43.894],[141.9,43.901],[141.891,43.914],[141.885,43.917],[141.882,43.926],[141.889,43.935],[141.885,43.943]]]]}},{"type":"Feature","properties":{"name":"苫小牧市","code":"01213"},"geometry":{"type":"MultiPolygon","coordinates":[[[[141.826,42.699],[141.795,42.697],[141.777,42.711],[141.755,42.725],[141.749,42.729],[141.737,42.746],[141.745,42.754],[141.742,42.769],[141.748,42.78],[141.743,42.788],[141.722,42.78],[141.716,42.774],[141.706,42.77],[141.692,42.771],[141.669,42.775],[141.653,42.775],[141.649,42.777],[141.63,42.775],[141.621,42.772],[141.605,42.772],[141.593,42.759],[141.572,42.744],[141.561,42.743],[141.543,42.751],[141.529,42.747],[141.511,42.75],[141.504,42.748],[141.488,42.749],[141.461,42.755],[141.451,42.763],[141.438,42.76],[141.419,42.763],[141.41,42.763],[141.413,42.743],[141.411,42.734],[141.412,42.722],[141.403,42.717],[141.387,42.692],[141.383,42.695],[141.373,42.692],[141.372,42.686],[141.36,42.682],[141.346,42.679],[141.342,42.671],[141.342,42.662],[141.339,42.649],[141.346,42.64],[141.345,42.633],[141.364,42.619],[141.377,42.614],[141.378,42.611],[141.392,42.605],[141.401,42.59],[141.42,42.583],[141.418,42.575],[141.462,42.593],[141.5,42.605],[141.529,42.613],[141.583,42.624],[141.611,42.627],[141.612,42.62],[141.618,42.621],[141.617,42.628],[141.624,42.63],[141.621,42.641],[141.63,42.637],[141.642,42.64],[141.695,42.657],[141.698,42.653],[141.687,42.651],[141.648,42.638],[141.631,42.628],[141.659,42.63],[141.672,42.63],[141.691,42.629],[141.716,42.627],[141.737,42.624],[141.759,42.621],[141.784,42.613],[141.781,42.607],[141.799,42.602],[141.804,42.614],[141.815,42.625],[141.817,42.66],[141.816,42.667],[141.823,42.668],[141.829,42.674],[141.83,42.687],[141.826,42.699]]]]}},{"type":"Feature","properties":{"name":"稚内市","code":"01214"},"geometry":{"type":"MultiPolygon","coordinates":[[[[142.05,45.402],[142.042,45.409],[142.034,45.42],[142.035,45.43],[142.024,45.437],[142.023,45.447],[142.019,45.454],[142.008,45.456],[142.004,45.46],[141.993,45.463],[141.97,45.483],[141.967,45.498],[141.961,45.51],[141.954,45.516],[141.943,45.519],[141.937,45.523],[141.928,45.518],[141.913,45.518],[141.903,45.515],[141.893,45.509],[141.892,45.502],[141.879,45.495],[141.88,45.482],[141.875,45.477],[141.874,45.47],[141.878,45.461],[141.872,45.45],[141.864,45.439],[141.854,45.432],[141.838,45.422],[141.82,45.414],[141.796,45.407],[141.771,45.404],[141.759,45.406],[141.746,45.413],[141.745,45.405],[141.74,45.401],[141.716,45.396],[141.707,45.397],[141.703,45.405],[141.694,45.405],[141.677,45.411],[141.682,45.42],[141.676,45.421],[141.67,45.431],[141.648,45.449],[141.64,45.439],[141.634,45.421],[141.634,45.406],[141.638,45.391],[141.645,45.382],[141.657,45.37],[141.657,45.359],[141.652,45.345],[141.644,45.334],[141.623,45.314],[141.615,45.311],[141.62,45.295],[141.615,45.281],[141.609,45.272],[141.574,45.239],[141.571,45.23],[141.572,45.223],[141.568,45.205],[141.569,45.198],[141.578,45.176],[141.582,45.178],[141.593,45.173],[141.6,45.175],[141.599,45.19],[141.593,45.194],[141.596,45.201],[141.617,45.205],[141.625,45.21],[141.633,45.21],[141.643,45.219],[141.656,45.223],[141.658,45.234],[141.669,45.239],[141.681,45.24],[141.691,45.238],[141.696,45.241],[141.713,45.231],[141.718,45.235],[141.731,45.239],[141.73,45.247],[141.738,45.255],[141.734,45.265],[141.747,45.267],[141.75,45.27],[141.763,45.274],[141.767,45.27],[141.767,45.259],[141.78,45.244],[141.784,45.235],[141.77,45.228],[141.799,45.2],[141.822,45.212],[141.822,45.206],[141.837,45.201],[141.823,45.194],[141.832,45.188],[141.847,45.193],[141.855,45.193],[141.863,45.19],[141.863,45.176],[141.902,45.177],[141.902,45.191],[141.914,45.203],[141.924,45.21],[141.944,45.226],[141.965,45.225],[141.979,45.232],[141.991,45.231],[141.997,45.236],[141.997,45.241],[142.006,45.25],[141.993,45.258],[141.989,45.266],[141.995,45.273],[141.991,45.278],[141.991,45.286],[141.981,45.287],[141.968,45.293],[141.961,45.294],[141.967,45.305],[141.974,45.309],[141.975,45.318],[141.969,45.328],[141.96,45.336],[141.962,45.344],[141.977,45.354],[141.983,45.353],[142.001,45.361],[142.017,45.362],[142.025,45.365],[142.028,45.374],[142.044,45.376],[142.049,45.386],[142.05,45.402]]]]}},{"type":"Feature","properties":{"name":"美唄市","code":"01215"},"geometry":{"type":"MultiPolygon","coordinates":[[[[141.808,43.256],[141.821,43.248],[141.826,43.249],[141.837,43.259],[141.86,43.259],[141.876,43.269],[141.877,43.275],[141.888,43.278],[141.89,43.285],[141.908,43.292],[141.919,43.293],[141.929,43.289],[141.941,43.288],[141.954,43.298],[141.959,43.298],[141.978,43.305],[141.991,43.307],[141.996,43.314],[142.001,43.314],[142.007,43.325],[142.01,43.327],[142.01,43.338],[142.018,43.347],[142.019,43.355],[142.024,43.359],[142.035,43.357],[142.052,43.351],[142.061,43.357],[142.055,43.363],[142.062,43.37],[142.061,43.377],[142.053,43.379],[142.05,43.401],[142.045,43.411],[142.035,43.413],[142.032,43.419],[142.02,43.418],[142.008,43.405],[142.001,43.401],[141.996,43.395],[141.983,43.392],[141.979,43.383],[141.967,43.372],[141.955,43.377],[141.943,43.379],[141.933,43.377],[141.928,43.384],[141.914,43.393],[141.905,43.392],[141.859,43.4],[141.857,43.395],[141.823,43.401],[141.821,43.389],[141.811,43.386],[141.799,43.379],[141.78,43.378],[141.771,43.373],[141.766,43.36],[141.763,43.357],[141.759,43.351],[141.75,43.355],[141.728,43.351],[141.714,43.35],[141.702,43.346],[141.694,43.332],[141.753,43.309],[141.791,43.279],[141.796,43.271],[141.808,43.259]]]]}},{"type":"Feature","properties":{"name":"芦別市","code":"01216"},"geometry":{"type":"MultiPolygon","coordinates":[[[[142.239,43.652],[142.236,43.641],[142.224,43.64],[142.213,43.633],[142.204,43.634],[142.194,43.641],[142.19,43.637],[142.173,43.639],[142.165,43.636],[142.15,43.637],[142.132,43.641],[142.114,43.636],[142.109,43.627],[142.115,43.615],[142.121,43.61],[142.119,43.6],[142.12,43.576],[142.123,43.565],[142.11,43.554],[142.102,43.552],[142.101,43.546],[142.094,43.543],[142.098,43.536],[142.106,43.542],[142.114,43.545],[142.129,43.545],[142.141,43.543],[142.149,43.535],[142.142,43.528],[142.144,43.523],[142.133,43.515],[142.117,43.507],[142.113,43.504],[142.109,43.496],[142.11,43.489],[142.098,43.482],[142.091,43.489],[142.08,43.49],[142.067,43.476],[142.065,43.466],[142.066,43.452],[142.072,43.436],[142.06,43.43],[142.059,43.425],[142.053,43.423],[142.051,43.415],[142.054,43.406],[142.05,43.401],[142.053,43.379],[142.061,43.377],[142.062,43.37],[142.055,43.363],[142.061,43.357],[142.052,43.351],[142.064,43.336],[142.06,43.327],[142.051,43.32],[142.046,43.308],[142.054,43.304],[142.063,43.292],[142.079,43.287],[142.077,43.274],[142.089,43.269],[142.089,43.26],[142.094,43.258],[142.096,43.25],[142.101,43.245],[142.114,43.222],[142.124,43.22],[142.14,43.223],[142.145,43.228],[142.154,43.229],[142.161,43.224],[142.164,43.22],[142.182,43.214],[142.188,43.207],[142.206,43.208],[142.216,43.211],[142.225,43.208],[142.23,43.211],[142.243,43.212],[142.247,43.223],[142.257,43.221],[142.279,43.225],[142.276,43.233],[142.28,43.235],[142.278,43.253],[142.289,43.279],[142.286,43.289],[142.273,43.298],[142.272,43.303],[142.278,43.31],[142.281,43.322],[142.297,43.33],[142.295,43.337],[142.29,43.343],[142.293,43.351],[142.305,43.36],[142.313,43.36],[142.331,43.371],[142.351,43.378],[142.342,43.385],[142.341,43.392],[142.348,43.401],[142.351,43.402],[142.358,43.42],[142.367,43.424],[142.368,43.436],[142.362,43.441],[142.361,43.458],[142.357,43.466],[142.355,43.474],[142.368,43.486],[142.364,43.495],[142.353,43.5],[142.346,43.507],[142.337,43.506],[142.332,43.521],[142.325,43.525],[142.326,43.53],[142.321,43.533],[142.322,43.544],[142.301,43.552],[142.299,43.564],[142.288,43.574],[142.289,43.579],[142.285,43.586],[142.286,43.594],[142.283,43.605],[142.291,43.612],[142.288,43.621],[142.293,43.632],[142.286,43.644],[142.277,43.647],[142.279,43.652],[142.267,43.66],[142.257,43.661],[142.243,43.652],[142.239,43.652]]]]}},{"type":"Feature","properties":{"name":"江別市","code":"01217"},"geometry":{"type":"MultiPolygon","coordinates":[[[[141.457,43.093],[141.459,43.099],[141.465,43.1],[141.473,43.096],[141.476,43.088],[141.471,43.082],[141.474,43.074],[141.472,43.07],[141.483,43.06],[141.491,43.057],[141.497,43.058],[141.501,43.051],[141.505,43.021],[141.524,43.016],[141.53,43.019],[141.539,43.019],[141.549,43.022],[141.569,43.025],[141.564,43.036],[141.574,43.044],[141.575,43.05],[141.589,43.055],[141.588,43.069],[141.591,43.075],[141.583,43.077],[141.669,43.121],[141.649,43.141],[141.641,43.146],[141.637,43.156],[141.623,43.161],[141.579,43.158],[141.576,43.173],[141.449,43.163],[141.447,43.156],[141.455,43.135],[141.454,43.12],[141.444,43.101],[141.457,43.093]]]]}},{"type":"Feature","properties":{"name":"赤平市","code":"01218"},"geometry":{"type":"MultiPolygon","coordinates":[[[[142.114,43.636],[142.107,43.641],[142.103,43.646],[142.095,43.645],[142.091,43.648],[142.084,43.642],[142.08,43.63],[142.067,43.628],[142.062,43.625],[142.06,43.617],[142.055,43.618],[142.048,43.625],[142.044,43.624],[142.027,43.617],[142.017,43.614],[141.994,43.598],[141.995,43.583],[141.987,43.576],[141.984,43.565],[141.978,43.558],[141.975,43.541],[141.976,43.534],[141.994,43.521],[142.0,43.523],[142.006,43.519],[142.011,43.524],[142.029,43.531],[142.049,43.535],[142.055,43.53],[142.074,43.524],[142.087,43.524],[142.082,43.51],[142.087,43.508],[142.091,43.499],[142.091,43.489],[142.098,43.482],[142.11,43.489],[142.109,43.496],[142.113,43.504],[142.117,43.507],[142.133,43.515],[142.144,43.523],[142.142,43.528],[142.149,43.535],[142.141,43.543],[142.129,43.545],[142.114,43.545],[142.106,43.542],[142.098,43.536],[142.094,43.543],[142.101,43.546],[142.102,43.552],[142.11,43.554],[142.123,43.565],[142.12,43.576],[142.119,43.6],[142.121,43.61],[142.115,43.615],[142.109,43.627],[142.114,43.636]]]]}},{"type":"Feature","properties":{"name":"紋別市","code":"01219"},"geometry":{"type":"MultiPolygon","coordinates":[[[[143.559,44.253],[143.516,44.268],[143.466,44.287],[143.411,44.309],[143.382,44.325],[143.374,44.331],[143.371,44.339],[143.365,44.337],[143.36,44.346],[143.357,44.36],[143.349,44.37],[143.34,44.372],[143.309,44.385],[143.276,44.401],[143.272,44.393],[143.275,44.384],[143.259,44.374],[143.255,44.368],[143.247,44.365],[143.244,44.351],[143.226,44.35],[143.218,44.347],[143.208,44.348],[143.205,44.334],[143.191,44.327],[143.186,44.333],[143.176,44.334],[143.156,44.33],[143.156,44.324],[143.145,44.322],[143.139,44.315],[143.127,44.313],[143.121,44.314],[143.114,44.291],[143.095,44.287],[143.103,44.276],[143.107,44.267],[143.112,44.267],[143.122,44.26],[143.128,44.26],[143.139,44.248],[143.158,44.234],[143.175,44.232],[143.194,44.222],[143.194,44.215],[143.198,44.203],[143.195,44.198],[143.175,44.186],[143.167,44.174],[143.167,44.166],[143.158,44.154],[143.157,44.148],[143.142,44.146],[143.133,44.134],[143.138,44.122],[143.149,44.105],[143.152,44.091],[143.15,44.086],[143.144,44.084],[143.134,44.074],[143.138,44.069],[143.124,44.058],[143.129,44.055],[143.134,44.04],[143.127,44.033],[143.134,44.028],[143.135,44.021],[143.126,44.009],[143.126,44.003],[143.129,44.001],[143.142,44.001],[143.151,43.995],[143.164,43.992],[143.173,44.001],[143.173,44.004],[143.178,44.013],[143.194,44.017],[143.21,44.017],[143.221,44.023],[143.224,44.032],[143.236,44.032],[143.256,44.041],[143.266,44.036],[143.285,44.034],[143.29,44.028],[143.303,44.031],[143.299,44.037],[143.311,44.045],[143.315,44.052],[143.326,44.051],[143.335,44.06],[143.336,44.068],[143.346,44.073],[143.357,44.084],[143.37,44.094],[143.371,44.102],[143.378,44.11],[143.391,44.112],[143.411,44.102],[143.417,44.105],[143.415,44.129],[143.41,44.139],[143.416,44.148],[143.422,44.15],[143.433,44.166],[143.445,44.174],[143.452,44.174],[143.469,44.183],[143.487,44.203],[143.489,44.206],[143.505,44.218],[143.51,44.227],[143.516,44.228],[143.526,44.237],[143.542,44.242],[143.545,44.241],[143.559,44.253]]]]}},{"type":"Feature","properties":{"name":"士別市","code":"01220"},"geometry":{"type":"MultiPolygon","coordinates":[[[[142.311,44.273],[142.312,44.267],[142.295,44.262],[142.291,44.266],[142.292,44.271],[142.281,44.276],[142.28,44.281],[142.273,44.284],[142.267,44.28],[142.257,44.286],[142.249,44.286],[142.24,44.295],[142.232,44.297],[142.214,44.295],[142.212,44.284],[142.207,44.278],[142.195,44.286],[142.192,44.279],[142.183,44.272],[142.175,44.261],[142.173,44.254],[142.185,44.248],[142.194,44.254],[142.201,44.256],[142.211,44.249],[142.213,44.241],[142.207,44.24],[142.204,44.227],[142.205,44.223],[142.199,44.208],[142.185,44.201],[142.183,44.198],[142.172,44.193],[142.177,44.187],[142.186,44.185],[142.188,44.176],[142.186,44.169],[142.189,44.167],[142.179,44.158],[142.185,44.152],[142.188,44.139],[142.204,44.123],[142.196,44.109],[142.181,44.095],[142.178,44.089],[142.182,44.081],[142.18,44.071],[142.174,44.062],[142.177,44.049],[142.206,44.033],[142.21,44.035],[142.236,44.02],[142.249,44.027],[142.259,44.036],[142.275,44.04],[142.282,44.043],[142.281,44.053],[142.276,44.056],[142.275,44.064],[142.268,44.075],[142.269,44.085],[142.281,44.089],[142.28,44.107],[142.274,44.118],[142.278,44.125],[142.278,44.133],[142.285,44.144],[142.285,44.159],[142.293,44.162],[142.302,44.176],[142.311,44.177],[142.31,44.186],[142.321,44.18],[142.322,44.169],[142.325,44.166],[142.334,44.164],[142.342,44.16],[142.346,44.148],[142.354,44.14],[142.37,44.141],[142.388,44.144],[142.393,44.146],[142.411,44.148],[142.413,44.137],[142.408,44.124],[142.424,44.117],[142.431,44.115],[142.441,44.118],[142.448,44.113],[142.457,44.109],[142.463,44.102],[142.458,44.095],[142.467,44.086],[142.465,44.082],[142.476,44.073],[142.482,44.057],[142.482,44.041],[142.479,44.036],[142.481,44.027],[142.477,44.02],[142.48,44.013],[142.479,44.003],[142.473,43.993],[142.481,43.987],[142.483,43.982],[142.492,43.976],[142.497,43.981],[142.514,43.986],[142.52,43.993],[142.534,43.993],[142.544,44.001],[142.548,44.007],[142.563,44.008],[142.576,44.013],[142.588,44.016],[142.587,44.022],[142.6,44.025],[142.611,44.029],[142.621,44.024],[142.628,44.018],[142.637,44.017],[142.644,44.01],[142.66,44.016],[142.682,44.02],[142.688,44.018],[142.688,44.013],[142.708,44.0],[142.722,43.994],[142.727,43.979],[142.734,43.976],[142.739,43.961],[142.747,43.949],[142.755,43.947],[142.756,43.942],[142.767,43.939],[142.774,43.93],[142.783,43.925],[142.796,43.922],[142.798,43.916],[142.816,43.915],[142.83,43.922],[142.83,43.93],[142.841,43.935],[142.842,43.941],[142.851,43.945],[142.863,43.943],[142.869,43.951],[142.882,43.953],[142.891,43.971],[142.889,43.977],[142.9,43.982],[142.903,43.99],[142.894,44.004],[142.898,44.01],[142.89,44.021],[142.874,44.02],[142.877,44.033],[142.866,44.04],[142.873,44.047],[142.879,44.049],[142.874,44.06],[142.864,44.064],[142.861,44.07],[142.868,44.078],[142.87,44.085],[142.857,44.09],[142.856,44.104],[142.861,44.108],[142.853,44.117],[142.851,44.123],[142.842,44.128],[142.84,44.136],[142.843,44.146],[142.838,44.15],[142.838,44.157],[142.821,44.154],[142.811,44.145],[142.802,44.142],[142.79,44.149],[142.788,44.152],[142.793,44.158],[142.786,44.16],[142.778,44.171],[142.769,44.179],[142.756,44.181],[142.741,44.192],[142.727,44.189],[142.717,44.188],[142.711,44.182],[142.701,44.178],[142.699,44.17],[142.694,44.172],[142.69,44.186],[142.686,44.188],[142.677,44.183],[142.663,44.182],[142.658,44.176],[142.659,44.172],[142.643,44.169],[142.634,44.166],[142.617,44.173],[142.609,44.176],[142.587,44.174],[142.563,44.179],[142.559,44.187],[142.536,44.193],[142.526,44.189],[142.517,44.188],[142.512,44.201],[142.511,44.209],[142.502,44.214],[142.496,44.221],[142.489,44.222],[142.484,44.231],[142.483,44.241],[142.473,44.247],[142.472,44.256],[142.441,44.256],[142.435,44.262],[142.435,44.274],[142.311,44.273]]]]}},{"type":"Feature","properties":{"name":"名寄市","code":"01221"},"geometry":{"type":"MultiPolygon","coordinates":[[[[142.617,44.173],[142.622,44.179],[142.628,44.179],[142.628,44.192],[142.64,44.197],[142.625,44.207],[142.628,44.215],[142.615,44.229],[142.61,44.237],[142.609,44.246],[142.6,44.247],[142.603,44.259],[142.599,44.265],[142.591,44.267],[142.589,44.276],[142.593,44.282],[142.59,44.286],[142.572,44.289],[142.557,44.288],[142.55,44.291],[142.538,44.288],[142.531,44.291],[142.551,44.322],[142.569,44.327],[142.574,44.333],[142.579,44.356],[142.583,44.36],[142.572,44.368],[142.568,44.384],[142.563,44.397],[142.566,44.399],[142.559,44.41],[142.566,44.42],[142.581,44.433],[142.584,44.434],[142.586,44.445],[142.579,44.448],[142.566,44.45],[142.547,44.449],[142.543,44.446],[142.52,44.444],[142.504,44.448],[142.5,44.452],[142.491,44.452],[142.484,44.458],[142.473,44.474],[142.464,44.476],[142.457,44.471],[142.443,44.473],[142.434,44.47],[142.418,44.471],[142.416,44.482],[142.409,44.483],[142.399,44.481],[142.391,44.475],[142.388,44.468],[142.378,44.468],[142.368,44.458],[142.361,44.454],[142.356,44.457],[142.345,44.454],[142.337,44.458],[142.333,44.454],[142.318,44.443],[142.307,44.44],[142.304,44.436],[142.309,44.427],[142.315,44.409],[142.314,44.404],[142.317,44.4],[142.321,44.387],[142.32,44.38],[142.323,44.354],[142.315,44.347],[142.308,44.346],[142.307,44.329],[142.288,44.316],[142.279,44.315],[142.278,44.308],[142.288,44.304],[142.287,44.298],[142.292,44.292],[142.311,44.273],[142.435,44.274],[142.435,44.262],[142.441,44.256],[142.472,44.256],[142.473,44.247],[142.483,44.241],[142.484,44.231],[142.489,44.222],[142.496,44.221],[142.502,44.214],[142.511,44.209],[142.512,44.201],[142.517,44.188],[142.526,44.189],[142.536,44.193],[142.559,44.187],[142.563,44.179],[142.587,44.174],[142.609,44.176],[142.617,44.173]]]]}},{"type":"Feature","properties":{"name":"三笠市","code":"01222"},"geometry":{"type":"MultiPolygon","coordinates":[[[[142.161,43.224],[142.154,43.229],[142.145,43.228],[142.14,43.223],[142.124,43.22],[142.114,43.222],[142.101,43.245],[142.096,43.25],[142.094,43.258],[142.089,43.26],[142.089,43.269],[142.077,43.274],[142.079,43.287],[142.063,43.292],[142.054,43.304],[142.046,43.308],[142.051,43.32],[142.06,43.327],[142.064,43.336],[142.049,43.348],[142.035,43.357],[142.024,43.359],[142.019,43.355],[142.018,43.347],[142.01,43.338],[142.01,43.327],[142.007,43.325],[142.001,43.314],[141.996,43.314],[141.991,43.307],[141.978,43.305],[141.959,43.298],[141.954,43.298],[141.941,43.288],[141.929,43.289],[141.919,43.293],[141.908,43.292],[141.89,43.285],[141.888,43.278],[141.877,43.275],[141.876,43.269],[141.86,43.259],[141.837,43.259],[141.826,43.249],[141.821,43.248],[141.808,43.256],[141.805,43.253],[141.801,43.23],[141.81,43.228],[141.817,43.231],[141.823,43.227],[141.825,43.21],[141.824,43.206],[141.84,43.201],[141.87,43.203],[141.889,43.195],[141.898,43.194],[141.907,43.201],[141.908,43.207],[141.918,43.207],[141.931,43.203],[141.937,43.2],[141.942,43.192],[141.958,43.194],[141.972,43.187],[141.987,43.185],[141.993,43.179],[142.007,43.172],[142.026,43.173],[142.039,43.15],[142.041,43.144],[142.05,43.143],[142.06,43.148],[142.059,43.155],[142.07,43.161],[142.073,43.165],[142.086,43.168],[142.097,43.165],[142.109,43.172],[142.117,43.174],[142.129,43.19],[142.152,43.194],[142.156,43.197],[142.152,43.205],[142.155,43.217],[142.161,43.224]]]]}},{"type":"Feature","properties":{"name":"根室市","code":"01223"},"geometry":{"type":"MultiPolygon","coordinates":[[[[145.598,43.222],[145.587,43.215],[145.587,43.207],[145.596,43.205],[145.609,43.211],[145.603,43.214],[145.598,43.222]]],[[[146.017,43.378],[146.005,43.371],[145.99,43.373],[145.998,43.364],[146.005,43.36],[146.011,43.365],[146.017,43.378]]],[[[145.326,43.173],[145.337,43.173],[145.341,43.179],[145.352,43.178],[145.371,43.183],[145.378,43.182],[145.425,43.187],[145.451,43.189],[145.477,43.188],[145.489,43.186],[145.496,43.182],[145.503,43.174],[145.504,43.169],[145.494,43.167],[145.496,43.159],[145.51,43.162],[145.523,43.167],[145.515,43.178],[145.507,43.183],[145.512,43.19],[145.519,43.186],[145.529,43.186],[145.535,43.191],[145.534,43.198],[145.529,43.199],[145.532,43.21],[145.545,43.212],[145.556,43.219],[145.55,43.223],[145.549,43.23],[145.553,43.234],[145.558,43.261],[145.568,43.278],[145.58,43.285],[145.585,43.279],[145.596,43.284],[145.606,43.297],[145.61,43.31],[145.618,43.315],[145.638,43.321],[145.659,43.321],[145.669,43.318],[145.676,43.32],[145.689,43.328],[145.701,43.328],[145.705,43.334],[145.716,43.337],[145.725,43.335],[145.735,43.331],[145.737,43.338],[145.755,43.339],[145.785,43.355],[145.789,43.36],[145.801,43.362],[145.807,43.37],[145.806,43.377],[145.816,43.386],[145.808,43.388],[145.786,43.386],[145.78,43.389],[145.761,43.392],[145.756,43.399],[145.751,43.397],[145.746,43.39],[145.742,43.391],[145.732,43.39],[145.721,43.383],[145.698,43.384],[145.677,43.389],[145.672,43.387],[145.662,43.393],[145.651,43.391],[145.647,43.386],[145.639,43.379],[145.639,43.375],[145.629,43.37],[145.623,43.363],[145.617,43.362],[145.61,43.357],[145.599,43.355],[145.588,43.348],[145.587,43.341],[145.579,43.34],[145.574,43.332],[145.565,43.326],[145.551,43.325],[145.553,43.318],[145.541,43.312],[145.532,43.312],[145.522,43.307],[145.525,43.303],[145.519,43.297],[145.514,43.296],[145.505,43.285],[145.504,43.279],[145.498,43.275],[145.493,43.267],[145.481,43.274],[145.472,43.273],[145.44,43.282],[145.435,43.285],[145.409,43.292],[145.397,43.291],[145.391,43.294],[145.38,43.29],[145.371,43.291],[145.343,43.311],[145.307,43.327],[145.287,43.33],[145.253,43.33],[145.252,43.318],[145.256,43.311],[145.256,43.3],[145.259,43.293],[145.253,43.291],[145.251,43.284],[145.24,43.277],[145.226,43.278],[145.217,43.27],[145.219,43.257],[145.21,43.251],[145.196,43.258],[145.226,43.206],[145.246,43.221],[145.268,43.227],[145.275,43.218],[145.283,43.212],[145.314,43.203],[145.317,43.187],[145.326,43.173]]],[[[146.167,43.423],[146.156,43.416],[146.164,43.413],[146.167,43.423]]],[[[146.099,43.448],[146.082,43.437],[146.088,43.435],[146.087,43.428],[146.069,43.426],[146.069,43.432],[146.061,43.433],[146.063,43.424],[146.056,43.423],[146.052,43.43],[146.039,43.424],[146.04,43.42],[146.028,43.415],[146.024,43.411],[146.046,43.403],[146.054,43.413],[146.061,43.416],[146.085,43.42],[146.092,43.423],[146.094,43.431],[146.107,43.432],[146.106,43.437],[146.101,43.442],[146.099,43.448]]],[[[145.888,43.462],[145.887,43.458],[145.879,43.456],[145.864,43.457],[145.87,43.451],[145.882,43.452],[145.896,43.447],[145.9,43.437],[145.897,43.428],[145.901,43.423],[145.92,43.427],[145.933,43.423],[145.95,43.423],[145.944,43.435],[145.936,43.437],[145.934,43.442],[145.939,43.45],[145.948,43.451],[145.943,43.457],[145.935,43.457],[145.928,43.449],[145.917,43.447],[145.898,43.449],[145.888,43.462]]],[[[146.135,43.549],[146.12,43.541],[146.109,43.541],[146.095,43.534],[146.084,43.534],[146.061,43.525],[146.073,43.521],[146.085,43.509],[146.089,43.501],[146.098,43.499],[146.107,43.488],[146.108,43.479],[146.117,43.473],[146.116,43.466],[146.125,43.462],[146.147,43.472],[146.163,43.474],[146.18,43.48],[146.188,43.484],[146.19,43.492],[146.178,43.502],[146.181,43.511],[146.197,43.528],[146.2,43.534],[146.179,43.532],[146.161,43.535],[146.15,43.539],[146.135,43.549]]],[[[146.312,43.651],[146.308,43.649],[146.31,43.64],[146.294,43.629],[146.295,43.625],[146.308,43.621],[146.319,43.623],[146.332,43.619],[146.341,43.619],[146.357,43.618],[146.356,43.624],[146.35,43.628],[146.352,43.638],[146.335,43.638],[146.328,43.639],[146.317,43.65],[146.312,43.651]]]]}},{"type":"Feature","properties":{"name":"千歳市","code":"01224"},"geometry":{"type":"MultiPolygon","coordinates":[[[[141.199,42.784],[141.194,42.778],[141.192,42.769],[141.182,42.761],[141.173,42.751],[141.172,42.744],[141.175,42.732],[141.181,42.724],[141.182,42.717],[141.189,42.711],[141.189,42.695],[141.191,42.686],[141.197,42.687],[141.207,42.696],[141.21,42.701],[141.219,42.699],[141.233,42.7],[141.244,42.698],[141.251,42.711],[141.259,42.714],[141.278,42.704],[141.284,42.703],[141.288,42.699],[141.3,42.693],[141.311,42.684],[141.323,42.683],[141.34,42.685],[141.351,42.684],[141.36,42.682],[141.372,42.686],[141.373,42.692],[141.383,42.695],[141.387,42.692],[141.403,42.717],[141.412,42.722],[141.411,42.734],[141.413,42.743],[141.41,42.763],[141.419,42.763],[141.438,42.76],[141.451,42.763],[141.461,42.755],[141.488,42.749],[141.504,42.748],[141.511,42.75],[141.529,42.747],[141.543,42.751],[141.561,42.743],[141.572,42.744],[141.593,42.759],[141.605,42.772],[141.621,42.772],[141.63,42.775],[141.649,42.777],[141.653,42.775],[141.669,42.775],[141.692,42.771],[141.706,42.77],[141.716,42.774],[141.722,42.78],[141.743,42.788],[141.757,42.792],[141.754,42.798],[141.761,42.803],[141.765,42.809],[141.77,42.808],[141.776,42.813],[141.776,42.823],[141.767,42.827],[141.764,42.833],[141.776,42.835],[141.79,42.841],[141.785,42.849],[141.795,42.857],[141.792,42.858],[141.794,42.867],[141.791,42.876],[141.795,42.879],[141.806,42.893],[141.816,42.894],[141.818,42.898],[141.837,42.908],[141.845,42.909],[141.867,42.918],[141.87,42.922],[141.859,42.931],[141.852,42.933],[141.841,42.929],[141.829,42.927],[141.822,42.93],[141.807,42.929],[141.804,42.931],[141.791,42.929],[141.781,42.932],[141.776,42.94],[141.763,42.951],[141.756,42.953],[141.757,42.945],[141.753,42.938],[141.747,42.935],[141.741,42.923],[141.731,42.922],[141.718,42.916],[141.71,42.915],[141.705,42.907],[141.707,42.9],[141.701,42.896],[141.693,42.899],[141.689,42.908],[141.682,42.911],[141.673,42.898],[141.67,42.889],[141.664,42.885],[141.653,42.889],[141.651,42.895],[141.655,42.902],[141.652,42.907],[141.66,42.912],[141.659,42.917],[141.651,42.926],[141.607,42.861],[141.604,42.858],[141.594,42.857],[141.578,42.841],[141.58,42.833],[141.568,42.833],[141.551,42.826],[141.544,42.83],[141.537,42.829],[141.53,42.831],[141.495,42.829],[141.486,42.824],[141.477,42.824],[141.467,42.819],[141.457,42.819],[141.45,42.822],[141.444,42.821],[141.445,42.814],[141.44,42.813],[141.432,42.815],[141.407,42.817],[141.392,42.816],[141.378,42.809],[141.38,42.802],[141.376,42.796],[141.369,42.802],[141.362,42.803],[141.336,42.812],[141.325,42.813],[141.318,42.811],[141.311,42.813],[141.296,42.815],[141.278,42.804],[141.271,42.81],[141.26,42.81],[141.256,42.815],[141.243,42.816],[141.236,42.821],[141.232,42.815],[141.222,42.812],[141.219,42.807],[141.224,42.8],[141.23,42.797],[141.231,42.792],[141.223,42.788],[141.199,42.784]]]]}},{"type":"Feature","properties":{"name":"滝川市","code":"01225"},"geometry":{"type":"MultiPolygon","coordinates":[[[[142.084,43.642],[142.065,43.631],[142.054,43.631],[142.045,43.636],[142.024,43.635],[142.009,43.641],[142.004,43.648],[141.979,43.659],[141.974,43.667],[141.962,43.669],[141.947,43.672],[141.931,43.669],[141.924,43.662],[141.915,43.662],[141.916,43.657],[141.907,43.645],[141.915,43.639],[141.917,43.634],[141.913,43.629],[141.905,43.628],[141.893,43.631],[141.882,43.623],[141.88,43.617],[141.882,43.607],[141.885,43.604],[141.879,43.594],[141.883,43.589],[141.884,43.581],[141.878,43.57],[141.879,43.566],[141.889,43.556],[141.892,43.55],[141.89,43.539],[141.902,43.532],[141.91,43.546],[141.926,43.55],[141.934,43.55],[141.947,43.561],[141.963,43.564],[141.964,43.558],[141.974,43.56],[141.978,43.558],[141.984,43.565],[141.987,43.576],[141.995,43.583],[141.994,43.598],[142.017,43.614],[142.027,43.617],[142.044,43.624],[142.048,43.625],[142.055,43.618],[142.06,43.617],[142.062,43.625],[142.067,43.628],[142.08,43.63],[142.084,43.642]]]]}},{"type":"Feature","properties":{"name":"砂川市","code":"01226"},"geometry":{"type":"MultiPolygon","coordinates":[[[[141.978,43.558],[141.974,43.56],[141.964,43.558],[141.963,43.564],[141.947,43.561],[141.934,43.55],[141.926,43.55],[141.91,43.546],[141.902,43.532],[141.89,43.539],[141.889,43.535],[141.897,43.525],[141.904,43.522],[141.902,43.516],[141.878,43.518],[141.874,43.514],[141.881,43.508],[141.899,43.513],[141.897,43.5],[141.889,43.492],[141.875,43.486],[141.869,43.477],[141.872,43.461],[141.945,43.449],[141.952,43.453],[141.954,43.458],[141.964,43.46],[141.976,43.472],[141.946,43.476],[141.949,43.485],[141.969,43.484],[141.97,43.493],[141.979,43.496],[141.987,43.502],[141.996,43.517],[141.994,43.521],[141.976,43.534],[141.975,43.541],[141.978,43.558]]]]}},{"type":"Feature","properties":{"name":"歌志内市","code":"01227"},"geometry":{"type":"MultiPolygon","coordinates":[[[[142.091,43.489],[142.091,43.499],[142.087,43.508],[142.082,43.51],[142.087,43.524],[142.074,43.524],[142.055,43.53],[142.049,43.535],[142.029,43.531],[142.011,43.524],[142.006,43.519],[142.0,43.523],[141.994,43.521],[141.996,43.517],[141.987,43.502],[141.979,43.496],[141.97,43.493],[141.969,43.484],[141.982,43.485],[141.992,43.483],[142.002,43.483],[142.008,43.478],[142.018,43.48],[142.019,43.471],[142.03,43.458],[142.051,43.441],[142.06,43.438],[142.072,43.436],[142.066,43.452],[142.065,43.466],[142.067,43.476],[142.08,43.49],[142.091,43.489]]]]}},{"type":"Feature","properties":{"name":"深川市","code":"01228"},"geometry":{"type":"MultiPolygon","coordinates":[[[[142.149,43.905],[142.14,43.919],[142.123,43.934],[142.12,43.946],[142.114,43.949],[142.115,43.956],[142.105,43.965],[142.112,43.972],[142.113,43.977],[142.105,43.986],[142.102,43.997],[142.096,44.001],[142.097,44.007],[142.091,44.015],[142.089,44.029],[142.093,44.029],[142.098,44.039],[142.095,44.045],[142.086,44.047],[142.066,44.048],[142.06,44.045],[142.058,44.037],[142.061,44.031],[142.054,44.019],[142.043,44.009],[142.041,44.0],[142.033,43.998],[142.034,43.994],[142.028,43.986],[142.028,43.976],[142.032,43.97],[142.026,43.964],[142.027,43.956],[142.023,43.945],[142.023,43.934],[142.028,43.921],[142.043,43.915],[142.045,43.908],[142.063,43.897],[142.063,43.894],[142.073,43.883],[142.078,43.872],[142.085,43.868],[142.073,43.845],[142.06,43.841],[142.039,43.832],[142.035,43.822],[142.028,43.82],[142.013,43.82],[142.013,43.804],[142.01,43.798],[142.001,43.75],[141.967,43.749],[141.983,43.722],[141.977,43.72],[141.981,43.713],[141.974,43.711],[141.984,43.695],[141.99,43.697],[141.995,43.688],[141.984,43.679],[141.971,43.675],[141.962,43.669],[141.974,43.667],[141.979,43.659],[142.004,43.648],[142.009,43.641],[142.024,43.635],[142.045,43.636],[142.054,43.631],[142.065,43.631],[142.084,43.642],[142.091,43.648],[142.095,43.645],[142.103,43.646],[142.107,43.641],[142.114,43.636],[142.132,43.641],[142.15,43.637],[142.165,43.636],[142.173,43.639],[142.19,43.637],[142.194,43.641],[142.204,43.634],[142.213,43.633],[142.224,43.64],[142.236,43.641],[142.239,43.652],[142.221,43.649],[142.209,43.646],[142.2,43.641],[142.195,43.646],[142.195,43.654],[142.186,43.666],[142.178,43.673],[142.175,43.681],[142.179,43.687],[142.179,43.699],[142.183,43.716],[142.173,43.721],[142.171,43.728],[142.176,43.731],[142.195,43.731],[142.2,43.735],[142.196,43.746],[142.197,43.755],[142.205,43.763],[142.211,43.766],[142.22,43.774],[142.227,43.776],[142.222,43.788],[142.228,43.796],[142.24,43.799],[142.238,43.808],[142.23,43.812],[142.214,43.83],[142.217,43.834],[142.209,43.838],[142.217,43.847],[142.22,43.856],[142.216,43.864],[142.211,43.867],[142.188,43.867],[142.179,43.871],[142.172,43.869],[142.159,43.875],[142.158,43.885],[142.162,43.892],[142.149,43.899],[142.149,43.905]]]]}},{"type":"Feature","properties":{"name":"富良野市","code":"01229"},"geometry":{"type":"MultiPolygon","coordinates":[[[[142.28,43.235],[142.29,43.238],[142.298,43.236],[142.295,43.229],[142.304,43.223],[142.32,43.207],[142.326,43.19],[142.323,43.174],[142.324,43.166],[142.329,43.16],[142.338,43.162],[142.348,43.159],[142.357,43.16],[142.358,43.166],[142.375,43.166],[142.371,43.177],[142.373,43.181],[142.386,43.183],[142.392,43.19],[142.396,43.2],[142.395,43.209],[142.416,43.209],[142.434,43.204],[142.442,43.192],[142.44,43.186],[142.452,43.177],[142.474,43.177],[142.478,43.174],[142.489,43.178],[142.501,43.178],[142.502,43.182],[142.527,43.196],[142.533,43.192],[142.557,43.189],[142.565,43.189],[142.577,43.196],[142.59,43.196],[142.599,43.203],[142.608,43.213],[142.62,43.214],[142.628,43.219],[142.638,43.219],[142.648,43.233],[142.66,43.236],[142.663,43.241],[142.669,43.243],[142.671,43.252],[142.663,43.258],[142.668,43.262],[142.678,43.273],[142.676,43.284],[142.669,43.288],[142.678,43.296],[142.672,43.298],[142.658,43.31],[142.655,43.321],[142.645,43.323],[142.636,43.333],[142.635,43.339],[142.63,43.342],[142.633,43.35],[142.646,43.353],[142.652,43.357],[142.651,43.364],[142.661,43.374],[142.67,43.385],[142.668,43.401],[142.655,43.396],[142.65,43.397],[142.64,43.394],[142.632,43.394],[142.617,43.384],[142.608,43.382],[142.601,43.389],[142.589,43.391],[142.566,43.383],[142.561,43.382],[142.562,43.372],[142.536,43.368],[142.528,43.361],[142.515,43.367],[142.485,43.363],[142.459,43.363],[142.454,43.362],[142.44,43.368],[142.426,43.351],[142.391,43.367],[142.378,43.375],[142.375,43.372],[142.354,43.379],[142.349,43.383],[142.346,43.391],[142.35,43.398],[142.341,43.392],[142.342,43.385],[142.351,43.378],[142.331,43.371],[142.313,43.36],[142.305,43.36],[142.293,43.351],[142.29,43.343],[142.295,43.337],[142.297,43.33],[142.281,43.322],[142.278,43.31],[142.272,43.303],[142.273,43.298],[142.286,43.289],[142.289,43.279],[142.278,43.253],[142.28,43.235]]]]}},{"type":"Feature","properties":{"name":"登別市","code":"01230"},"geometry":{"type":"MultiPolygon","coordinates":[[[[141.054,42.352],[141.053,42.358],[141.077,42.382],[141.098,42.4],[141.102,42.402],[141.139,42.429],[141.156,42.44],[141.165,42.44],[141.189,42.453],[141.182,42.457],[141.179,42.47],[141.173,42.473],[141.168,42.486],[141.162,42.497],[141.163,42.51],[141.171,42.514],[141.164,42.522],[141.149,42.525],[141.146,42.523],[141.134,42.524],[141.123,42.523],[141.124,42.537],[141.111,42.548],[141.1,42.554],[141.085,42.554],[141.078,42.554],[141.075,42.55],[141.065,42.545],[141.069,42.529],[141.053,42.529],[141.046,42.525],[141.04,42.518],[141.035,42.518],[141.023,42.511],[141.016,42.515],[141.008,42.513],[140.995,42.512],[140.993,42.507],[140.985,42.507],[140.977,42.503],[140.971,42.505],[140.969,42.499],[140.973,42.494],[140.973,42.472],[140.987,42.466],[140.987,42.46],[140.982,42.456],[140.981,42.444],[140.99,42.437],[141.004,42.436],[141.015,42.431],[141.017,42.424],[141.012,42.416],[141.018,42.407],[141.026,42.404],[141.03,42.397],[141.038,42.377],[141.039,42.366],[141.044,42.356],[141.054,42.352]]]]}},{"type":"Feature","properties":{"name":"恵庭市","code":"01231"},"geometry":{"type":"MultiPolygon","coordinates":[[[[141.236,42.821],[141.243,42.816],[141.256,42.815],[141.26,42.81],[141.271,42.81],[141.278,42.804],[141.296,42.815],[141.311,42.813],[141.318,42.811],[141.325,42.813],[141.336,42.812],[141.362,42.803],[141.369,42.802],[141.376,42.796],[141.38,42.802],[141.378,42.809],[141.392,42.816],[141.407,42.817],[141.432,42.815],[141.44,42.813],[141.445,42.814],[141.444,42.821],[141.45,42.822],[141.457,42.819],[141.467,42.819],[141.477,42.824],[141.486,42.824],[141.495,42.829],[141.53,42.831],[141.537,42.829],[141.544,42.83],[141.551,42.826],[141.568,42.833],[141.58,42.833],[141.578,42.841],[141.594,42.857],[141.604,42.858],[141.607,42.861],[141.651,42.926],[141.65,42.932],[141.653,42.941],[141.645,42.949],[141.637,42.95],[141.634,42.957],[141.633,42.969],[141.621,42.975],[141.625,42.98],[141.622,42.984],[141.605,42.987],[141.596,42.985],[141.597,42.978],[141.582,42.948],[141.563,42.938],[141.559,42.929],[141.538,42.923],[141.531,42.918],[141.504,42.918],[141.497,42.914],[141.472,42.897],[141.457,42.901],[141.435,42.897],[141.429,42.898],[141.421,42.891],[141.417,42.888],[141.395,42.89],[141.37,42.891],[141.368,42.885],[141.36,42.881],[141.358,42.876],[141.335,42.87],[141.321,42.873],[141.315,42.882],[141.303,42.887],[141.293,42.883],[141.286,42.874],[141.279,42.873],[141.257,42.864],[141.255,42.858],[141.256,42.848],[141.252,42.843],[141.243,42.84],[141.236,42.821]]]]}},{"type":"Feature","properties":{"name":"伊達市","code":"01233"},"geometry":{"type":"MultiPolygon","coordinates":[[[[140.99,42.437],[140.981,42.444],[140.982,42.456],[140.987,42.46],[140.987,42.466],[140.973,42.472],[140.973,42.494],[140.969,42.499],[140.971,42.505],[140.967,42.51],[140.97,42.519],[140.963,42.529],[140.957,42.531],[140.958,42.537],[140.94,42.543],[140.936,42.542],[140.926,42.545],[140.917,42.541],[140.913,42.543],[140.902,42.537],[140.881,42.533],[140.878,42.532],[140.826,42.542],[140.817,42.543],[140.798,42.533],[140.789,42.531],[140.773,42.52],[140.78,42.518],[140.783,42.501],[140.798,42.5],[140.808,42.495],[140.819,42.486],[140.828,42.478],[140.841,42.47],[140.862,42.466],[140.87,42.462],[140.881,42.45],[140.896,42.427],[140.902,42.415],[140.905,42.401],[140.908,42.38],[140.917,42.384],[140.933,42.388],[140.948,42.387],[140.956,42.394],[140.966,42.399],[140.975,42.407],[140.983,42.41],[140.985,42.415],[140.979,42.42],[140.983,42.432],[140.99,42.437]]],[[[141.093,42.823],[141.08,42.824],[141.071,42.827],[141.065,42.823],[141.064,42.812],[141.078,42.806],[141.086,42.797],[141.09,42.785],[141.08,42.771],[141.082,42.757],[141.079,42.748],[141.072,42.742],[141.058,42.737],[141.043,42.733],[141.04,42.716],[141.034,42.717],[141.01,42.716],[141.011,42.71],[141.0,42.705],[140.991,42.693],[140.989,42.684],[140.968,42.671],[140.966,42.653],[140.961,42.645],[141.025,42.611],[141.029,42.592],[141.045,42.594],[141.064,42.592],[141.072,42.59],[141.074,42.582],[141.085,42.579],[141.086,42.584],[141.093,42.595],[141.112,42.605],[141.114,42.612],[141.126,42.612],[141.147,42.622],[141.15,42.629],[141.143,42.634],[141.145,42.638],[141.156,42.643],[141.157,42.656],[141.163,42.665],[141.183,42.678],[141.184,42.683],[141.191,42.686],[141.189,42.695],[141.189,42.711],[141.182,42.717],[141.181,42.724],[141.175,42.732],[141.172,42.744],[141.173,42.751],[141.182,42.761],[141.192,42.769],[141.194,42.778],[141.199,42.784],[141.187,42.786],[141.17,42.782],[141.161,42.781],[141.156,42.786],[141.14,42.789],[141.133,42.804],[141.126,42.804],[141.119,42.81],[141.093,42.823]]]]}},{"type":"Feature","properties":{"name":"北広島市","code":"01234"},"geometry":{"type":"MultiPolygon","coordinates":[[[[141.482,43.007],[141.478,42.999],[141.481,42.994],[141.467,42.974],[141.462,42.959],[141.462,42.951],[141.455,42.941],[141.441,42.928],[141.434,42.924],[141.428,42.916],[141.421,42.914],[141.417,42.908],[141.414,42.896],[141.421,42.891],[141.429,42.898],[141.435,42.897],[141.457,42.901],[141.472,42.897],[141.497,42.914],[141.504,42.918],[141.531,42.918],[141.538,42.923],[141.559,42.929],[141.563,42.938],[141.582,42.948],[141.597,42.978],[141.596,42.985],[141.595,42.992],[141.587,42.996],[141.58,43.009],[141.581,43.017],[141.569,43.025],[141.549,43.022],[141.539,43.019],[141.53,43.019],[141.524,43.016],[141.505,43.021],[141.487,43.023],[141.488,43.014],[141.482,43.007]]]]}},{"type":"Feature","properties":{"name":"石狩市","code":"01235"},"geometry":{"type":"MultiPolygon","coordinates":[[[[141.405,43.189],[141.407,43.198],[141.417,43.202],[141.423,43.2],[141.419,43.225],[141.42,43.234],[141.413,43.236],[141.434,43.251],[141.438,43.245],[141.451,43.244],[141.467,43.254],[141.469,43.259],[141.477,43.259],[141.486,43.27],[141.501,43.295],[141.503,43.301],[141.512,43.302],[141.514,43.306],[141.525,43.312],[141.526,43.318],[141.531,43.327],[141.536,43.342],[141.537,43.364],[141.536,43.372],[141.54,43.376],[141.538,43.382],[141.545,43.403],[141.552,43.413],[141.559,43.419],[141.56,43.432],[141.557,43.436],[141.563,43.453],[141.563,43.458],[141.554,43.464],[141.557,43.472],[141.555,43.485],[141.558,43.491],[141.553,43.497],[141.552,43.502],[141.531,43.508],[141.531,43.515],[141.521,43.521],[141.523,43.538],[141.519,43.547],[141.504,43.562],[141.501,43.569],[141.51,43.572],[141.535,43.572],[141.546,43.569],[141.556,43.562],[141.565,43.565],[141.571,43.563],[141.584,43.566],[141.593,43.577],[141.595,43.584],[141.598,43.587],[141.588,43.595],[141.585,43.607],[141.579,43.613],[141.568,43.62],[141.563,43.62],[141.56,43.629],[141.545,43.637],[141.531,43.646],[141.527,43.648],[141.517,43.666],[141.51,43.669],[141.508,43.677],[141.498,43.683],[141.491,43.684],[141.48,43.688],[141.469,43.701],[141.453,43.701],[141.439,43.704],[141.432,43.711],[141.417,43.711],[141.412,43.719],[141.414,43.727],[141.405,43.738],[141.393,43.738],[141.379,43.73],[141.371,43.728],[141.347,43.734],[141.337,43.737],[141.33,43.725],[141.331,43.708],[141.339,43.693],[141.34,43.684],[141.349,43.667],[141.35,43.654],[141.352,43.641],[141.359,43.634],[141.366,43.617],[141.383,43.605],[141.386,43.591],[141.385,43.583],[141.376,43.558],[141.37,43.553],[141.36,43.537],[141.359,43.519],[141.362,43.511],[141.372,43.5],[141.374,43.491],[141.392,43.477],[141.399,43.462],[141.407,43.454],[141.413,43.442],[141.429,43.417],[141.432,43.389],[141.428,43.382],[141.425,43.37],[141.428,43.361],[141.421,43.342],[141.423,43.328],[141.414,43.316],[141.407,43.31],[141.397,43.296],[141.375,43.277],[141.368,43.268],[141.33,43.231],[141.315,43.221],[141.307,43.222],[141.304,43.215],[141.305,43.21],[141.294,43.208],[141.29,43.199],[141.294,43.186],[141.283,43.18],[141.27,43.171],[141.267,43.173],[141.247,43.159],[141.283,43.134],[141.312,43.146],[141.323,43.149],[141.333,43.149],[141.335,43.152],[141.349,43.16],[141.351,43.167],[141.358,43.176],[141.362,43.176],[141.38,43.172],[141.388,43.173],[141.395,43.183],[141.405,43.189]]]]}},{"type":"Feature","properties":{"name":"北斗市","code":"01236"},"geometry":{"type":"MultiPolygon","coordinates":[[[[140.7,41.846],[140.702,41.856],[140.694,41.854],[140.693,41.849],[140.686,41.847],[140.682,41.856],[140.683,41.867],[140.681,41.873],[140.671,41.871],[140.669,41.885],[140.676,41.889],[140.669,41.898],[140.667,41.912],[140.649,41.914],[140.633,41.923],[140.619,41.925],[140.614,41.929],[140.617,41.944],[140.61,41.954],[140.602,41.954],[140.601,41.96],[140.596,41.963],[140.59,41.959],[140.584,41.961],[140.58,41.961],[140.576,41.968],[140.57,41.968],[140.567,41.975],[140.56,41.979],[140.545,41.977],[140.546,41.984],[140.543,41.991],[140.526,41.996],[140.517,41.995],[140.515,41.988],[140.51,41.985],[140.499,41.988],[140.493,41.986],[140.484,41.988],[140.471,41.993],[140.464,41.986],[140.464,41.976],[140.469,41.965],[140.468,41.959],[140.471,41.954],[140.46,41.952],[140.457,41.945],[140.443,41.937],[140.453,41.93],[140.45,41.921],[140.459,41.911],[140.474,41.901],[140.468,41.883],[140.464,41.879],[140.461,41.864],[140.448,41.862],[140.451,41.858],[140.461,41.851],[140.46,41.845],[140.441,41.838],[140.428,41.832],[140.428,41.825],[140.435,41.815],[140.431,41.808],[140.435,41.804],[140.435,41.796],[140.45,41.788],[140.464,41.789],[140.47,41.785],[140.488,41.779],[140.495,41.773],[140.507,41.771],[140.509,41.767],[140.521,41.76],[140.528,41.753],[140.54,41.748],[140.55,41.745],[140.546,41.735],[140.556,41.723],[140.562,41.728],[140.578,41.731],[140.581,41.737],[140.602,41.743],[140.605,41.756],[140.604,41.763],[140.612,41.768],[140.614,41.778],[140.621,41.787],[140.618,41.795],[140.623,41.805],[140.635,41.815],[140.655,41.821],[140.665,41.822],[140.682,41.821],[140.702,41.815],[140.71,41.809],[140.72,41.817],[140.706,41.83],[140.7,41.846]]]]}},{"type":"Feature","properties":{"name":"石狩郡当別町","code":"01303"},"geometry":{"type":"MultiPolygon","coordinates":[[[[141.439,43.162],[141.449,43.163],[141.576,43.173],[141.567,43.238],[141.583,43.253],[141.592,43.266],[141.605,43.267],[141.607,43.273],[141.604,43.277],[141.62,43.284],[141.627,43.29],[141.611,43.29],[141.609,43.308],[141.601,43.319],[141.606,43.324],[141.604,43.331],[141.597,43.342],[141.592,43.342],[141.583,43.351],[141.596,43.361],[141.597,43.365],[141.596,43.381],[141.6,43.385],[141.609,43.386],[141.62,43.391],[141.633,43.402],[141.641,43.406],[141.645,43.414],[141.652,43.414],[141.652,43.422],[141.66,43.426],[141.662,43.433],[141.667,43.436],[141.676,43.436],[141.681,43.442],[141.692,43.446],[141.703,43.457],[141.713,43.454],[141.722,43.46],[141.728,43.471],[141.717,43.487],[141.697,43.496],[141.684,43.501],[141.673,43.498],[141.67,43.507],[141.661,43.515],[141.652,43.514],[141.647,43.523],[141.64,43.526],[141.628,43.54],[141.624,43.542],[141.627,43.556],[141.619,43.565],[141.615,43.574],[141.618,43.578],[141.6,43.585],[141.595,43.584],[141.593,43.577],[141.584,43.566],[141.571,43.563],[141.565,43.565],[141.556,43.562],[141.546,43.569],[141.535,43.572],[141.51,43.572],[141.501,43.569],[141.504,43.562],[141.519,43.547],[141.523,43.538],[141.521,43.521],[141.531,43.515],[141.531,43.508],[141.552,43.502],[141.553,43.497],[141.558,43.491],[141.555,43.485],[141.557,43.472],[141.554,43.464],[141.563,43.458],[141.563,43.453],[141.557,43.436],[141.56,43.432],[141.559,43.419],[141.552,43.413],[141.545,43.403],[141.538,43.382],[141.54,43.376],[141.536,43.372],[141.537,43.364],[141.536,43.342],[141.531,43.327],[141.526,43.318],[141.525,43.312],[141.514,43.306],[141.512,43.302],[141.503,43.301],[141.501,43.295],[141.486,43.27],[141.477,43.259],[141.469,43.259],[141.467,43.254],[141.451,43.244],[141.438,43.245],[141.434,43.251],[141.413,43.236],[141.42,43.234],[141.419,43.225],[141.423,43.2],[141.417,43.202],[141.407,43.198],[141.405,43.189],[141.409,43.186],[141.399,43.177],[141.404,43.17],[141.419,43.172],[141.425,43.168],[141.434,43.169],[141.439,43.162]]]]}},{"type":"Feature","properties":{"name":"石狩郡新篠津村","code":"01304"},"geometry":{"type":"MultiPolygon","coordinates":[[[[141.654,43.286],[141.62,43.284],[141.604,43.277],[141.607,43.273],[141.605,43.267],[141.592,43.266],[141.583,43.253],[141.567,43.238],[141.576,43.173],[141.579,43.158],[141.623,43.161],[141.611,43.167],[141.621,43.179],[141.634,43.19],[141.643,43.188],[141.65,43.191],[141.647,43.195],[141.649,43.2],[141.647,43.205],[141.65,43.21],[141.66,43.213],[141.655,43.221],[141.666,43.223],[141.673,43.228],[141.659,43.245],[141.659,43.251],[141.665,43.257],[141.649,43.267],[141.646,43.271],[141.656,43.274],[141.658,43.278],[141.654,43.286]]]]}},{"type":"Feature","properties":{"name":"松前郡福島町","code":"01332"},"geometry":{"type":"MultiPolygon","coordinates":[[[[140.205,41.405],[140.216,41.41],[140.217,41.417],[140.221,41.425],[140.237,41.441],[140.239,41.45],[140.244,41.453],[140.246,41.463],[140.256,41.466],[140.258,41.48],[140.271,41.486],[140.293,41.491],[140.301,41.491],[140.324,41.5],[140.337,41.507],[140.345,41.505],[140.353,41.512],[140.364,41.515],[140.374,41.516],[140.385,41.515],[140.404,41.519],[140.409,41.517],[140.409,41.525],[140.397,41.528],[140.396,41.532],[140.385,41.545],[140.373,41.543],[140.363,41.538],[140.362,41.529],[140.356,41.527],[140.348,41.53],[140.326,41.527],[140.316,41.53],[140.325,41.543],[140.325,41.552],[140.308,41.579],[140.305,41.586],[140.307,41.59],[140.296,41.594],[140.292,41.592],[140.287,41.582],[140.265,41.574],[140.251,41.577],[140.242,41.582],[140.238,41.588],[140.232,41.593],[140.223,41.593],[140.212,41.603],[140.211,41.613],[140.217,41.619],[140.214,41.624],[140.201,41.627],[140.194,41.62],[140.196,41.608],[140.194,41.6],[140.188,41.598],[140.184,41.59],[140.176,41.588],[140.164,41.577],[140.166,41.572],[140.176,41.562],[140.172,41.546],[140.182,41.539],[140.176,41.527],[140.169,41.525],[140.17,41.513],[140.168,41.509],[140.174,41.504],[140.178,41.494],[140.184,41.488],[140.184,41.481],[140.18,41.474],[140.19,41.47],[140.2,41.461],[140.198,41.452],[140.192,41.445],[140.198,41.439],[140.199,41.433],[140.207,41.43],[140.204,41.425],[140.208,41.414],[140.202,41.409],[140.205,41.405]]]]}},{"type":"Feature","properties":{"name":"上磯郡知内町","code":"01333"},"geometry":{"type":"MultiPolygon","coordinates":[[[[140.409,41.517],[140.433,41.542],[140.437,41.548],[140.437,41.559],[140.431,41.563],[140.429,41.575],[140.429,41.607],[140.433,41.65],[140.435,41.659],[140.424,41.654],[140.404,41.659],[140.387,41.669],[140.369,41.664],[140.358,41.664],[140.342,41.659],[140.333,41.652],[140.318,41.653],[140.308,41.661],[140.3,41.663],[140.282,41.663],[140.258,41.652],[140.249,41.641],[140.236,41.633],[140.226,41.634],[140.214,41.624],[140.217,41.619],[140.211,41.613],[140.212,41.603],[140.223,41.593],[140.232,41.593],[140.238,41.588],[140.242,41.582],[140.251,41.577],[140.265,41.574],[140.287,41.582],[140.292,41.592],[140.296,41.594],[140.307,41.59],[140.305,41.586],[140.308,41.579],[140.325,41.552],[140.325,41.543],[140.316,41.53],[140.326,41.527],[140.348,41.53],[140.356,41.527],[140.362,41.529],[140.363,41.538],[140.373,41.543],[140.385,41.545],[140.396,41.532],[140.397,41.528],[140.409,41.525],[140.409,41.517]]]]}},{"type":"Feature","properties":{"name":"上磯郡木古内町","code":"01334"},"geometry":{"type":"MultiPolygon","coordinates":[[[[140.431,41.808],[140.422,41.813],[140.409,41.813],[140.398,41.806],[140.388,41.808],[140.378,41.805],[140.372,41.794],[140.358,41.787],[140.353,41.786],[140.349,41.775],[140.352,41.767],[140.35,41.757],[140.341,41.751],[140.35,41.744],[140.35,41.738],[140.343,41.733],[140.34,41.722],[140.325,41.72],[140.322,41.716],[140.309,41.718],[140.305,41.712],[140.299,41.693],[140.303,41.689],[140.297,41.686],[140.296,41.681],[140.29,41.674],[140.282,41.671],[140.282,41.663],[140.3,41.663],[140.308,41.661],[140.318,41.653],[140.333,41.652],[140.342,41.659],[140.358,41.664],[140.369,41.664],[140.387,41.669],[140.404,41.659],[140.424,41.654],[140.435,41.659],[140.436,41.668],[140.442,41.681],[140.455,41.694],[140.462,41.697],[140.472,41.697],[140.478,41.701],[140.484,41.698],[140.504,41.699],[140.519,41.702],[140.527,41.701],[140.533,41.708],[140.549,41.721],[140.556,41.723],[140.546,41.735],[140.55,41.745],[140.54,41.748],[140.528,41.753],[140.521,41.76],[140.509,41.767],[140.507,41.771],[140.495,41.773],[140.488,41.779],[140.47,41.785],[140.464,41.789],[140.45,41.788],[140.435,41.796],[140.435,41.804],[140.431,41.808]]]]}},{"type":"Feature","properties":{"name":"亀田郡七飯町","code":"01337"},"geometry":{"type":"MultiPolygon","coordinates":[[[[140.787,41.931],[140.785,41.936],[140.783,41.952],[140.787,41.961],[140.787,41.973],[140.784,41.977],[140.785,41.984],[140.767,42.002],[140.755,42.002],[140.752,42.005],[140.74,42.005],[140.733,42.008],[140.742,42.015],[140.735,42.021],[140.729,42.042],[140.725,42.04],[140.704,42.05],[140.677,42.063],[140.699,42.008],[140.686,42.002],[140.669,42.0],[140.657,42.003],[140.646,42.0],[140.633,41.999],[140.632,41.994],[140.62,42.001],[140.616,42.006],[140.596,41.997],[140.59,41.996],[140.586,41.991],[140.588,41.986],[140.58,41.977],[140.576,41.976],[140.578,41.965],[140.584,41.961],[140.59,41.959],[140.596,41.963],[140.601,41.96],[140.602,41.954],[140.61,41.954],[140.617,41.944],[140.614,41.929],[140.619,41.925],[140.633,41.923],[140.649,41.914],[140.667,41.912],[140.669,41.898],[140.676,41.889],[140.669,41.885],[140.671,41.871],[140.681,41.873],[140.683,41.867],[140.682,41.856],[140.686,41.847],[140.693,41.849],[140.694,41.854],[140.702,41.856],[140.7,41.846],[140.717,41.849],[140.733,41.853],[140.736,41.861],[140.743,41.868],[140.752,41.872],[140.763,41.874],[140.767,41.877],[140.775,41.901],[140.783,41.911],[140.783,41.917],[140.787,41.931]]]]}},{"type":"Feature","properties":{"name":"茅部郡鹿部町","code":"01343"},"geometry":{"type":"MultiPolygon","coordinates":[[[[140.865,42.009],[140.853,42.014],[140.843,42.022],[140.821,42.034],[140.815,42.042],[140.812,42.051],[140.803,42.058],[140.804,42.068],[140.802,42.077],[140.788,42.077],[140.776,42.084],[140.767,42.097],[140.753,42.093],[140.736,42.077],[140.723,42.073],[140.688,42.071],[140.677,42.063],[140.704,42.05],[140.725,42.04],[140.729,42.042],[140.735,42.021],[140.742,42.015],[140.733,42.008],[140.74,42.005],[140.752,42.005],[140.755,42.002],[140.767,42.002],[140.785,41.984],[140.784,41.977],[140.787,41.973],[140.787,41.961],[140.783,41.952],[140.785,41.936],[140.787,41.931],[140.798,41.927],[140.802,41.933],[140.819,41.945],[140.826,41.954],[140.831,41.951],[140.838,41.96],[140.842,41.963],[140.84,41.97],[140.839,41.987],[140.842,41.994],[140.865,42.009]]]]}},{"type":"Feature","properties":{"name":"茅部郡森町","code":"01345"},"geometry":{"type":"MultiPolygon","coordinates":[[[[140.584,41.961],[140.578,41.965],[140.576,41.976],[140.58,41.977],[140.588,41.986],[140.586,41.991],[140.59,41.996],[140.596,41.997],[140.616,42.006],[140.62,42.001],[140.632,41.994],[140.633,41.999],[140.646,42.0],[140.657,42.003],[140.669,42.0],[140.686,42.002],[140.699,42.008],[140.677,42.063],[140.688,42.071],[140.723,42.073],[140.736,42.077],[140.753,42.093],[140.767,42.097],[140.762,42.114],[140.759,42.117],[140.744,42.12],[140.726,42.128],[140.715,42.137],[140.705,42.137],[140.695,42.129],[140.689,42.126],[140.675,42.126],[140.665,42.129],[140.654,42.128],[140.615,42.115],[140.579,42.108],[140.551,42.113],[140.535,42.121],[140.529,42.122],[140.514,42.129],[140.507,42.136],[140.498,42.147],[140.484,42.156],[140.476,42.158],[140.463,42.166],[140.457,42.177],[140.451,42.17],[140.439,42.168],[140.434,42.163],[140.427,42.163],[140.413,42.15],[140.398,42.134],[140.394,42.123],[140.414,42.114],[140.415,42.109],[140.421,42.102],[140.42,42.096],[140.429,42.085],[140.425,42.083],[140.423,42.073],[140.432,42.062],[140.434,42.047],[140.431,42.034],[140.433,42.028],[140.429,42.023],[140.454,42.012],[140.466,41.997],[140.471,41.993],[140.484,41.988],[140.493,41.986],[140.499,41.988],[140.51,41.985],[140.515,41.988],[140.517,41.995],[140.526,41.996],[140.543,41.991],[140.546,41.984],[140.545,41.977],[140.56,41.979],[140.567,41.975],[140.57,41.968],[140.576,41.968],[140.58,41.961],[140.584,41.961]]]]}},{"type":"Feature","properties":{"name":"二海郡八雲町","code":"01346"},"geometry":{"type":"MultiPolygon","coordinates":[[[[139.922,42.135],[139.948,42.129],[139.96,42.129],[139.964,42.131],[139.973,42.128],[139.992,42.128],[139.999,42.122],[140.011,42.121],[140.024,42.115],[140.041,42.099],[140.057,42.083],[140.06,42.076],[140.067,42.07],[140.071,42.06],[140.078,42.062],[140.087,42.068],[140.104,42.073],[140.108,42.071],[140.136,42.069],[140.146,42.073],[140.155,42.064],[140.175,42.07],[140.193,42.068],[140.194,42.079],[140.199,42.087],[140.212,42.088],[140.222,42.093],[140.229,42.085],[140.22,42.079],[140.235,42.071],[140.238,42.067],[140.246,42.065],[140.248,42.06],[140.257,42.059],[140.273,42.054],[140.28,42.048],[140.288,42.051],[140.298,42.051],[140.303,42.054],[140.312,42.053],[140.322,42.042],[140.332,42.045],[140.344,42.043],[140.352,42.036],[140.36,42.039],[140.361,42.043],[140.379,42.043],[140.388,42.03],[140.401,42.025],[140.424,42.025],[140.429,42.023],[140.433,42.028],[140.431,42.034],[140.434,42.047],[140.432,42.062],[140.423,42.073],[140.425,42.083],[140.429,42.085],[140.42,42.096],[140.421,42.102],[140.415,42.109],[140.414,42.114],[140.394,42.123],[140.398,42.134],[140.413,42.15],[140.427,42.163],[140.434,42.163],[140.439,42.168],[140.451,42.17],[140.457,42.177],[140.443,42.18],[140.434,42.191],[140.425,42.193],[140.418,42.199],[140.41,42.201],[140.399,42.216],[140.388,42.222],[140.377,42.225],[140.371,42.223],[140.348,42.225],[140.333,42.229],[140.321,42.235],[140.307,42.237],[140.296,42.244],[140.284,42.256],[140.276,42.279],[140.275,42.295],[140.277,42.321],[140.285,42.349],[140.294,42.375],[140.282,42.384],[140.271,42.387],[140.256,42.38],[140.233,42.38],[140.224,42.385],[140.224,42.393],[140.231,42.395],[140.216,42.393],[140.212,42.388],[140.206,42.387],[140.187,42.379],[140.17,42.373],[140.16,42.372],[140.152,42.36],[140.147,42.356],[140.133,42.358],[140.131,42.351],[140.125,42.343],[140.118,42.344],[140.098,42.342],[140.094,42.338],[140.086,42.335],[140.092,42.329],[140.09,42.324],[140.094,42.316],[140.087,42.314],[140.082,42.307],[140.086,42.301],[140.068,42.291],[140.058,42.279],[140.051,42.277],[140.041,42.284],[140.027,42.282],[140.022,42.273],[140.015,42.272],[140.021,42.262],[140.03,42.256],[140.027,42.248],[140.035,42.237],[140.038,42.223],[140.03,42.22],[140.016,42.222],[140.01,42.219],[140.003,42.211],[140.004,42.203],[139.992,42.198],[139.979,42.201],[139.969,42.206],[139.963,42.204],[139.951,42.191],[139.943,42.19],[139.937,42.184],[139.937,42.168],[139.928,42.153],[139.929,42.14],[139.922,42.135]]]]}},{"type":"Feature","properties":{"name":"山越郡長万部町","code":"01347"},"geometry":{"type":"MultiPolygon","coordinates":[[[[140.294,42.375],[140.309,42.407],[140.329,42.442],[140.357,42.485],[140.373,42.504],[140.399,42.532],[140.414,42.546],[140.441,42.568],[140.467,42.585],[140.476,42.589],[140.493,42.584],[140.511,42.584],[140.516,42.589],[140.537,42.587],[140.544,42.595],[140.545,42.603],[140.53,42.593],[140.49,42.59],[140.482,42.594],[140.464,42.607],[140.453,42.605],[140.446,42.609],[140.433,42.609],[140.425,42.607],[140.426,42.599],[140.418,42.596],[140.41,42.59],[140.399,42.591],[140.393,42.593],[140.385,42.591],[140.38,42.598],[140.371,42.602],[140.36,42.614],[140.344,42.622],[140.329,42.622],[140.318,42.628],[140.3,42.622],[140.292,42.624],[140.277,42.604],[140.248,42.604],[140.238,42.598],[140.222,42.602],[140.216,42.608],[140.194,42.608],[140.189,42.603],[140.191,42.596],[140.189,42.587],[140.193,42.583],[140.201,42.581],[140.212,42.573],[140.229,42.573],[140.232,42.566],[140.245,42.569],[140.249,42.566],[140.248,42.556],[140.255,42.552],[140.262,42.553],[140.266,42.549],[140.263,42.54],[140.256,42.529],[140.24,42.515],[140.236,42.501],[140.226,42.486],[140.211,42.477],[140.215,42.467],[140.216,42.457],[140.213,42.448],[140.216,42.447],[140.226,42.433],[140.231,42.431],[140.225,42.424],[140.231,42.41],[140.237,42.403],[140.23,42.4],[140.231,42.395],[140.224,42.393],[140.224,42.385],[140.233,42.38],[140.256,42.38],[140.271,42.387],[140.282,42.384],[140.294,42.375]]]]}},{"type":"Feature","properties":{"name":"檜山郡江差町","code":"01361"},"geometry":{"type":"MultiPolygon","coordinates":[[[[140.261,41.976],[140.253,41.977],[140.233,41.967],[140.222,41.967],[140.196,41.959],[140.183,41.956],[140.17,41.962],[140.155,41.961],[140.15,41.963],[140.141,41.96],[140.133,41.953],[140.14,41.929],[140.141,41.914],[140.136,41.906],[140.139,41.894],[140.134,41.887],[140.131,41.872],[140.12,41.867],[140.126,41.855],[140.125,41.839],[140.123,41.825],[140.135,41.815],[140.155,41.814],[140.172,41.811],[140.175,41.812],[140.188,41.812],[140.197,41.81],[140.213,41.812],[140.223,41.82],[140.222,41.827],[140.224,41.834],[140.218,41.84],[140.207,41.846],[140.211,41.857],[140.209,41.867],[140.223,41.874],[140.231,41.884],[140.231,41.888],[140.214,41.892],[140.202,41.892],[140.196,41.896],[140.18,41.899],[140.164,41.908],[140.151,41.909],[140.156,41.917],[140.153,41.924],[140.163,41.926],[140.174,41.927],[140.192,41.922],[140.208,41.928],[140.216,41.927],[140.224,41.94],[140.236,41.94],[140.237,41.948],[140.243,41.952],[140.244,41.962],[140.253,41.964],[140.254,41.97],[140.261,41.976]]]]}},{"type":"Feature","properties":{"name":"檜山郡上ノ国町","code":"01362"},"geometry":{"type":"MultiPolygon","coordinates":[[[[140.164,41.577],[140.176,41.588],[140.184,41.59],[140.188,41.598],[140.194,41.6],[140.196,41.608],[140.194,41.62],[140.201,41.627],[140.214,41.624],[140.226,41.634],[140.236,41.633],[140.249,41.641],[140.258,41.652],[140.282,41.66],[140.282,41.671],[140.29,41.674],[140.296,41.681],[140.297,41.686],[140.303,41.689],[140.299,41.693],[140.305,41.712],[140.309,41.718],[140.322,41.716],[140.325,41.72],[140.34,41.722],[140.343,41.733],[140.35,41.738],[140.35,41.744],[140.341,41.751],[140.35,41.757],[140.352,41.767],[140.349,41.775],[140.353,41.786],[140.358,41.787],[140.345,41.8],[140.333,41.803],[140.325,41.801],[140.315,41.81],[140.302,41.815],[140.299,41.821],[140.29,41.83],[140.282,41.829],[140.268,41.839],[140.256,41.842],[140.249,41.847],[140.245,41.844],[140.231,41.851],[140.226,41.855],[140.211,41.857],[140.207,41.846],[140.218,41.84],[140.224,41.834],[140.222,41.827],[140.223,41.82],[140.213,41.812],[140.197,41.81],[140.188,41.812],[140.175,41.812],[140.172,41.811],[140.155,41.814],[140.135,41.815],[140.123,41.825],[140.115,41.81],[140.109,41.805],[140.098,41.808],[140.084,41.809],[140.07,41.805],[140.073,41.799],[140.073,41.776],[140.067,41.76],[140.055,41.743],[140.05,41.739],[140.04,41.724],[140.03,41.717],[140.024,41.706],[140.008,41.691],[140.009,41.683],[140.004,41.675],[140.003,41.652],[139.997,41.647],[139.999,41.642],[139.994,41.63],[139.999,41.632],[140.012,41.629],[140.026,41.632],[140.035,41.627],[140.04,41.618],[140.049,41.61],[140.059,41.606],[140.062,41.602],[140.063,41.593],[140.091,41.59],[140.099,41.592],[140.111,41.585],[140.118,41.576],[140.13,41.583],[140.139,41.582],[140.15,41.584],[140.164,41.577]]]]}},{"type":"Feature","properties":{"name":"蘂取郡蘂取村","code":"01700"},"geometry":{"type":"MultiPolygon","coordinates":[[[[148.366,45.227],[148.384,45.229],[148.391,45.234],[148.402,45.232],[148.419,45.244],[148.434,45.252],[148.442,45.253],[148.454,45.249],[148.461,45.251],[148.469,45.258],[148.485,45.261],[148.492,45.257],[148.501,45.261],[148.499,45.268],[148.505,45.279],[148.518,45.28],[148.531,45.293],[148.543,45.296],[148.552,45.304],[148.557,45.305],[148.563,45.312],[148.574,45.317],[148.595,45.318],[148.613,45.325],[148.622,45.331],[148.643,45.335],[148.65,45.331],[148.66,45.333],[148.679,45.335],[148.693,45.334],[148.712,45.336],[148.726,45.334],[148.74,45.338],[148.755,45.334],[148.771,45.327],[148.777,45.323],[148.783,45.327],[148.8,45.335],[148.818,45.338],[148.842,45.337],[148.848,45.346],[148.842,45.35],[148.843,45.355],[148.852,45.357],[148.857,45.367],[148.869,45.379],[148.869,45.384],[148.876,45.388],[148.875,45.397],[148.86,45.409],[148.852,45.419],[148.844,45.42],[148.841,45.424],[148.829,45.428],[148.826,45.441],[148.827,45.449],[148.832,45.459],[148.838,45.463],[148.855,45.47],[148.874,45.475],[148.891,45.487],[148.893,45.51],[148.89,45.518],[148.877,45.526],[148.872,45.532],[148.857,45.54],[148.841,45.544],[148.838,45.551],[148.829,45.548],[148.811,45.553],[148.799,45.552],[148.785,45.556],[148.765,45.555],[148.755,45.554],[148.744,45.55],[148.71,45.542],[148.67,45.537],[148.66,45.539],[148.652,45.537],[148.639,45.523],[148.641,45.517],[148.639,45.509],[148.624,45.499],[148.614,45.498],[148.607,45.491],[148.587,45.491],[148.578,45.489],[148.566,45.469],[148.558,45.466],[148.557,45.458],[148.546,45.451],[148.53,45.45],[148.521,45.447],[148.512,45.432],[148.495,45.421],[148.486,45.421],[148.481,45.41],[148.47,45.4],[148.48,45.386],[148.475,45.379],[148.466,45.375],[148.46,45.377],[148.455,45.366],[148.459,45.36],[148.448,45.359],[148.445,45.353],[148.43,45.345],[148.426,45.346],[148.417,45.337],[148.42,45.329],[148.403,45.327],[148.393,45.32],[148.383,45.32],[148.361,45.309],[148.352,45.307],[148.352,45.302],[148.343,45.296],[148.343,45.291],[148.348,45.286],[148.35,45.233],[148.366,45.227]]]]}},{"type":"Feature","properties":{"name":"檜山郡厚沢部町","code":"01363"},"geometry":{"type":"MultiPolygon","coordinates":[[[[140.471,41.993],[140.466,41.997],[140.454,42.012],[140.429,42.023],[140.424,42.025],[140.401,42.025],[140.388,42.03],[140.379,42.043],[140.361,42.043],[140.36,42.039],[140.352,42.036],[140.344,42.043],[140.332,42.045],[140.322,42.042],[140.312,42.053],[140.303,42.054],[140.298,42.051],[140.288,42.051],[140.28,42.048],[140.271,42.031],[140.272,42.028],[140.262,42.022],[140.266,42.004],[140.271,41.991],[140.264,41.987],[140.266,41.981],[140.261,41.976],[140.254,41.97],[140.253,41.964],[140.244,41.962],[140.243,41.952],[140.237,41.948],[140.236,41.94],[140.224,41.94],[140.216,41.927],[140.208,41.928],[140.192,41.922],[140.174,41.927],[140.163,41.926],[140.153,41.924],[140.156,41.917],[140.151,41.909],[140.164,41.908],[140.18,41.899],[140.196,41.896],[140.202,41.892],[140.214,41.892],[140.231,41.888],[140.231,41.884],[140.223,41.874],[140.209,41.867],[140.211,41.857],[140.226,41.855],[140.231,41.851],[140.245,41.844],[140.249,41.847],[140.256,41.842],[140.268,41.839],[140.282,41.829],[140.29,41.83],[140.299,41.821],[140.302,41.815],[140.315,41.81],[140.325,41.801],[140.333,41.803],[140.345,41.8],[140.358,41.787],[140.372,41.794],[140.378,41.805],[140.388,41.808],[140.398,41.806],[140.409,41.813],[140.422,41.813],[140.431,41.808],[140.435,41.815],[140.428,41.825],[140.428,41.832],[140.441,41.838],[140.46,41.845],[140.461,41.851],[140.451,41.858],[140.448,41.862],[140.461,41.864],[140.464,41.879],[140.468,41.883],[140.474,41.901],[140.459,41.911],[140.45,41.921],[140.453,41.93],[140.443,41.937],[140.457,41.945],[140.46,41.952],[140.471,41.954],[140.468,41.959],[140.469,41.965],[140.464,41.976],[140.464,41.986],[140.471,41.993]]]]}},{"type":"Feature","properties":{"name":"爾志郡乙部町","code":"01364"},"geometry":{"type":"MultiPolygon","coordinates":[[[[140.071,42.06],[140.072,42.054],[140.084,42.046],[140.086,42.039],[140.096,42.033],[140.1,42.021],[140.106,42.013],[140.103,42.008],[140.119,42.004],[140.122,42.0],[140.127,41.98],[140.133,41.975],[140.127,41.962],[140.133,41.953],[140.141,41.96],[140.15,41.963],[140.155,41.961],[140.17,41.962],[140.183,41.956],[140.196,41.959],[140.222,41.967],[140.233,41.967],[140.253,41.977],[140.261,41.976],[140.266,41.981],[140.264,41.987],[140.271,41.991],[140.266,42.004],[140.262,42.022],[140.272,42.028],[140.271,42.031],[140.28,42.048],[140.273,42.054],[140.257,42.059],[140.248,42.06],[140.246,42.065],[140.238,42.067],[140.235,42.071],[140.22,42.079],[140.229,42.085],[140.222,42.093],[140.212,42.088],[140.199,42.087],[140.194,42.079],[140.193,42.068],[140.175,42.07],[140.155,42.064],[140.146,42.073],[140.136,42.069],[140.108,42.071],[140.104,42.073],[140.087,42.068],[140.078,42.062],[140.071,42.06]]]]}},{"type":"Feature","properties":{"name":"奥尻郡奥尻町","code":"01367"},"geometry":{"type":"MultiPolygon","coordinates":[[[[139.56,42.249],[139.55,42.239],[139.537,42.233],[139.496,42.226],[139.481,42.222],[139.473,42.222],[139.463,42.216],[139.442,42.217],[139.436,42.216],[139.425,42.205],[139.426,42.197],[139.41,42.18],[139.407,42.178],[139.411,42.17],[139.405,42.164],[139.413,42.156],[139.416,42.147],[139.423,42.136],[139.423,42.129],[139.418,42.115],[139.423,42.108],[139.425,42.101],[139.423,42.095],[139.425,42.087],[139.421,42.071],[139.426,42.071],[139.435,42.067],[139.45,42.061],[139.458,42.068],[139.472,42.072],[139.477,42.071],[139.485,42.074],[139.496,42.083],[139.497,42.088],[139.505,42.098],[139.506,42.108],[139.512,42.118],[139.515,42.13],[139.52,42.138],[139.518,42.143],[139.523,42.154],[139.517,42.159],[139.517,42.176],[139.521,42.186],[139.534,42.197],[139.546,42.204],[139.551,42.21],[139.551,42.219],[139.561,42.229],[139.562,42.242],[139.56,42.249]]]]}},{"type":"Feature","properties":{"name":"瀬棚郡今金町","code":"01370"},"geometry":{"type":"MultiPolygon","coordinates":[[[[140.015,42.272],[140.022,42.273],[140.027,42.282],[140.041,42.284],[140.051,42.277],[140.058,42.279],[140.068,42.291],[140.086,42.301],[140.082,42.307],[140.087,42.314],[140.094,42.316],[140.09,42.324],[140.092,42.329],[140.086,42.335],[140.094,42.338],[140.098,42.342],[140.118,42.344],[140.125,42.343],[140.131,42.351],[140.133,42.358],[140.147,42.356],[140.152,42.36],[140.16,42.372],[140.17,42.373],[140.187,42.379],[140.206,42.387],[140.212,42.388],[140.216,42.393],[140.231,42.395],[140.23,42.4],[140.237,42.403],[140.231,42.41],[140.225,42.424],[140.231,42.431],[140.226,42.433],[140.216,42.447],[140.213,42.448],[140.216,42.457],[140.215,42.467],[140.211,42.477],[140.226,42.486],[140.236,42.501],[140.24,42.515],[140.256,42.529],[140.263,42.54],[140.266,42.549],[140.262,42.553],[140.255,42.552],[140.248,42.556],[140.249,42.566],[140.245,42.569],[140.232,42.566],[140.229,42.573],[140.212,42.573],[140.201,42.581],[140.193,42.583],[140.189,42.587],[140.191,42.596],[140.189,42.603],[140.185,42.612],[140.177,42.613],[140.172,42.618],[140.151,42.616],[140.148,42.6],[140.158,42.593],[140.152,42.58],[140.143,42.579],[140.14,42.569],[140.142,42.565],[140.128,42.561],[140.123,42.549],[140.117,42.545],[140.109,42.546],[140.098,42.554],[140.075,42.559],[140.062,42.557],[140.051,42.554],[140.037,42.56],[140.03,42.556],[140.029,42.545],[140.013,42.536],[140.009,42.531],[139.989,42.524],[139.981,42.516],[139.97,42.509],[139.971,42.499],[139.983,42.492],[139.99,42.483],[139.99,42.476],[139.981,42.462],[139.976,42.46],[139.975,42.452],[139.969,42.451],[139.967,42.442],[139.959,42.435],[139.958,42.422],[139.947,42.417],[139.938,42.411],[139.928,42.414],[139.922,42.413],[139.942,42.399],[139.952,42.397],[139.959,42.391],[139.952,42.38],[139.952,42.37],[139.958,42.364],[139.964,42.345],[139.962,42.337],[139.967,42.331],[139.971,42.318],[139.981,42.31],[139.986,42.302],[139.989,42.286],[139.998,42.277],[140.005,42.273],[140.015,42.272]]]]}},{"type":"Feature","properties":{"name":"寿都郡寿都町","code":"01392"},"geometry":{"type":"MultiPolygon","coordinates":[[[[140.223,42.742],[140.252,42.721],[140.26,42.723],[140.257,42.73],[140.263,42.736],[140.278,42.73],[140.298,42.725],[140.296,42.743],[140.29,42.746],[140.291,42.758],[140.28,42.761],[140.282,42.766],[140.296,42.771],[140.316,42.763],[140.334,42.765],[140.341,42.764],[140.352,42.766],[140.363,42.763],[140.371,42.769],[140.372,42.775],[140.377,42.785],[140.38,42.787],[140.377,42.795],[140.38,42.812],[140.375,42.818],[140.378,42.824],[140.372,42.832],[140.372,42.838],[140.368,42.846],[140.374,42.85],[140.366,42.858],[140.368,42.866],[140.359,42.878],[140.359,42.874],[140.347,42.858],[140.334,42.848],[140.327,42.845],[140.309,42.831],[140.305,42.825],[140.304,42.813],[140.31,42.795],[140.308,42.786],[140.304,42.777],[140.289,42.772],[140.266,42.767],[140.246,42.768],[140.24,42.776],[140.237,42.785],[140.238,42.792],[140.229,42.798],[140.222,42.806],[140.205,42.809],[140.187,42.827],[140.182,42.817],[140.173,42.806],[140.18,42.801],[140.193,42.794],[140.199,42.795],[140.206,42.789],[140.21,42.782],[140.208,42.772],[140.215,42.77],[140.223,42.761],[140.219,42.751],[140.223,42.742]]]]}},{"type":"Feature","properties":{"name":"寿都郡黒松内町","code":"01393"},"geometry":{"type":"MultiPolygon","coordinates":[[[[140.545,42.603],[140.545,42.607],[140.534,42.613],[140.533,42.616],[140.543,42.621],[140.557,42.635],[140.551,42.641],[140.541,42.646],[140.541,42.652],[140.529,42.657],[140.521,42.658],[140.521,42.665],[140.515,42.675],[140.517,42.68],[140.509,42.684],[140.515,42.69],[140.514,42.698],[140.508,42.7],[140.494,42.699],[140.466,42.69],[140.45,42.696],[140.441,42.696],[140.432,42.705],[140.41,42.707],[140.405,42.703],[140.396,42.708],[140.393,42.714],[140.378,42.726],[140.363,42.74],[140.359,42.749],[140.363,42.763],[140.352,42.766],[140.341,42.764],[140.334,42.765],[140.316,42.763],[140.296,42.771],[140.282,42.766],[140.28,42.761],[140.291,42.758],[140.29,42.746],[140.296,42.743],[140.298,42.725],[140.278,42.73],[140.263,42.736],[140.257,42.73],[140.26,42.723],[140.252,42.721],[140.223,42.742],[140.215,42.736],[140.215,42.732],[140.195,42.718],[140.201,42.715],[140.208,42.706],[140.206,42.698],[140.216,42.688],[140.21,42.682],[140.211,42.673],[140.209,42.668],[140.216,42.653],[140.222,42.651],[140.232,42.636],[140.224,42.623],[140.23,42.62],[140.231,42.615],[140.216,42.608],[140.222,42.602],[140.238,42.598],[140.248,42.604],[140.277,42.604],[140.292,42.624],[140.3,42.622],[140.318,42.628],[140.329,42.622],[140.344,42.622],[140.36,42.614],[140.371,42.602],[140.38,42.598],[140.385,42.591],[140.393,42.593],[140.399,42.591],[140.41,42.59],[140.418,42.596],[140.426,42.599],[140.425,42.607],[140.433,42.609],[140.446,42.609],[140.453,42.605],[140.464,42.607],[140.482,42.594],[140.49,42.59],[140.53,42.593],[140.545,42.603]]]]}},{"type":"Feature","properties":{"name":"磯谷郡蘭越町","code":"01394"},"geometry":{"type":"MultiPolygon","coordinates":[[[[140.363,42.763],[140.359,42.749],[140.363,42.74],[140.378,42.726],[140.393,42.714],[140.396,42.708],[140.405,42.703],[140.41,42.707],[140.432,42.705],[140.441,42.696],[140.45,42.696],[140.466,42.69],[140.494,42.699],[140.508,42.7],[140.514,42.698],[140.515,42.69],[140.509,42.684],[140.517,42.68],[140.515,42.675],[140.521,42.665],[140.521,42.658],[140.529,42.657],[140.541,42.652],[140.541,42.646],[140.551,42.641],[140.557,42.635],[140.557,42.643],[140.566,42.651],[140.561,42.655],[140.568,42.663],[140.577,42.665],[140.574,42.675],[140.576,42.679],[140.57,42.683],[140.565,42.702],[140.565,42.712],[140.562,42.717],[140.568,42.727],[140.575,42.732],[140.582,42.743],[140.581,42.753],[140.592,42.77],[140.601,42.781],[140.604,42.79],[140.601,42.796],[140.613,42.805],[140.622,42.802],[140.632,42.804],[140.627,42.825],[140.623,42.828],[140.62,42.846],[140.623,42.854],[140.621,42.858],[140.625,42.865],[140.637,42.869],[140.642,42.877],[140.637,42.886],[140.621,42.883],[140.618,42.888],[140.61,42.889],[140.59,42.888],[140.581,42.891],[140.575,42.899],[140.566,42.901],[140.556,42.896],[140.535,42.902],[140.52,42.899],[140.512,42.904],[140.511,42.911],[140.504,42.913],[140.495,42.912],[140.482,42.901],[140.47,42.904],[140.457,42.911],[140.45,42.908],[140.435,42.905],[140.427,42.907],[140.415,42.907],[140.398,42.911],[140.381,42.906],[140.378,42.897],[140.363,42.88],[140.359,42.878],[140.368,42.866],[140.366,42.858],[140.374,42.85],[140.368,42.846],[140.372,42.838],[140.372,42.832],[140.378,42.824],[140.375,42.818],[140.38,42.812],[140.377,42.795],[140.38,42.787],[140.377,42.785],[140.372,42.775],[140.371,42.769],[140.363,42.763]]]]}},{"type":"Feature","properties":{"name":"虻田郡ニセコ町","code":"01395"},"geometry":{"type":"MultiPolygon","coordinates":[[[[140.562,42.717],[140.574,42.716],[140.591,42.708],[140.602,42.707],[140.613,42.711],[140.627,42.71],[140.635,42.707],[140.655,42.71],[140.669,42.708],[140.677,42.71],[140.691,42.717],[140.704,42.718],[140.719,42.716],[140.738,42.715],[140.746,42.714],[140.753,42.709],[140.761,42.711],[140.765,42.721],[140.78,42.722],[140.768,42.73],[140.758,42.731],[140.759,42.736],[140.728,42.737],[140.72,42.744],[140.72,42.757],[140.727,42.757],[140.728,42.777],[140.735,42.777],[140.736,42.784],[140.754,42.783],[140.757,42.793],[140.801,42.822],[140.807,42.827],[140.719,42.844],[140.715,42.833],[140.718,42.829],[140.702,42.822],[140.686,42.846],[140.672,42.862],[140.671,42.865],[140.651,42.878],[140.642,42.877],[140.637,42.869],[140.625,42.865],[140.621,42.858],[140.623,42.854],[140.62,42.846],[140.623,42.828],[140.627,42.825],[140.632,42.804],[140.622,42.802],[140.613,42.805],[140.601,42.796],[140.604,42.79],[140.601,42.781],[140.592,42.77],[140.581,42.753],[140.582,42.743],[140.575,42.732],[140.568,42.727],[140.562,42.717]]]]}},{"type":"Feature","properties":{"name":"虻田郡真狩村","code":"01396"},"geometry":{"type":"MultiPolygon","coordinates":[[[[140.753,42.709],[140.761,42.702],[140.762,42.694],[140.755,42.68],[140.757,42.669],[140.752,42.665],[140.755,42.659],[140.777,42.661],[140.778,42.668],[140.78,42.676],[140.779,42.686],[140.784,42.696],[140.803,42.7],[140.812,42.698],[140.82,42.7],[140.816,42.726],[140.865,42.767],[140.882,42.77],[140.91,42.772],[140.807,42.827],[140.801,42.822],[140.757,42.793],[140.754,42.783],[140.736,42.784],[140.735,42.777],[140.728,42.777],[140.727,42.757],[140.72,42.757],[140.72,42.744],[140.728,42.737],[140.759,42.736],[140.758,42.731],[140.768,42.73],[140.78,42.722],[140.765,42.721],[140.761,42.711],[140.753,42.709]]]]}},{"type":"Feature","properties":{"name":"虻田郡留寿都村","code":"01397"},"geometry":{"type":"MultiPolygon","coordinates":[[[[141.01,42.716],[140.939,42.756],[140.91,42.772],[140.882,42.77],[140.865,42.767],[140.816,42.726],[140.82,42.7],[140.812,42.698],[140.803,42.7],[140.784,42.696],[140.779,42.686],[140.78,42.676],[140.778,42.668],[140.784,42.671],[140.799,42.67],[140.812,42.678],[140.842,42.686],[140.849,42.697],[140.858,42.699],[140.883,42.692],[140.891,42.688],[140.908,42.686],[140.919,42.688],[140.928,42.685],[140.944,42.684],[140.953,42.68],[140.956,42.675],[140.968,42.671],[140.989,42.684],[140.991,42.693],[141.0,42.705],[141.011,42.71],[141.01,42.716]]]]}},{"type":"Feature","properties":{"name":"虻田郡喜茂別町","code":"01398"},"geometry":{"type":"MultiPolygon","coordinates":[[[[141.04,42.885],[141.034,42.886],[140.996,42.845],[140.992,42.838],[140.997,42.827],[140.995,42.822],[140.997,42.814],[140.984,42.807],[140.966,42.808],[140.951,42.805],[140.932,42.805],[140.918,42.809],[140.908,42.809],[140.897,42.815],[140.874,42.819],[140.844,42.822],[140.807,42.827],[140.91,42.772],[140.939,42.756],[141.01,42.716],[141.034,42.717],[141.04,42.716],[141.043,42.733],[141.058,42.737],[141.072,42.742],[141.079,42.748],[141.082,42.757],[141.08,42.771],[141.09,42.785],[141.086,42.797],[141.078,42.806],[141.064,42.812],[141.065,42.823],[141.071,42.827],[141.08,42.824],[141.093,42.823],[141.101,42.828],[141.094,42.843],[141.104,42.847],[141.098,42.855],[141.102,42.869],[141.107,42.873],[141.099,42.884],[141.087,42.879],[141.079,42.885],[141.048,42.884],[141.04,42.885]]]]}},{"type":"Feature","properties":{"name":"虻田郡京極町","code":"01399"},"geometry":{"type":"MultiPolygon","coordinates":[[[[140.998,42.986],[140.983,42.981],[140.974,42.981],[140.968,42.979],[140.947,42.978],[140.937,42.967],[140.916,42.955],[140.916,42.95],[140.924,42.941],[140.918,42.93],[140.898,42.924],[140.891,42.929],[140.879,42.929],[140.873,42.923],[140.866,42.921],[140.863,42.909],[140.853,42.9],[140.851,42.894],[140.844,42.888],[140.844,42.884],[140.853,42.873],[140.852,42.862],[140.845,42.863],[140.807,42.827],[140.844,42.822],[140.874,42.819],[140.897,42.815],[140.908,42.809],[140.918,42.809],[140.932,42.805],[140.951,42.805],[140.966,42.808],[140.984,42.807],[140.997,42.814],[140.995,42.822],[140.997,42.827],[140.992,42.838],[140.996,42.845],[141.034,42.886],[141.04,42.885],[141.034,42.906],[141.027,42.913],[141.034,42.918],[141.043,42.936],[141.048,42.94],[141.053,42.953],[141.04,42.958],[141.026,42.961],[141.014,42.965],[141.008,42.972],[141.006,42.979],[140.998,42.986]]]]}},{"type":"Feature","properties":{"name":"虻田郡倶知安町","code":"01400"},"geometry":{"type":"MultiPolygon","coordinates":[[[[140.642,42.877],[140.651,42.878],[140.671,42.865],[140.672,42.862],[140.686,42.846],[140.702,42.822],[140.718,42.829],[140.715,42.833],[140.719,42.844],[140.807,42.827],[140.845,42.863],[140.852,42.862],[140.853,42.873],[140.844,42.884],[140.844,42.888],[140.851,42.894],[140.853,42.9],[140.863,42.909],[140.866,42.921],[140.873,42.923],[140.879,42.929],[140.891,42.929],[140.898,42.924],[140.918,42.93],[140.924,42.941],[140.916,42.95],[140.916,42.955],[140.916,42.96],[140.91,42.963],[140.904,42.975],[140.888,42.974],[140.873,42.975],[140.865,42.973],[140.854,42.982],[140.849,42.994],[140.837,42.995],[140.833,43.004],[140.822,43.008],[140.811,43.002],[140.801,43.004],[140.797,43.011],[140.79,43.009],[140.784,43.014],[140.776,43.015],[140.771,43.013],[140.767,43.009],[140.763,42.996],[140.76,42.991],[140.76,42.983],[140.757,42.978],[140.748,42.976],[140.736,42.961],[140.737,42.947],[140.736,42.939],[140.728,42.938],[140.729,42.932],[140.721,42.925],[140.708,42.92],[140.687,42.921],[140.672,42.913],[140.646,42.912],[140.634,42.908],[140.625,42.9],[140.618,42.888],[140.621,42.883],[140.637,42.886],[140.642,42.877]]]]}},{"type":"Feature","properties":{"name":"岩内郡共和町","code":"01401"},"geometry":{"type":"MultiPolygon","coordinates":[[[[140.618,42.888],[140.625,42.9],[140.634,42.908],[140.646,42.912],[140.672,42.913],[140.687,42.921],[140.708,42.92],[140.721,42.925],[140.729,42.932],[140.728,42.938],[140.736,42.939],[140.737,42.947],[140.736,42.961],[140.748,42.976],[140.757,42.978],[140.76,42.983],[140.76,42.991],[140.763,42.996],[140.767,43.009],[140.771,43.013],[140.764,43.013],[140.753,43.011],[140.745,43.012],[140.736,43.019],[140.729,43.016],[140.722,43.024],[140.716,43.026],[140.712,43.033],[140.701,43.034],[140.701,43.042],[140.688,43.05],[140.686,43.057],[140.681,43.057],[140.664,43.073],[140.651,43.075],[140.643,43.074],[140.634,43.08],[140.619,43.08],[140.614,43.078],[140.601,43.09],[140.591,43.096],[140.57,43.092],[140.567,43.087],[140.556,43.081],[140.551,43.074],[140.542,43.068],[140.542,43.058],[140.53,43.043],[140.536,43.034],[140.529,43.028],[140.53,43.021],[140.529,43.006],[140.523,42.999],[140.523,42.991],[140.531,42.989],[140.535,42.902],[140.556,42.896],[140.566,42.901],[140.575,42.899],[140.581,42.891],[140.59,42.888],[140.61,42.889],[140.618,42.888]]]]}},{"type":"Feature","properties":{"name":"岩内郡岩内町","code":"01402"},"geometry":{"type":"MultiPolygon","coordinates":[[[[140.535,42.902],[140.531,42.989],[140.523,42.991],[140.523,42.999],[140.519,42.989],[140.513,42.984],[140.507,42.986],[140.502,42.981],[140.491,42.977],[140.487,42.974],[140.473,42.968],[140.443,42.952],[140.429,42.948],[140.416,42.942],[140.412,42.934],[140.396,42.922],[140.381,42.906],[140.398,42.911],[140.415,42.907],[140.427,42.907],[140.435,42.905],[140.45,42.908],[140.457,42.911],[140.47,42.904],[140.482,42.901],[140.495,42.912],[140.504,42.913],[140.511,42.911],[140.512,42.904],[140.52,42.899],[140.535,42.902]]]]}},{"type":"Feature","properties":{"name":"古宇郡泊村","code":"01403"},"geometry":{"type":"MultiPolygon","coordinates":[[[[140.591,43.096],[140.581,43.102],[140.585,43.108],[140.572,43.116],[140.558,43.114],[140.548,43.124],[140.554,43.129],[140.556,43.141],[140.55,43.144],[140.547,43.158],[140.541,43.16],[140.524,43.15],[140.516,43.15],[140.506,43.138],[140.5,43.14],[140.49,43.138],[140.485,43.142],[140.469,43.147],[140.459,43.125],[140.445,43.119],[140.45,43.108],[140.459,43.105],[140.465,43.089],[140.464,43.085],[140.476,43.082],[140.486,43.076],[140.495,43.065],[140.495,43.059],[140.5,43.055],[140.506,43.04],[140.513,43.031],[140.523,43.031],[140.529,43.028],[140.536,43.034],[140.53,43.043],[140.542,43.058],[140.542,43.068],[140.551,43.074],[140.556,43.081],[140.567,43.087],[140.57,43.092],[140.591,43.096]]]]}},{"type":"Feature","properties":{"name":"古宇郡神恵内村","code":"01404"},"geometry":{"type":"MultiPolygon","coordinates":[[[[140.541,43.16],[140.533,43.165],[140.534,43.171],[140.532,43.18],[140.528,43.185],[140.529,43.19],[140.538,43.2],[140.531,43.206],[140.532,43.212],[140.526,43.214],[140.522,43.212],[140.498,43.216],[140.484,43.217],[140.472,43.228],[140.472,43.236],[140.466,43.246],[140.459,43.243],[140.453,43.237],[140.437,43.234],[140.436,43.23],[140.426,43.225],[140.419,43.229],[140.414,43.234],[140.408,43.232],[140.397,43.234],[140.389,43.238],[140.374,43.24],[140.367,43.25],[140.357,43.251],[140.362,43.264],[140.351,43.277],[140.336,43.282],[140.344,43.276],[140.341,43.266],[140.332,43.26],[140.334,43.246],[140.327,43.233],[140.325,43.221],[140.338,43.212],[140.346,43.2],[140.348,43.193],[140.359,43.18],[140.369,43.177],[140.376,43.17],[140.39,43.163],[140.4,43.159],[140.422,43.146],[140.429,43.142],[140.428,43.137],[140.434,43.13],[140.442,43.127],[140.445,43.119],[140.459,43.125],[140.469,43.147],[140.485,43.142],[140.49,43.138],[140.5,43.14],[140.506,43.138],[140.516,43.15],[140.524,43.15],[140.541,43.16]]]]}},{"type":"Feature","properties":{"name":"余市郡仁木町","code":"01407"},"geometry":{"type":"MultiPolygon","coordinates":[[[[140.833,43.004],[140.826,43.01],[140.826,43.019],[140.822,43.021],[140.819,43.033],[140.805,43.045],[140.799,43.047],[140.798,43.053],[140.789,43.058],[140.783,43.055],[140.77,43.061],[140.763,43.071],[140.763,43.086],[140.765,43.097],[140.781,43.107],[140.791,43.109],[140.8,43.108],[140.808,43.112],[140.807,43.117],[140.816,43.12],[140.828,43.116],[140.83,43.121],[140.828,43.128],[140.814,43.139],[140.803,43.143],[140.799,43.147],[140.802,43.152],[140.787,43.172],[140.783,43.175],[140.775,43.166],[140.764,43.166],[140.728,43.157],[140.722,43.151],[140.707,43.145],[140.697,43.145],[140.689,43.142],[140.681,43.148],[140.67,43.151],[140.662,43.148],[140.65,43.148],[140.656,43.133],[140.649,43.124],[140.657,43.113],[140.639,43.103],[140.638,43.094],[140.633,43.092],[140.634,43.08],[140.643,43.074],[140.651,43.075],[140.664,43.073],[140.681,43.057],[140.686,43.057],[140.688,43.05],[140.701,43.042],[140.701,43.034],[140.712,43.033],[140.716,43.026],[140.722,43.024],[140.729,43.016],[140.736,43.019],[140.745,43.012],[140.753,43.011],[140.764,43.013],[140.771,43.013],[140.776,43.015],[140.784,43.014],[140.79,43.009],[140.797,43.011],[140.801,43.004],[140.811,43.002],[140.822,43.008],[140.833,43.004]]]]}},{"type":"Feature","properties":{"name":"余市郡余市町","code":"01408"},"geometry":{"type":"MultiPolygon","coordinates":[[[[140.845,43.2],[140.815,43.194],[140.791,43.195],[140.776,43.203],[140.776,43.213],[140.779,43.217],[140.777,43.224],[140.763,43.227],[140.759,43.226],[140.74,43.234],[140.718,43.249],[140.7,43.251],[140.697,43.244],[140.699,43.236],[140.678,43.225],[140.674,43.22],[140.684,43.212],[140.682,43.208],[140.687,43.204],[140.694,43.193],[140.684,43.186],[140.672,43.181],[140.658,43.183],[140.653,43.182],[140.653,43.172],[140.649,43.159],[140.65,43.148],[140.662,43.148],[140.67,43.151],[140.681,43.148],[140.689,43.142],[140.697,43.145],[140.707,43.145],[140.722,43.151],[140.728,43.157],[140.764,43.166],[140.775,43.166],[140.783,43.175],[140.787,43.172],[140.802,43.152],[140.799,43.147],[140.803,43.143],[140.814,43.139],[140.828,43.128],[140.83,43.121],[140.828,43.116],[140.839,43.115],[140.844,43.111],[140.861,43.122],[140.868,43.126],[140.873,43.123],[140.893,43.129],[140.908,43.127],[140.913,43.132],[140.92,43.13],[140.924,43.139],[140.923,43.151],[140.913,43.157],[140.9,43.16],[140.883,43.168],[140.867,43.165],[140.859,43.168],[140.86,43.173],[140.854,43.178],[140.846,43.188],[140.848,43.193],[140.845,43.2]]]]}},{"type":"Feature","properties":{"name":"余市郡赤井川村","code":"01409"},"geometry":{"type":"MultiPolygon","coordinates":[[[[141.045,43.061],[141.027,43.066],[141.025,43.071],[141.017,43.074],[141.009,43.086],[141.008,43.091],[141.001,43.097],[141.003,43.109],[140.995,43.117],[140.999,43.127],[140.976,43.13],[140.975,43.125],[140.967,43.126],[140.952,43.131],[140.938,43.131],[140.932,43.127],[140.92,43.13],[140.913,43.132],[140.908,43.127],[140.893,43.129],[140.873,43.123],[140.868,43.126],[140.861,43.122],[140.844,43.111],[140.839,43.115],[140.828,43.116],[140.816,43.12],[140.807,43.117],[140.808,43.112],[140.8,43.108],[140.791,43.109],[140.781,43.107],[140.765,43.097],[140.763,43.086],[140.763,43.071],[140.77,43.061],[140.783,43.055],[140.789,43.058],[140.798,43.053],[140.799,43.047],[140.805,43.045],[140.819,43.033],[140.822,43.021],[140.826,43.019],[140.826,43.01],[140.833,43.004],[140.837,42.995],[140.849,42.994],[140.854,42.982],[140.865,42.973],[140.873,42.975],[140.888,42.974],[140.904,42.975],[140.91,42.963],[140.916,42.96],[140.916,42.955],[140.937,42.967],[140.947,42.978],[140.968,42.979],[140.974,42.981],[140.983,42.981],[140.998,42.986],[140.993,42.995],[140.999,43.001],[141.0,43.013],[140.993,43.017],[140.991,43.024],[140.999,43.025],[141.011,43.033],[141.018,43.032],[141.026,43.036],[141.033,43.043],[141.045,43.051],[141.045,43.061]]]]}},{"type":"Feature","properties":{"name":"空知郡南幌町","code":"01423"},"geometry":{"type":"MultiPolygon","coordinates":[[[[141.669,43.121],[141.583,43.077],[141.591,43.075],[141.588,43.069],[141.589,43.055],[141.575,43.05],[141.574,43.044],[141.564,43.036],[141.569,43.025],[141.581,43.017],[141.58,43.009],[141.595,42.997],[141.6,42.996],[141.61,42.999],[141.61,43.004],[141.624,43.013],[141.63,43.023],[141.637,43.021],[141.649,43.03],[141.663,43.031],[141.662,43.037],[141.666,43.045],[141.676,43.044],[141.684,43.052],[141.679,43.057],[141.69,43.067],[141.702,43.069],[141.703,43.075],[141.71,43.078],[141.704,43.083],[141.669,43.121]]]]}},{"type":"Feature","properties":{"name":"空知郡奈井江町","code":"01424"},"geometry":{"type":"MultiPolygon","coordinates":[[[[142.05,43.401],[142.054,43.406],[142.051,43.415],[142.053,43.423],[142.048,43.425],[142.032,43.425],[142.03,43.422],[142.014,43.422],[142.013,43.418],[141.972,43.409],[141.971,43.416],[141.983,43.43],[141.982,43.44],[141.983,43.451],[141.968,43.456],[141.945,43.449],[141.872,43.461],[141.87,43.456],[141.874,43.45],[141.866,43.443],[141.859,43.438],[141.85,43.437],[141.845,43.428],[141.838,43.421],[141.833,43.411],[141.826,43.409],[141.823,43.401],[141.857,43.395],[141.859,43.4],[141.905,43.392],[141.914,43.393],[141.928,43.384],[141.933,43.377],[141.943,43.379],[141.955,43.377],[141.967,43.372],[141.979,43.383],[141.983,43.392],[141.996,43.395],[142.001,43.401],[142.008,43.405],[142.02,43.418],[142.032,43.419],[142.035,43.413],[142.045,43.411],[142.05,43.401]]]]}},{"type":"Feature","properties":{"name":"空知郡上砂川町","code":"01425"},"geometry":{"type":"MultiPolygon","coordinates":[[[[142.072,43.436],[142.06,43.438],[142.051,43.441],[142.03,43.458],[142.019,43.471],[142.018,43.48],[142.008,43.478],[142.002,43.483],[141.992,43.483],[141.982,43.485],[141.969,43.484],[141.949,43.485],[141.946,43.476],[141.976,43.472],[141.964,43.46],[141.954,43.458],[141.952,43.453],[141.945,43.449],[141.968,43.456],[141.983,43.451],[141.982,43.44],[141.983,43.43],[141.971,43.416],[141.972,43.409],[142.013,43.418],[142.014,43.422],[142.03,43.422],[142.032,43.425],[142.048,43.425],[142.053,43.423],[142.059,43.425],[142.06,43.43],[142.072,43.436]]]]}},{"type":"Feature","properties":{"name":"夕張郡由仁町","code":"01427"},"geometry":{"type":"MultiPolygon","coordinates":[[[[141.963,42.913],[141.953,42.917],[141.934,42.903],[141.922,42.905],[141.913,42.917],[141.904,42.922],[141.895,42.925],[141.891,42.937],[141.877,42.943],[141.871,42.95],[141.874,42.958],[141.87,42.967],[141.858,42.967],[141.862,42.975],[141.859,42.984],[141.855,42.989],[141.846,42.984],[141.84,42.989],[141.84,42.997],[141.832,42.998],[141.825,43.006],[141.812,43.015],[141.812,43.022],[141.801,43.028],[141.792,43.026],[141.79,43.021],[141.767,43.032],[141.767,43.04],[141.762,43.043],[141.764,43.048],[141.758,43.048],[141.755,43.038],[141.756,43.032],[141.748,43.026],[141.756,43.014],[141.754,42.996],[141.747,42.991],[141.746,42.979],[141.755,42.971],[141.756,42.953],[141.763,42.951],[141.776,42.94],[141.781,42.932],[141.791,42.929],[141.804,42.931],[141.807,42.929],[141.822,42.93],[141.829,42.927],[141.841,42.929],[141.852,42.933],[141.859,42.931],[141.87,42.922],[141.881,42.913],[141.897,42.905],[141.917,42.898],[141.918,42.89],[141.929,42.888],[141.937,42.883],[141.944,42.871],[141.951,42.863],[141.954,42.854],[141.962,42.843],[141.975,42.842],[141.98,42.837],[141.988,42.842],[141.996,42.849],[142.006,42.845],[142.015,42.849],[142.023,42.849],[142.033,42.858],[142.044,42.862],[142.037,42.862],[142.029,42.867],[142.009,42.863],[142.001,42.88],[141.995,42.889],[141.99,42.904],[141.978,42.906],[141.963,42.913]]]]}},{"type":"Feature","properties":{"name":"夕張郡長沼町","code":"01428"},"geometry":{"type":"MultiPolygon","coordinates":[[[[141.704,43.083],[141.71,43.078],[141.703,43.075],[141.702,43.069],[141.69,43.067],[141.679,43.057],[141.684,43.052],[141.676,43.044],[141.666,43.045],[141.662,43.037],[141.663,43.031],[141.649,43.03],[141.637,43.021],[141.63,43.023],[141.624,43.013],[141.61,43.004],[141.61,42.999],[141.6,42.996],[141.595,42.997],[141.58,43.009],[141.587,42.996],[141.595,42.992],[141.596,42.985],[141.605,42.987],[141.622,42.984],[141.625,42.98],[141.621,42.975],[141.633,42.969],[141.634,42.957],[141.637,42.95],[141.645,42.949],[141.653,42.941],[141.65,42.932],[141.651,42.926],[141.659,42.917],[141.66,42.912],[141.652,42.907],[141.655,42.902],[141.651,42.895],[141.653,42.889],[141.664,42.885],[141.67,42.889],[141.673,42.898],[141.682,42.911],[141.689,42.908],[141.693,42.899],[141.701,42.896],[141.707,42.9],[141.705,42.907],[141.71,42.915],[141.718,42.916],[141.731,42.922],[141.741,42.923],[141.747,42.935],[141.753,42.938],[141.757,42.945],[141.756,42.953],[141.755,42.971],[141.746,42.979],[141.747,42.991],[141.754,42.996],[141.756,43.014],[141.748,43.026],[141.756,43.032],[141.755,43.038],[141.758,43.048],[141.764,43.048],[141.769,43.051],[141.767,43.063],[141.76,43.074],[141.755,43.076],[141.748,43.08],[141.742,43.075],[141.737,43.081],[141.714,43.082],[141.704,43.083]]]]}},{"type":"Feature","properties":{"name":"夕張郡栗山町","code":"01429"},"geometry":{"type":"MultiPolygon","coordinates":[[[[141.938,43.102],[141.928,43.106],[141.921,43.106],[141.914,43.115],[141.904,43.111],[141.885,43.124],[141.885,43.129],[141.867,43.13],[141.852,43.124],[141.832,43.112],[141.822,43.103],[141.813,43.103],[141.791,43.094],[141.783,43.087],[141.755,43.076],[141.76,43.074],[141.767,43.063],[141.769,43.051],[141.764,43.048],[141.762,43.043],[141.767,43.04],[141.767,43.032],[141.79,43.021],[141.792,43.026],[141.801,43.028],[141.812,43.022],[141.812,43.015],[141.825,43.006],[141.832,42.998],[141.84,42.997],[141.84,42.989],[141.846,42.984],[141.855,42.989],[141.859,42.984],[141.862,42.975],[141.858,42.967],[141.87,42.967],[141.874,42.958],[141.871,42.95],[141.877,42.943],[141.891,42.937],[141.895,42.925],[141.904,42.922],[141.913,42.917],[141.922,42.905],[141.934,42.903],[141.953,42.917],[141.963,42.913],[141.971,42.921],[141.972,42.935],[141.969,42.945],[141.956,42.95],[141.953,42.954],[141.952,42.967],[141.946,42.971],[141.951,42.978],[141.95,42.992],[141.941,42.997],[141.919,42.994],[141.91,43.008],[141.908,43.014],[141.914,43.021],[141.913,43.029],[141.906,43.035],[141.905,43.043],[141.912,43.047],[141.915,43.056],[141.913,43.07],[141.918,43.076],[141.913,43.09],[141.916,43.094],[141.926,43.099],[141.939,43.098],[141.938,43.102]]]]}},{"type":"Feature","properties":{"name":"樺戸郡月形町","code":"01430"},"geometry":{"type":"MultiPolygon","coordinates":[[[[141.694,43.332],[141.702,43.346],[141.714,43.35],[141.728,43.351],[141.75,43.355],[141.759,43.351],[141.763,43.357],[141.761,43.362],[141.773,43.379],[141.767,43.383],[141.758,43.393],[141.744,43.396],[141.738,43.4],[141.74,43.404],[141.734,43.411],[141.736,43.424],[141.729,43.432],[141.721,43.438],[141.733,43.447],[141.729,43.455],[141.722,43.46],[141.713,43.454],[141.703,43.457],[141.692,43.446],[141.681,43.442],[141.676,43.436],[141.667,43.436],[141.662,43.433],[141.66,43.426],[141.652,43.422],[141.652,43.414],[141.645,43.414],[141.641,43.406],[141.633,43.402],[141.62,43.391],[141.609,43.386],[141.6,43.385],[141.596,43.381],[141.597,43.365],[141.596,43.361],[141.583,43.351],[141.592,43.342],[141.597,43.342],[141.604,43.331],[141.606,43.324],[141.601,43.319],[141.609,43.308],[141.611,43.29],[141.627,43.29],[141.62,43.284],[141.654,43.286],[141.657,43.292],[141.668,43.288],[141.675,43.287],[141.671,43.301],[141.666,43.309],[141.688,43.324],[141.678,43.333],[141.677,43.338],[141.694,43.332]]]]}},{"type":"Feature","properties":{"name":"樺戸郡浦臼町","code":"01431"},"geometry":{"type":"MultiPolygon","coordinates":[[[[141.823,43.401],[141.826,43.409],[141.833,43.411],[141.838,43.421],[141.845,43.428],[141.85,43.437],[141.859,43.438],[141.866,43.443],[141.863,43.452],[141.863,43.46],[141.866,43.469],[141.853,43.47],[141.849,43.477],[141.833,43.485],[141.825,43.481],[141.8,43.476],[141.784,43.485],[141.779,43.492],[141.772,43.494],[141.766,43.501],[141.762,43.501],[141.754,43.492],[141.753,43.486],[141.745,43.483],[141.738,43.476],[141.728,43.471],[141.722,43.46],[141.729,43.455],[141.733,43.447],[141.721,43.438],[141.729,43.432],[141.736,43.424],[141.734,43.411],[141.74,43.404],[141.738,43.4],[141.744,43.396],[141.758,43.393],[141.767,43.383],[141.773,43.379],[141.761,43.362],[141.763,43.357],[141.766,43.36],[141.771,43.373],[141.78,43.378],[141.799,43.379],[141.811,43.386],[141.821,43.389],[141.823,43.401]]]]}},{"type":"Feature","properties":{"name":"樺戸郡新十津川町","code":"01432"},"geometry":{"type":"MultiPolygon","coordinates":[[[[141.882,43.607],[141.876,43.611],[141.872,43.619],[141.868,43.619],[141.86,43.627],[141.859,43.637],[141.86,43.648],[141.855,43.656],[141.846,43.661],[141.846,43.666],[141.837,43.665],[141.825,43.666],[141.819,43.664],[141.805,43.665],[141.797,43.667],[141.775,43.67],[141.749,43.683],[141.739,43.684],[141.734,43.688],[141.73,43.697],[141.721,43.699],[141.709,43.697],[141.7,43.689],[141.686,43.683],[141.684,43.676],[141.66,43.667],[141.653,43.668],[141.641,43.662],[141.628,43.664],[141.617,43.669],[141.602,43.673],[141.6,43.681],[141.587,43.687],[141.585,43.692],[141.57,43.696],[141.553,43.697],[141.536,43.699],[141.525,43.708],[141.511,43.699],[141.505,43.699],[141.493,43.692],[141.491,43.684],[141.498,43.683],[141.508,43.677],[141.51,43.669],[141.517,43.666],[141.527,43.648],[141.531,43.646],[141.545,43.637],[141.56,43.629],[141.563,43.62],[141.568,43.62],[141.579,43.613],[141.585,43.607],[141.588,43.595],[141.598,43.587],[141.595,43.584],[141.6,43.585],[141.618,43.578],[141.615,43.574],[141.619,43.565],[141.627,43.556],[141.624,43.542],[141.628,43.54],[141.64,43.526],[141.647,43.523],[141.652,43.514],[141.661,43.515],[141.67,43.507],[141.673,43.498],[141.684,43.501],[141.697,43.496],[141.717,43.487],[141.728,43.471],[141.738,43.476],[141.745,43.483],[141.753,43.486],[141.754,43.492],[141.762,43.501],[141.766,43.501],[141.772,43.494],[141.779,43.492],[141.784,43.485],[141.8,43.476],[141.825,43.481],[141.833,43.485],[141.849,43.477],[141.853,43.47],[141.866,43.469],[141.863,43.46],[141.863,43.452],[141.866,43.443],[141.874,43.45],[141.87,43.456],[141.872,43.461],[141.869,43.477],[141.875,43.486],[141.889,43.492],[141.897,43.5],[141.899,43.513],[141.881,43.508],[141.874,43.514],[141.878,43.518],[141.902,43.516],[141.904,43.522],[141.897,43.525],[141.889,43.535],[141.89,43.539],[141.892,43.55],[141.889,43.556],[141.879,43.566],[141.878,43.57],[141.884,43.581],[141.883,43.589],[141.879,43.594],[141.885,43.604],[141.882,43.607]]]]}},{"type":"Feature","properties":{"name":"雨竜郡妹背牛町","code":"01433"},"geometry":{"type":"MultiPolygon","coordinates":[[[[141.962,43.669],[141.971,43.675],[141.984,43.679],[141.995,43.688],[141.99,43.697],[141.984,43.695],[141.974,43.711],[141.981,43.713],[141.977,43.72],[141.983,43.722],[141.967,43.749],[141.905,43.746],[141.912,43.729],[141.906,43.72],[141.908,43.712],[141.918,43.701],[141.917,43.692],[141.902,43.688],[141.902,43.681],[141.913,43.677],[141.918,43.668],[141.915,43.662],[141.924,43.662],[141.931,43.669],[141.947,43.672],[141.962,43.669]]]]}},{"type":"Feature","properties":{"name":"雨竜郡秩父別町","code":"01434"},"geometry":{"type":"MultiPolygon","coordinates":[[[[142.01,43.798],[141.993,43.814],[141.98,43.809],[141.965,43.809],[141.955,43.804],[141.937,43.799],[141.938,43.791],[141.937,43.779],[141.93,43.78],[141.924,43.787],[141.916,43.783],[141.909,43.774],[141.898,43.767],[141.895,43.752],[141.899,43.745],[141.904,43.745],[141.967,43.749],[142.001,43.75],[142.011,43.798]]]]}},{"type":"Feature","properties":{"name":"雨竜郡雨竜町","code":"01436"},"geometry":{"type":"MultiPolygon","coordinates":[[[[141.915,43.662],[141.918,43.668],[141.913,43.677],[141.902,43.681],[141.902,43.688],[141.917,43.692],[141.918,43.701],[141.908,43.712],[141.906,43.72],[141.9,43.721],[141.891,43.719],[141.879,43.719],[141.858,43.72],[141.85,43.72],[141.821,43.71],[141.797,43.718],[141.788,43.724],[141.778,43.726],[141.773,43.729],[141.763,43.729],[141.745,43.735],[141.73,43.737],[141.722,43.736],[141.702,43.74],[141.701,43.746],[141.679,43.738],[141.669,43.737],[141.659,43.739],[141.643,43.74],[141.632,43.74],[141.607,43.731],[141.592,43.727],[141.577,43.725],[141.573,43.719],[141.563,43.71],[141.548,43.705],[141.54,43.709],[141.53,43.708],[141.525,43.711],[141.536,43.699],[141.553,43.697],[141.57,43.696],[141.585,43.692],[141.587,43.687],[141.6,43.681],[141.602,43.673],[141.617,43.669],[141.628,43.664],[141.641,43.662],[141.653,43.668],[141.66,43.667],[141.684,43.676],[141.686,43.683],[141.7,43.689],[141.709,43.697],[141.721,43.699],[141.73,43.697],[141.734,43.688],[141.739,43.684],[141.749,43.683],[141.775,43.67],[141.797,43.667],[141.805,43.665],[141.819,43.664],[141.825,43.666],[141.837,43.665],[141.846,43.666],[141.846,43.661],[141.855,43.656],[141.86,43.648],[141.859,43.637],[141.86,43.627],[141.868,43.619],[141.872,43.619],[141.876,43.611],[141.882,43.607],[141.88,43.617],[141.882,43.623],[141.893,43.631],[141.905,43.628],[141.913,43.629],[141.917,43.634],[141.915,43.639],[141.907,43.645],[141.916,43.657],[141.915,43.662]]]]}},{"type":"Feature","properties":{"name":"雨竜郡北竜町","code":"01437"},"geometry":{"type":"MultiPolygon","coordinates":[[[[141.699,43.796],[141.695,43.786],[141.7,43.781],[141.698,43.774],[141.705,43.757],[141.702,43.751],[141.694,43.746],[141.664,43.76],[141.647,43.756],[141.64,43.761],[141.632,43.76],[141.618,43.752],[141.615,43.743],[141.606,43.745],[141.596,43.739],[141.573,43.729],[141.559,43.718],[141.538,43.712],[141.525,43.711],[141.53,43.708],[141.54,43.709],[141.548,43.705],[141.563,43.71],[141.573,43.719],[141.577,43.725],[141.592,43.727],[141.607,43.731],[141.632,43.74],[141.643,43.74],[141.659,43.739],[141.669,43.737],[141.679,43.738],[141.701,43.746],[141.702,43.74],[141.722,43.736],[141.73,43.737],[141.745,43.735],[141.763,43.729],[141.773,43.729],[141.778,43.726],[141.788,43.724],[141.797,43.718],[141.821,43.71],[141.85,43.72],[141.858,43.72],[141.877,43.722],[141.891,43.719],[141.9,43.721],[141.906,43.72],[141.912,43.729],[141.907,43.744],[141.899,43.745],[141.895,43.752],[141.898,43.767],[141.898,43.772],[141.886,43.771],[141.871,43.774],[141.875,43.785],[141.876,43.801],[141.87,43.804],[141.87,43.817],[141.873,43.826],[141.858,43.847],[141.852,43.848],[141.845,43.845],[141.83,43.843],[141.831,43.832],[141.823,43.831],[141.814,43.835],[141.797,43.827],[141.807,43.816],[141.804,43.812],[141.804,43.801],[141.787,43.791],[141.771,43.785],[141.776,43.776],[141.774,43.77],[141.767,43.756],[141.761,43.758],[141.754,43.768],[141.748,43.772],[141.741,43.786],[141.728,43.793],[141.72,43.795],[141.711,43.792],[141.699,43.796]]]]}},{"type":"Feature","properties":{"name":"雨竜郡沼田町","code":"01438"},"geometry":{"type":"MultiPolygon","coordinates":[[[[141.858,43.847],[141.873,43.826],[141.87,43.817],[141.87,43.804],[141.876,43.801],[141.875,43.785],[141.871,43.774],[141.886,43.771],[141.898,43.772],[141.898,43.767],[141.909,43.774],[141.916,43.783],[141.924,43.787],[141.93,43.78],[141.937,43.779],[141.938,43.791],[141.937,43.799],[141.955,43.804],[141.965,43.809],[141.98,43.809],[141.993,43.814],[142.01,43.798],[142.013,43.804],[142.013,43.82],[142.028,43.82],[142.035,43.822],[142.039,43.832],[142.06,43.841],[142.073,43.845],[142.085,43.868],[142.078,43.872],[142.073,43.883],[142.063,43.894],[142.063,43.897],[142.045,43.908],[142.043,43.915],[142.028,43.921],[142.023,43.934],[142.023,43.945],[142.027,43.956],[142.026,43.964],[142.032,43.97],[142.028,43.976],[142.028,43.986],[142.034,43.994],[142.033,43.998],[142.02,44.006],[142.011,44.004],[141.996,44.006],[141.992,43.997],[141.986,43.993],[141.968,43.998],[141.949,43.999],[141.931,43.983],[141.929,43.972],[141.931,43.963],[141.92,43.958],[141.901,43.957],[141.895,43.945],[141.885,43.943],[141.889,43.935],[141.882,43.926],[141.885,43.917],[141.891,43.914],[141.9,43.901],[141.896,43.894],[141.878,43.889],[141.866,43.879],[141.866,43.869],[141.858,43.859],[141.858,43.847]]]]}},{"type":"Feature","properties":{"name":"上川郡鷹栖町","code":"01452"},"geometry":{"type":"MultiPolygon","coordinates":[[[[142.421,43.944],[142.413,43.953],[142.388,43.955],[142.367,43.958],[142.362,43.963],[142.332,43.958],[142.326,43.955],[142.311,43.959],[142.306,43.955],[142.304,43.945],[142.288,43.945],[142.283,43.94],[142.285,43.927],[142.273,43.918],[142.276,43.908],[142.271,43.895],[142.276,43.89],[142.282,43.875],[142.29,43.873],[142.286,43.86],[142.279,43.858],[142.28,43.849],[142.288,43.848],[142.293,43.842],[142.295,43.834],[142.288,43.829],[142.289,43.818],[142.294,43.803],[142.296,43.787],[142.311,43.788],[142.308,43.794],[142.319,43.797],[142.328,43.805],[142.328,43.809],[142.355,43.828],[142.386,43.841],[142.392,43.843],[142.37,43.86],[142.383,43.869],[142.392,43.877],[142.392,43.889],[142.388,43.899],[142.392,43.901],[142.4,43.915],[142.399,43.921],[142.421,43.944]]]]}},{"type":"Feature","properties":{"name":"上川郡東神楽町","code":"01453"},"geometry":{"type":"MultiPolygon","coordinates":[[[[142.561,43.631],[142.576,43.632],[142.576,43.635],[142.603,43.625],[142.63,43.626],[142.591,43.647],[142.573,43.653],[142.561,43.655],[142.543,43.674],[142.519,43.687],[142.499,43.694],[142.473,43.7],[142.456,43.707],[142.449,43.714],[142.429,43.721],[142.42,43.723],[142.403,43.732],[142.391,43.723],[142.41,43.69],[142.43,43.676],[142.435,43.68],[142.496,43.638],[142.503,43.64],[142.557,43.646],[142.561,43.631]]]]}},{"type":"Feature","properties":{"name":"上川郡当麻町","code":"01454"},"geometry":{"type":"MultiPolygon","coordinates":[[[[142.713,43.749],[142.709,43.762],[142.701,43.775],[142.7,43.788],[142.692,43.798],[142.689,43.808],[142.681,43.818],[142.683,43.829],[142.681,43.835],[142.672,43.838],[142.67,43.843],[142.662,43.849],[142.66,43.859],[142.65,43.884],[142.637,43.884],[142.634,43.876],[142.62,43.877],[142.614,43.88],[142.599,43.88],[142.575,43.883],[142.566,43.889],[142.561,43.887],[142.55,43.888],[142.532,43.897],[142.525,43.895],[142.518,43.888],[142.514,43.879],[142.507,43.875],[142.502,43.863],[142.496,43.861],[142.494,43.856],[142.484,43.853],[142.471,43.845],[142.467,43.84],[142.458,43.839],[142.505,43.799],[142.513,43.8],[142.513,43.792],[142.52,43.786],[142.53,43.784],[142.536,43.786],[142.548,43.775],[142.562,43.78],[142.567,43.763],[142.579,43.76],[142.584,43.762],[142.596,43.761],[142.599,43.765],[142.615,43.76],[142.626,43.75],[142.646,43.754],[142.655,43.753],[142.66,43.747],[142.669,43.741],[142.681,43.739],[142.686,43.742],[142.694,43.74],[142.705,43.748],[142.713,43.749]]]]}},{"type":"Feature","properties":{"name":"上川郡比布町","code":"01455"},"geometry":{"type":"MultiPolygon","coordinates":[[[[142.458,43.839],[142.467,43.84],[142.471,43.845],[142.484,43.853],[142.494,43.856],[142.496,43.861],[142.502,43.863],[142.507,43.875],[142.514,43.879],[142.518,43.888],[142.525,43.895],[142.532,43.897],[142.537,43.905],[142.544,43.909],[142.544,43.913],[142.531,43.927],[142.523,43.929],[142.511,43.943],[142.514,43.948],[142.51,43.955],[142.531,43.963],[142.529,43.973],[142.541,43.979],[142.534,43.993],[142.52,43.993],[142.514,43.986],[142.497,43.981],[142.492,43.976],[142.49,43.962],[142.488,43.956],[142.473,43.96],[142.466,43.965],[142.459,43.965],[142.448,43.967],[142.445,43.973],[142.434,43.965],[142.437,43.961],[142.432,43.947],[142.439,43.934],[142.435,43.925],[142.443,43.915],[142.446,43.903],[142.447,43.891],[142.443,43.887],[142.451,43.878],[142.45,43.867],[142.454,43.864],[142.452,43.855],[142.46,43.843],[142.458,43.839]]]]}},{"type":"Feature","properties":{"name":"上川郡愛別町","code":"01456"},"geometry":{"type":"MultiPolygon","coordinates":[[[[142.534,43.993],[142.541,43.979],[142.529,43.973],[142.531,43.963],[142.51,43.955],[142.514,43.948],[142.511,43.943],[142.523,43.929],[142.531,43.927],[142.544,43.913],[142.544,43.909],[142.537,43.905],[142.532,43.897],[142.55,43.888],[142.561,43.887],[142.566,43.889],[142.575,43.883],[142.599,43.88],[142.614,43.88],[142.62,43.877],[142.634,43.876],[142.637,43.884],[142.65,43.884],[142.66,43.859],[142.662,43.849],[142.67,43.843],[142.672,43.838],[142.681,43.835],[142.683,43.829],[142.704,43.844],[142.698,43.852],[142.702,43.855],[142.7,43.861],[142.705,43.884],[142.709,43.888],[142.71,43.898],[142.702,43.905],[142.705,43.91],[142.705,43.918],[142.711,43.922],[142.726,43.925],[142.734,43.923],[142.742,43.919],[142.752,43.92],[142.758,43.916],[142.774,43.93],[142.767,43.939],[142.756,43.942],[142.755,43.947],[142.747,43.949],[142.739,43.961],[142.734,43.976],[142.727,43.979],[142.722,43.994],[142.708,44.0],[142.688,44.013],[142.688,44.018],[142.682,44.02],[142.66,44.016],[142.644,44.01],[142.637,44.017],[142.628,44.018],[142.621,44.024],[142.611,44.029],[142.6,44.025],[142.587,44.022],[142.588,44.016],[142.576,44.013],[142.563,44.008],[142.548,44.007],[142.544,44.001],[142.534,43.993]]]]}},{"type":"Feature","properties":{"name":"上川郡上川町","code":"01457"},"geometry":{"type":"MultiPolygon","coordinates":[[[[142.74,43.683],[142.754,43.693],[142.767,43.698],[142.773,43.697],[142.787,43.7],[142.803,43.7],[142.814,43.698],[142.819,43.688],[142.829,43.688],[142.847,43.694],[142.854,43.695],[142.862,43.699],[142.87,43.697],[142.88,43.698],[142.881,43.69],[142.872,43.679],[142.873,43.672],[142.879,43.67],[142.898,43.674],[142.907,43.669],[142.906,43.662],[142.912,43.654],[142.899,43.623],[142.897,43.606],[142.898,43.599],[142.894,43.591],[142.897,43.587],[142.891,43.582],[142.894,43.566],[142.91,43.563],[142.924,43.552],[142.939,43.545],[142.944,43.536],[142.958,43.526],[142.974,43.534],[142.976,43.539],[142.985,43.534],[143.005,43.529],[143.014,43.529],[143.024,43.535],[143.02,43.542],[143.023,43.549],[143.03,43.55],[143.041,43.563],[143.053,43.559],[143.06,43.555],[143.069,43.559],[143.07,43.563],[143.08,43.564],[143.091,43.567],[143.102,43.573],[143.103,43.576],[143.114,43.58],[143.116,43.583],[143.134,43.588],[143.142,43.595],[143.136,43.6],[143.137,43.608],[143.148,43.616],[143.156,43.629],[143.173,43.638],[143.17,43.649],[143.163,43.653],[143.161,43.66],[143.142,43.668],[143.14,43.678],[143.146,43.681],[143.147,43.691],[143.161,43.706],[143.172,43.707],[143.168,43.716],[143.173,43.724],[143.174,43.731],[143.18,43.735],[143.175,43.742],[143.169,43.756],[143.161,43.762],[143.153,43.763],[143.142,43.762],[143.136,43.754],[143.118,43.754],[143.096,43.743],[143.09,43.745],[143.084,43.739],[143.074,43.738],[143.069,43.746],[143.051,43.744],[143.047,43.746],[143.033,43.749],[143.024,43.747],[143.011,43.758],[143.007,43.768],[143.007,43.775],[143.014,43.781],[143.016,43.789],[143.012,43.794],[143.019,43.802],[143.037,43.809],[143.022,43.817],[143.01,43.827],[143.009,43.837],[143.014,43.844],[143.011,43.861],[143.02,43.864],[143.017,43.874],[143.023,43.876],[143.019,43.886],[143.034,43.895],[143.037,43.903],[143.048,43.907],[143.055,43.914],[143.054,43.918],[143.037,43.928],[143.014,43.922],[143.0,43.928],[142.986,43.939],[142.983,43.943],[142.973,43.942],[142.956,43.933],[142.935,43.927],[142.911,43.927],[142.9,43.922],[142.888,43.926],[142.891,43.93],[142.886,43.934],[142.892,43.938],[142.892,43.943],[142.883,43.944],[142.882,43.953],[142.869,43.951],[142.863,43.943],[142.851,43.945],[142.842,43.941],[142.841,43.935],[142.83,43.93],[142.83,43.922],[142.816,43.915],[142.798,43.916],[142.796,43.922],[142.783,43.925],[142.774,43.93],[142.758,43.916],[142.752,43.92],[142.742,43.919],[142.734,43.923],[142.726,43.925],[142.711,43.922],[142.705,43.918],[142.705,43.91],[142.702,43.905],[142.71,43.898],[142.709,43.888],[142.705,43.884],[142.7,43.861],[142.702,43.855],[142.698,43.852],[142.704,43.844],[142.683,43.829],[142.681,43.818],[142.689,43.808],[142.692,43.798],[142.7,43.788],[142.701,43.775],[142.709,43.762],[142.713,43.749],[142.722,43.744],[142.722,43.738],[142.734,43.731],[142.731,43.72],[142.741,43.713],[142.736,43.707],[142.735,43.698],[142.74,43.689],[142.74,43.683]]]]}},{"type":"Feature","properties":{"name":"上川郡東川町","code":"01458"},"geometry":{"type":"MultiPolygon","coordinates":[[[[142.473,43.7],[142.499,43.694],[142.519,43.687],[142.543,43.674],[142.561,43.655],[142.573,43.653],[142.591,43.647],[142.63,43.626],[142.653,43.626],[142.664,43.628],[142.674,43.627],[142.689,43.63],[142.706,43.629],[142.727,43.624],[142.736,43.624],[142.747,43.621],[142.763,43.62],[142.772,43.617],[142.783,43.622],[142.812,43.623],[142.822,43.628],[142.839,43.615],[142.844,43.619],[142.845,43.626],[142.854,43.628],[142.864,43.626],[142.87,43.634],[142.88,43.638],[142.879,43.642],[142.886,43.647],[142.898,43.662],[142.9,43.667],[142.907,43.669],[142.898,43.674],[142.879,43.67],[142.873,43.672],[142.872,43.679],[142.881,43.69],[142.88,43.698],[142.87,43.697],[142.862,43.699],[142.854,43.695],[142.847,43.694],[142.829,43.688],[142.819,43.688],[142.814,43.698],[142.803,43.7],[142.787,43.7],[142.773,43.697],[142.767,43.698],[142.754,43.693],[142.74,43.683],[142.737,43.685],[142.713,43.686],[142.705,43.683],[142.697,43.683],[142.682,43.686],[142.676,43.691],[142.662,43.698],[142.656,43.697],[142.64,43.702],[142.637,43.708],[142.621,43.72],[142.607,43.718],[142.6,43.72],[142.589,43.717],[142.582,43.723],[142.574,43.726],[142.57,43.721],[142.549,43.727],[142.543,43.734],[142.537,43.734],[142.526,43.745],[142.52,43.745],[142.507,43.751],[142.494,43.751],[142.485,43.742],[142.476,43.743],[142.473,43.7]]]]}},{"type":"Feature","properties":{"name":"上川郡美瑛町","code":"01459"},"geometry":{"type":"MultiPolygon","coordinates":[[[[142.322,43.544],[142.321,43.533],[142.326,43.53],[142.325,43.525],[142.332,43.521],[142.337,43.506],[142.346,43.507],[142.353,43.5],[142.364,43.495],[142.368,43.486],[142.355,43.474],[142.357,43.466],[142.367,43.468],[142.376,43.471],[142.382,43.469],[142.399,43.474],[142.397,43.481],[142.398,43.499],[142.402,43.504],[142.401,43.518],[142.403,43.538],[142.41,43.54],[142.417,43.534],[142.425,43.535],[142.431,43.544],[142.437,43.548],[142.442,43.539],[142.45,43.534],[142.46,43.525],[142.47,43.512],[142.482,43.507],[142.509,43.503],[142.524,43.512],[142.538,43.51],[142.546,43.504],[142.553,43.509],[142.561,43.508],[142.57,43.514],[142.579,43.511],[142.597,43.498],[142.59,43.494],[142.594,43.484],[142.607,43.47],[142.612,43.467],[142.63,43.462],[142.637,43.459],[142.649,43.448],[142.65,43.444],[142.661,43.436],[142.677,43.426],[142.675,43.422],[142.686,43.418],[142.701,43.426],[142.711,43.433],[142.71,43.44],[142.715,43.452],[142.724,43.452],[142.732,43.462],[142.777,43.487],[142.78,43.495],[142.787,43.496],[142.791,43.501],[142.798,43.501],[142.806,43.511],[142.813,43.514],[142.814,43.523],[142.807,43.528],[142.815,43.531],[142.83,43.523],[142.839,43.522],[142.852,43.53],[142.854,43.536],[142.85,43.549],[142.861,43.558],[142.861,43.564],[142.872,43.565],[142.875,43.57],[142.891,43.566],[142.894,43.566],[142.891,43.582],[142.897,43.587],[142.894,43.591],[142.898,43.599],[142.897,43.606],[142.899,43.623],[142.912,43.654],[142.906,43.662],[142.907,43.669],[142.9,43.667],[142.898,43.662],[142.886,43.647],[142.879,43.642],[142.88,43.638],[142.87,43.634],[142.864,43.626],[142.854,43.628],[142.845,43.626],[142.844,43.619],[142.839,43.615],[142.822,43.628],[142.812,43.623],[142.783,43.622],[142.772,43.617],[142.763,43.62],[142.747,43.621],[142.736,43.624],[142.727,43.624],[142.706,43.629],[142.689,43.63],[142.674,43.627],[142.664,43.628],[142.653,43.626],[142.63,43.626],[142.603,43.625],[142.576,43.635],[142.576,43.632],[142.561,43.631],[142.539,43.629],[142.533,43.625],[142.513,43.624],[142.501,43.623],[142.494,43.624],[142.485,43.62],[142.471,43.621],[142.457,43.631],[142.448,43.636],[142.445,43.648],[142.428,43.662],[142.402,43.665],[142.395,43.661],[142.394,43.653],[142.4,43.65],[142.399,43.645],[142.388,43.638],[142.39,43.626],[142.375,43.616],[142.366,43.619],[142.352,43.612],[142.342,43.599],[142.341,43.587],[142.324,43.576],[142.329,43.564],[142.328,43.556],[142.322,43.544]]]]}},{"type":"Feature","properties":{"name":"空知郡上富良野町","code":"01460"},"geometry":{"type":"MultiPolygon","coordinates":[[[[142.668,43.401],[142.672,43.405],[142.679,43.415],[142.686,43.418],[142.675,43.422],[142.677,43.426],[142.661,43.436],[142.65,43.444],[142.649,43.448],[142.637,43.459],[142.63,43.462],[142.612,43.467],[142.607,43.47],[142.594,43.484],[142.59,43.494],[142.597,43.498],[142.579,43.511],[142.57,43.514],[142.561,43.508],[142.553,43.509],[142.546,43.504],[142.538,43.51],[142.524,43.512],[142.509,43.503],[142.482,43.507],[142.47,43.512],[142.46,43.525],[142.45,43.534],[142.442,43.539],[142.437,43.548],[142.431,43.544],[142.425,43.535],[142.417,43.534],[142.41,43.54],[142.403,43.538],[142.401,43.518],[142.402,43.504],[142.398,43.499],[142.397,43.481],[142.399,43.474],[142.382,43.469],[142.471,43.427],[142.453,43.408],[142.485,43.393],[142.527,43.395],[142.561,43.382],[142.566,43.383],[142.589,43.391],[142.601,43.389],[142.608,43.382],[142.617,43.384],[142.632,43.394],[142.64,43.394],[142.65,43.397],[142.655,43.396],[142.668,43.401]]]]}},{"type":"Feature","properties":{"name":"空知郡中富良野町","code":"01461"},"geometry":{"type":"MultiPolygon","coordinates":[[[[142.348,43.401],[142.346,43.391],[142.349,43.383],[142.354,43.379],[142.375,43.372],[142.378,43.375],[142.391,43.367],[142.426,43.351],[142.44,43.368],[142.454,43.362],[142.459,43.363],[142.485,43.363],[142.515,43.367],[142.528,43.361],[142.536,43.368],[142.562,43.372],[142.561,43.382],[142.527,43.395],[142.485,43.393],[142.453,43.408],[142.471,43.427],[142.382,43.469],[142.376,43.471],[142.367,43.468],[142.357,43.466],[142.361,43.458],[142.362,43.441],[142.368,43.436],[142.367,43.424],[142.358,43.42],[142.351,43.402],[142.348,43.401]]]]}},{"type":"Feature","properties":{"name":"空知郡南富良野町","code":"01462"},"geometry":{"type":"MultiPolygon","coordinates":[[[[142.313,43.049],[142.321,43.058],[142.335,43.062],[142.338,43.068],[142.338,43.085],[142.341,43.089],[142.353,43.091],[142.355,43.102],[142.363,43.104],[142.364,43.098],[142.375,43.096],[142.389,43.1],[142.397,43.093],[142.406,43.089],[142.422,43.09],[142.427,43.093],[142.443,43.083],[142.459,43.086],[142.467,43.095],[142.482,43.096],[142.492,43.104],[142.489,43.113],[142.503,43.117],[142.516,43.133],[142.536,43.132],[142.553,43.127],[142.557,43.122],[142.569,43.114],[142.581,43.111],[142.584,43.106],[142.597,43.104],[142.591,43.09],[142.596,43.079],[142.625,43.079],[142.631,43.075],[142.644,43.071],[142.648,43.062],[142.654,43.06],[142.656,43.054],[142.661,43.052],[142.673,43.043],[142.695,43.028],[142.7,43.022],[142.709,43.025],[142.722,43.017],[142.728,43.01],[142.741,43.005],[142.754,43.013],[142.754,43.026],[142.751,43.03],[142.753,43.036],[142.748,43.042],[142.749,43.052],[142.747,43.058],[142.74,43.066],[142.728,43.073],[142.728,43.078],[142.737,43.082],[142.744,43.088],[142.737,43.095],[142.751,43.11],[142.745,43.115],[142.753,43.123],[142.76,43.121],[142.767,43.13],[142.764,43.138],[142.767,43.145],[142.767,43.159],[142.779,43.174],[142.768,43.18],[142.769,43.189],[142.762,43.194],[142.763,43.2],[142.749,43.211],[142.74,43.213],[142.736,43.219],[142.734,43.234],[142.742,43.241],[142.734,43.249],[142.74,43.252],[142.742,43.258],[142.747,43.26],[142.747,43.265],[142.737,43.285],[142.735,43.298],[142.739,43.313],[142.736,43.319],[142.745,43.324],[142.749,43.34],[142.755,43.345],[142.769,43.347],[142.761,43.357],[142.75,43.353],[142.721,43.36],[142.715,43.368],[142.706,43.378],[142.695,43.385],[142.689,43.394],[142.684,43.395],[142.677,43.404],[142.672,43.405],[142.668,43.401],[142.67,43.385],[142.661,43.374],[142.651,43.364],[142.652,43.357],[142.646,43.353],[142.633,43.35],[142.63,43.342],[142.635,43.339],[142.636,43.333],[142.645,43.323],[142.655,43.321],[142.658,43.31],[142.672,43.298],[142.678,43.296],[142.669,43.288],[142.676,43.284],[142.678,43.273],[142.668,43.262],[142.663,43.258],[142.671,43.252],[142.669,43.243],[142.663,43.241],[142.66,43.236],[142.648,43.233],[142.638,43.219],[142.628,43.219],[142.62,43.214],[142.608,43.213],[142.599,43.203],[142.59,43.196],[142.577,43.196],[142.565,43.189],[142.557,43.189],[142.533,43.192],[142.527,43.196],[142.502,43.182],[142.501,43.178],[142.489,43.178],[142.478,43.174],[142.474,43.177],[142.452,43.177],[142.44,43.186],[142.442,43.192],[142.434,43.204],[142.416,43.209],[142.395,43.209],[142.396,43.2],[142.392,43.19],[142.386,43.183],[142.373,43.181],[142.371,43.177],[142.375,43.166],[142.358,43.166],[142.357,43.16],[142.348,43.159],[142.338,43.162],[142.329,43.16],[142.324,43.166],[142.323,43.174],[142.326,43.19],[142.32,43.207],[142.304,43.223],[142.295,43.229],[142.298,43.236],[142.29,43.238],[142.28,43.235],[142.276,43.233],[142.279,43.225],[142.284,43.213],[142.282,43.202],[142.284,43.198],[142.27,43.188],[142.27,43.179],[142.263,43.167],[142.256,43.16],[142.253,43.151],[142.263,43.136],[142.255,43.132],[142.253,43.122],[142.245,43.117],[142.244,43.106],[142.251,43.1],[142.25,43.093],[142.263,43.084],[142.268,43.071],[142.268,43.067],[142.294,43.051],[142.313,43.049]]]]}},{"type":"Feature","properties":{"name":"勇払郡占冠村","code":"01463"},"geometry":{"type":"MultiPolygon","coordinates":[[[[142.28,42.981],[142.284,42.973],[142.283,42.966],[142.274,42.956],[142.273,42.95],[142.279,42.944],[142.302,42.941],[142.301,42.933],[142.31,42.927],[142.312,42.918],[142.32,42.913],[142.333,42.909],[142.333,42.9],[142.325,42.891],[142.339,42.884],[142.344,42.884],[142.361,42.891],[142.37,42.89],[142.378,42.887],[142.386,42.892],[142.392,42.899],[142.396,42.9],[142.398,42.908],[142.404,42.914],[142.399,42.932],[142.409,42.934],[142.424,42.929],[142.428,42.922],[142.444,42.911],[142.466,42.917],[142.475,42.915],[142.486,42.923],[142.492,42.919],[142.498,42.92],[142.503,42.914],[142.511,42.92],[142.521,42.923],[142.525,42.919],[142.533,42.917],[142.536,42.911],[142.546,42.911],[142.551,42.917],[142.56,42.917],[142.573,42.932],[142.571,42.942],[142.578,42.948],[142.587,42.966],[142.607,42.973],[142.614,42.973],[142.627,42.981],[142.632,42.986],[142.652,42.986],[142.666,42.982],[142.678,42.991],[142.69,42.988],[142.703,42.99],[142.71,42.994],[142.72,43.005],[142.728,43.01],[142.722,43.017],[142.709,43.025],[142.7,43.022],[142.695,43.028],[142.673,43.043],[142.661,43.052],[142.656,43.054],[142.654,43.06],[142.648,43.062],[142.644,43.071],[142.631,43.075],[142.625,43.079],[142.596,43.079],[142.591,43.09],[142.597,43.104],[142.584,43.106],[142.581,43.111],[142.569,43.114],[142.557,43.122],[142.553,43.127],[142.536,43.132],[142.516,43.133],[142.503,43.117],[142.489,43.113],[142.492,43.104],[142.482,43.096],[142.467,43.095],[142.459,43.086],[142.443,43.083],[142.427,43.093],[142.422,43.09],[142.406,43.089],[142.397,43.093],[142.389,43.1],[142.377,43.099],[142.364,43.098],[142.363,43.104],[142.355,43.102],[142.353,43.091],[142.341,43.089],[142.338,43.085],[142.338,43.068],[142.335,43.062],[142.321,43.058],[142.313,43.049],[142.32,43.047],[142.33,43.032],[142.323,43.026],[142.302,43.017],[142.296,43.015],[142.29,43.009],[142.291,43.002],[142.285,42.988],[142.28,42.981]]]]}},{"type":"Feature","properties":{"name":"上川郡和寒町","code":"01464"},"geometry":{"type":"MultiPolygon","coordinates":[[[[142.432,43.947],[142.437,43.961],[142.434,43.965],[142.445,43.973],[142.448,43.967],[142.459,43.965],[142.466,43.965],[142.473,43.96],[142.488,43.956],[142.49,43.962],[142.492,43.976],[142.483,43.982],[142.481,43.987],[142.473,43.993],[142.479,44.003],[142.48,44.013],[142.477,44.02],[142.481,44.027],[142.479,44.036],[142.482,44.041],[142.482,44.057],[142.476,44.073],[142.465,44.082],[142.467,44.086],[142.458,44.095],[142.463,44.102],[142.457,44.109],[142.448,44.113],[142.438,44.106],[142.434,44.095],[142.428,44.095],[142.426,44.089],[142.417,44.077],[142.41,44.071],[142.394,44.067],[142.386,44.062],[142.379,44.064],[142.371,44.074],[142.363,44.057],[142.358,44.052],[142.345,44.053],[142.334,44.046],[142.318,44.038],[142.308,44.041],[142.286,44.038],[142.275,44.04],[142.259,44.036],[142.249,44.027],[142.236,44.02],[142.241,44.013],[142.247,43.993],[142.243,43.985],[142.253,43.982],[142.255,43.974],[142.253,43.967],[142.245,43.963],[142.245,43.956],[142.249,43.95],[142.274,43.94],[142.283,43.94],[142.288,43.945],[142.304,43.945],[142.306,43.955],[142.311,43.959],[142.326,43.955],[142.332,43.958],[142.362,43.963],[142.367,43.958],[142.388,43.955],[142.413,43.953],[142.421,43.944],[142.432,43.947]]]]}},{"type":"Feature","properties":{"name":"上川郡剣淵町","code":"01465"},"geometry":{"type":"MultiPolygon","coordinates":[[[[142.275,44.04],[142.286,44.038],[142.308,44.041],[142.318,44.038],[142.334,44.046],[142.345,44.053],[142.358,44.052],[142.363,44.057],[142.371,44.074],[142.379,44.064],[142.386,44.062],[142.394,44.067],[142.41,44.071],[142.417,44.077],[142.426,44.089],[142.428,44.095],[142.434,44.095],[142.438,44.106],[142.448,44.113],[142.441,44.118],[142.431,44.115],[142.424,44.117],[142.408,44.124],[142.413,44.137],[142.411,44.148],[142.393,44.146],[142.388,44.144],[142.37,44.141],[142.354,44.14],[142.346,44.148],[142.342,44.16],[142.334,44.164],[142.325,44.166],[142.322,44.169],[142.321,44.18],[142.31,44.186],[142.311,44.177],[142.302,44.176],[142.293,44.162],[142.285,44.159],[142.285,44.144],[142.278,44.133],[142.278,44.125],[142.274,44.118],[142.28,44.107],[142.281,44.089],[142.269,44.085],[142.268,44.075],[142.275,44.064],[142.276,44.056],[142.281,44.053],[142.282,44.043],[142.275,44.04]]]]}},{"type":"Feature","properties":{"name":"上川郡下川町","code":"01468"},"geometry":{"type":"MultiPolygon","coordinates":[[[[142.838,44.157],[142.852,44.158],[142.863,44.155],[142.877,44.16],[142.882,44.169],[142.877,44.175],[142.877,44.185],[142.868,44.188],[142.873,44.194],[142.869,44.198],[142.872,44.204],[142.866,44.212],[142.865,44.219],[142.876,44.229],[142.87,44.232],[142.866,44.241],[142.867,44.248],[142.859,44.257],[142.852,44.259],[142.846,44.267],[142.826,44.272],[142.824,44.279],[142.827,44.283],[142.829,44.293],[142.824,44.305],[142.823,44.314],[142.824,44.329],[142.817,44.332],[142.803,44.332],[142.802,44.343],[142.809,44.349],[142.816,44.35],[142.815,44.356],[142.826,44.369],[142.829,44.379],[142.824,44.388],[142.829,44.392],[142.83,44.397],[142.818,44.414],[142.819,44.419],[142.824,44.424],[142.836,44.426],[142.84,44.432],[142.851,44.438],[142.84,44.446],[142.845,44.454],[142.844,44.459],[142.822,44.455],[142.812,44.459],[142.795,44.456],[142.765,44.464],[142.758,44.461],[142.757,44.456],[142.749,44.455],[142.739,44.463],[142.734,44.46],[142.721,44.461],[142.721,44.469],[142.713,44.481],[142.695,44.482],[142.692,44.477],[142.683,44.473],[142.668,44.454],[142.655,44.448],[142.651,44.438],[142.62,44.435],[142.607,44.437],[142.594,44.432],[142.584,44.434],[142.581,44.433],[142.566,44.42],[142.559,44.41],[142.566,44.399],[142.563,44.397],[142.568,44.384],[142.572,44.368],[142.583,44.36],[142.579,44.356],[142.574,44.333],[142.569,44.327],[142.551,44.322],[142.531,44.291],[142.538,44.288],[142.55,44.291],[142.557,44.288],[142.572,44.289],[142.59,44.286],[142.593,44.282],[142.589,44.276],[142.591,44.267],[142.599,44.265],[142.603,44.259],[142.6,44.247],[142.609,44.246],[142.61,44.237],[142.615,44.229],[142.628,44.215],[142.625,44.207],[142.64,44.2],[142.628,44.192],[142.628,44.179],[142.622,44.179],[142.617,44.173],[142.634,44.166],[142.643,44.169],[142.659,44.172],[142.658,44.176],[142.663,44.182],[142.677,44.183],[142.686,44.188],[142.69,44.186],[142.694,44.172],[142.699,44.17],[142.701,44.178],[142.711,44.182],[142.717,44.188],[142.727,44.189],[142.741,44.192],[142.756,44.181],[142.769,44.179],[142.778,44.171],[142.786,44.16],[142.793,44.158],[142.788,44.152],[142.79,44.149],[142.802,44.142],[142.811,44.145],[142.821,44.154],[142.838,44.157]]]]}},{"type":"Feature","properties":{"name":"中川郡美深町","code":"01469"},"geometry":{"type":"MultiPolygon","coordinates":[[[[142.586,44.445],[142.593,44.455],[142.598,44.466],[142.597,44.475],[142.601,44.486],[142.613,44.494],[142.618,44.5],[142.621,44.514],[142.628,44.523],[142.635,44.524],[142.646,44.531],[142.636,44.536],[142.635,44.546],[142.636,44.554],[142.653,44.568],[142.656,44.578],[142.645,44.581],[142.647,44.59],[142.642,44.597],[142.622,44.595],[142.609,44.598],[142.594,44.594],[142.576,44.6],[142.565,44.6],[142.561,44.607],[142.563,44.612],[142.558,44.615],[142.548,44.613],[142.537,44.615],[142.524,44.609],[142.519,44.596],[142.515,44.592],[142.511,44.583],[142.495,44.578],[142.493,44.589],[142.484,44.59],[142.478,44.596],[142.479,44.606],[142.473,44.612],[142.469,44.62],[142.458,44.616],[142.436,44.62],[142.432,44.628],[142.418,44.637],[142.413,44.637],[142.405,44.649],[142.412,44.666],[142.392,44.661],[142.385,44.662],[142.373,44.671],[142.365,44.668],[142.349,44.668],[142.33,44.658],[142.313,44.655],[142.294,44.658],[142.277,44.654],[142.264,44.642],[142.263,44.637],[142.251,44.631],[142.226,44.631],[142.221,44.622],[142.211,44.617],[142.214,44.606],[142.19,44.603],[142.189,44.596],[142.18,44.59],[142.18,44.583],[142.195,44.571],[142.206,44.564],[142.206,44.554],[142.201,44.552],[142.203,44.541],[142.211,44.538],[142.212,44.528],[142.222,44.524],[142.219,44.509],[142.222,44.5],[142.207,44.496],[142.21,44.49],[142.205,44.477],[142.196,44.469],[142.193,44.46],[142.196,44.452],[142.209,44.454],[142.218,44.45],[142.222,44.441],[142.235,44.431],[142.234,44.426],[142.247,44.418],[142.25,44.41],[142.26,44.41],[142.271,44.402],[142.277,44.402],[142.282,44.396],[142.29,44.393],[142.304,44.402],[142.314,44.404],[142.315,44.409],[142.309,44.427],[142.304,44.436],[142.307,44.44],[142.318,44.443],[142.333,44.454],[142.337,44.458],[142.345,44.454],[142.356,44.457],[142.361,44.454],[142.368,44.458],[142.378,44.468],[142.388,44.468],[142.391,44.475],[142.399,44.481],[142.409,44.483],[142.416,44.482],[142.418,44.471],[142.434,44.47],[142.443,44.473],[142.457,44.471],[142.464,44.476],[142.473,44.474],[142.484,44.458],[142.491,44.452],[142.5,44.452],[142.504,44.448],[142.52,44.444],[142.543,44.446],[142.547,44.449],[142.566,44.45],[142.579,44.448],[142.586,44.445]]]]}},{"type":"Feature","properties":{"name":"中川郡音威子府村","code":"01470"},"geometry":{"type":"MultiPolygon","coordinates":[[[[142.412,44.666],[142.418,44.674],[142.409,44.687],[142.397,44.695],[142.395,44.701],[142.384,44.703],[142.376,44.702],[142.363,44.705],[142.359,44.71],[142.343,44.706],[142.338,44.709],[142.327,44.71],[142.324,44.727],[142.311,44.738],[142.309,44.746],[142.303,44.748],[142.305,44.762],[142.309,44.768],[142.312,44.778],[142.3,44.784],[142.296,44.788],[142.283,44.789],[142.28,44.803],[142.283,44.813],[142.281,44.822],[142.273,44.822],[142.263,44.817],[142.24,44.821],[142.236,44.827],[142.227,44.823],[142.209,44.821],[142.205,44.808],[142.191,44.799],[142.174,44.798],[142.17,44.787],[142.162,44.78],[142.164,44.764],[142.159,44.759],[142.15,44.747],[142.145,44.736],[142.153,44.735],[142.164,44.731],[142.166,44.728],[142.153,44.723],[142.148,44.719],[142.14,44.699],[142.143,44.694],[142.16,44.693],[142.155,44.681],[142.148,44.666],[142.157,44.656],[142.165,44.65],[142.167,44.641],[142.165,44.636],[142.17,44.63],[142.185,44.625],[142.19,44.617],[142.186,44.61],[142.19,44.603],[142.214,44.606],[142.211,44.617],[142.221,44.622],[142.226,44.631],[142.251,44.631],[142.263,44.637],[142.264,44.642],[142.277,44.654],[142.294,44.658],[142.313,44.655],[142.33,44.658],[142.349,44.668],[142.365,44.668],[142.373,44.671],[142.385,44.662],[142.392,44.661],[142.412,44.666]]]]}},{"type":"Feature","properties":{"name":"中川郡中川町","code":"01471"},"geometry":{"type":"MultiPolygon","coordinates":[[[[142.19,44.603],[142.186,44.61],[142.19,44.617],[142.185,44.625],[142.17,44.63],[142.165,44.636],[142.167,44.641],[142.165,44.65],[142.157,44.656],[142.148,44.666],[142.155,44.681],[142.16,44.693],[142.143,44.694],[142.14,44.699],[142.148,44.719],[142.153,44.723],[142.166,44.728],[142.164,44.731],[142.153,44.735],[142.145,44.736],[142.15,44.747],[142.159,44.759],[142.164,44.764],[142.162,44.78],[142.17,44.787],[142.174,44.798],[142.169,44.803],[142.161,44.804],[142.159,44.813],[142.166,44.823],[142.167,44.835],[142.162,44.837],[142.167,44.847],[142.166,44.852],[142.152,44.855],[142.151,44.86],[142.16,44.866],[142.16,44.87],[142.152,44.886],[142.133,44.902],[142.121,44.898],[142.111,44.898],[142.102,44.902],[142.096,44.901],[142.07,44.901],[142.053,44.898],[142.03,44.899],[142.028,44.905],[142.02,44.903],[142.019,44.896],[142.003,44.894],[142.0,44.89],[141.999,44.88],[141.991,44.876],[141.989,44.871],[141.997,44.863],[142.003,44.861],[142.008,44.853],[142.004,44.841],[141.998,44.833],[142.005,44.819],[141.997,44.805],[142.001,44.801],[141.991,44.78],[141.992,44.776],[141.987,44.768],[141.99,44.761],[141.985,44.758],[141.976,44.746],[141.981,44.741],[141.985,44.728],[141.995,44.72],[141.994,44.706],[142.001,44.701],[141.996,44.69],[141.989,44.686],[141.997,44.675],[141.995,44.671],[141.998,44.659],[142.01,44.654],[142.003,44.646],[142.003,44.641],[142.009,44.637],[142.004,44.633],[142.003,44.624],[142.014,44.62],[142.014,44.61],[142.008,44.606],[142.009,44.599],[142.016,44.593],[142.024,44.589],[142.029,44.59],[142.04,44.586],[142.044,44.571],[142.048,44.566],[142.047,44.56],[142.055,44.552],[142.051,44.548],[142.05,44.541],[142.041,44.531],[142.054,44.514],[142.067,44.505],[142.073,44.496],[142.08,44.497],[142.086,44.489],[142.096,44.49],[142.108,44.489],[142.115,44.475],[142.134,44.475],[142.145,44.479],[142.154,44.478],[142.159,44.474],[142.168,44.473],[142.177,44.469],[142.184,44.463],[142.193,44.46],[142.196,44.469],[142.205,44.477],[142.21,44.49],[142.207,44.496],[142.222,44.5],[142.219,44.509],[142.222,44.524],[142.212,44.528],[142.211,44.538],[142.203,44.541],[142.201,44.552],[142.206,44.554],[142.206,44.564],[142.195,44.571],[142.18,44.583],[142.18,44.59],[142.189,44.596],[142.19,44.603]]]]}},{"type":"Feature","properties":{"name":"雨竜郡幌加内町","code":"01472"},"geometry":{"type":"MultiPolygon","coordinates":[[[[142.245,43.956],[142.245,43.963],[142.253,43.967],[142.255,43.974],[142.253,43.982],[142.243,43.985],[142.247,43.993],[142.241,44.013],[142.236,44.02],[142.21,44.035],[142.206,44.033],[142.177,44.049],[142.174,44.062],[142.18,44.071],[142.182,44.081],[142.178,44.089],[142.181,44.095],[142.196,44.109],[142.204,44.123],[142.188,44.139],[142.185,44.152],[142.179,44.158],[142.189,44.167],[142.186,44.169],[142.188,44.176],[142.186,44.185],[142.177,44.187],[142.172,44.193],[142.183,44.198],[142.185,44.201],[142.199,44.208],[142.205,44.223],[142.204,44.227],[142.207,44.24],[142.213,44.241],[142.211,44.249],[142.201,44.256],[142.194,44.254],[142.185,44.248],[142.173,44.254],[142.175,44.261],[142.183,44.272],[142.192,44.279],[142.195,44.286],[142.207,44.278],[142.212,44.284],[142.214,44.295],[142.232,44.297],[142.24,44.295],[142.249,44.286],[142.257,44.286],[142.267,44.28],[142.273,44.284],[142.28,44.281],[142.281,44.276],[142.292,44.271],[142.291,44.266],[142.295,44.262],[142.312,44.267],[142.311,44.273],[142.292,44.292],[142.287,44.298],[142.288,44.304],[142.278,44.308],[142.279,44.315],[142.288,44.316],[142.307,44.329],[142.308,44.346],[142.315,44.347],[142.323,44.354],[142.32,44.38],[142.321,44.387],[142.317,44.4],[142.314,44.404],[142.304,44.402],[142.29,44.393],[142.282,44.396],[142.277,44.402],[142.271,44.402],[142.26,44.41],[142.25,44.41],[142.247,44.418],[142.234,44.426],[142.235,44.431],[142.222,44.441],[142.218,44.45],[142.209,44.454],[142.196,44.452],[142.193,44.46],[142.184,44.463],[142.177,44.469],[142.168,44.473],[142.159,44.474],[142.154,44.478],[142.145,44.479],[142.134,44.475],[142.115,44.475],[142.116,44.465],[142.111,44.46],[142.112,44.453],[142.106,44.439],[142.094,44.437],[142.088,44.439],[142.08,44.434],[142.077,44.424],[142.071,44.423],[142.065,44.417],[142.057,44.414],[142.054,44.409],[142.035,44.406],[142.036,44.401],[142.021,44.39],[142.026,44.382],[142.032,44.378],[142.029,44.371],[142.032,44.365],[142.032,44.356],[142.037,44.346],[142.048,44.345],[142.061,44.336],[142.054,44.326],[142.054,44.321],[142.059,44.315],[142.053,44.309],[142.06,44.298],[142.046,44.29],[142.031,44.285],[142.039,44.27],[142.035,44.265],[142.039,44.259],[142.046,44.263],[142.058,44.256],[142.062,44.25],[142.066,44.235],[142.05,44.232],[142.043,44.228],[142.05,44.217],[142.044,44.212],[142.05,44.204],[142.057,44.203],[142.06,44.197],[142.074,44.194],[142.082,44.196],[142.088,44.188],[142.088,44.182],[142.079,44.172],[142.076,44.165],[142.071,44.158],[142.071,44.151],[142.076,44.146],[142.072,44.139],[142.073,44.132],[142.078,44.129],[142.071,44.124],[142.071,44.119],[142.064,44.112],[142.053,44.104],[142.062,44.078],[142.07,44.07],[142.065,44.062],[142.057,44.056],[142.058,44.051],[142.066,44.048],[142.086,44.047],[142.095,44.045],[142.098,44.039],[142.093,44.029],[142.089,44.029],[142.091,44.015],[142.097,44.007],[142.096,44.001],[142.102,43.997],[142.105,43.986],[142.113,43.977],[142.112,43.972],[142.105,43.965],[142.115,43.956],[142.114,43.949],[142.12,43.946],[142.123,43.934],[142.14,43.919],[142.149,43.905],[142.159,43.914],[142.164,43.915],[142.171,43.923],[142.18,43.925],[142.187,43.93],[142.188,43.935],[142.199,43.945],[142.208,43.949],[142.22,43.948],[142.237,43.949],[142.245,43.956]]]]}},{"type":"Feature","properties":{"name":"増毛郡増毛町","code":"01481"},"geometry":{"type":"MultiPolygon","coordinates":[[[[141.608,43.903],[141.597,43.884],[141.588,43.882],[141.582,43.873],[141.575,43.868],[141.565,43.867],[141.562,43.86],[141.555,43.859],[141.547,43.86],[141.544,43.855],[141.537,43.852],[141.529,43.857],[141.519,43.859],[141.51,43.855],[141.497,43.839],[141.494,43.836],[141.482,43.836],[141.466,43.833],[141.458,43.836],[141.446,43.829],[141.434,43.826],[141.41,43.814],[141.399,43.812],[141.393,43.807],[141.382,43.802],[141.372,43.791],[141.37,43.778],[141.362,43.761],[141.351,43.755],[141.345,43.744],[141.337,43.737],[141.347,43.734],[141.371,43.728],[141.379,43.73],[141.393,43.738],[141.405,43.738],[141.414,43.727],[141.412,43.719],[141.417,43.711],[141.432,43.711],[141.439,43.704],[141.453,43.701],[141.469,43.701],[141.48,43.688],[141.491,43.684],[141.493,43.692],[141.505,43.699],[141.511,43.699],[141.525,43.708],[141.538,43.712],[141.559,43.718],[141.573,43.729],[141.596,43.739],[141.606,43.745],[141.615,43.743],[141.618,43.752],[141.632,43.76],[141.64,43.761],[141.647,43.756],[141.664,43.76],[141.694,43.746],[141.702,43.751],[141.705,43.757],[141.698,43.774],[141.7,43.781],[141.695,43.786],[141.699,43.796],[141.699,43.806],[141.693,43.816],[141.695,43.825],[141.687,43.828],[141.686,43.833],[141.676,43.842],[141.669,43.853],[141.662,43.855],[141.664,43.864],[141.662,43.874],[141.647,43.881],[141.64,43.89],[141.636,43.89],[141.625,43.899],[141.608,43.903]]]]}},{"type":"Feature","properties":{"name":"留萌郡小平町","code":"01482"},"geometry":{"type":"MultiPolygon","coordinates":[[[[141.885,43.943],[141.895,43.945],[141.901,43.957],[141.92,43.958],[141.931,43.963],[141.929,43.972],[141.931,43.983],[141.949,43.999],[141.968,43.998],[141.986,43.993],[141.992,43.997],[141.996,44.006],[142.011,44.004],[142.02,44.006],[142.033,43.998],[142.041,44.0],[142.043,44.009],[142.054,44.019],[142.061,44.031],[142.058,44.037],[142.06,44.045],[142.066,44.048],[142.058,44.051],[142.057,44.056],[142.065,44.062],[142.07,44.07],[142.062,44.078],[142.053,44.104],[142.064,44.112],[142.071,44.119],[142.071,44.124],[142.078,44.129],[142.073,44.132],[142.072,44.139],[142.076,44.146],[142.071,44.151],[142.071,44.158],[142.076,44.165],[142.055,44.169],[142.048,44.157],[142.033,44.147],[142.022,44.151],[142.016,44.147],[142.002,44.144],[141.987,44.149],[141.968,44.142],[141.956,44.147],[141.947,44.146],[141.947,44.141],[141.951,44.133],[141.947,44.128],[141.951,44.125],[141.946,44.116],[141.932,44.119],[141.93,44.123],[141.915,44.121],[141.911,44.113],[141.9,44.11],[141.889,44.105],[141.871,44.107],[141.866,44.111],[141.848,44.116],[141.84,44.117],[141.836,44.112],[141.824,44.108],[141.825,44.099],[141.821,44.094],[141.813,44.091],[141.801,44.096],[141.785,44.098],[141.776,44.105],[141.77,44.112],[141.778,44.121],[141.772,44.134],[141.772,44.142],[141.766,44.149],[141.748,44.164],[141.73,44.168],[141.722,44.173],[141.729,44.182],[141.728,44.187],[141.712,44.201],[141.708,44.206],[141.698,44.206],[141.686,44.215],[141.667,44.213],[141.656,44.209],[141.658,44.188],[141.658,44.162],[141.654,44.154],[141.653,44.142],[141.66,44.101],[141.662,44.078],[141.662,44.039],[141.661,44.028],[141.662,44.023],[141.66,44.008],[141.651,43.994],[141.654,43.985],[141.668,43.978],[141.671,43.972],[141.679,43.965],[141.689,43.964],[141.694,43.958],[141.704,43.958],[141.71,43.954],[141.719,43.951],[141.721,43.944],[141.734,43.941],[141.737,43.935],[141.743,43.931],[141.761,43.933],[141.772,43.931],[141.782,43.937],[141.795,43.951],[141.798,43.958],[141.809,43.959],[141.821,43.963],[141.834,43.96],[141.842,43.967],[141.859,43.965],[141.866,43.957],[141.875,43.954],[141.885,43.943]]]]}},{"type":"Feature","properties":{"name":"苫前郡苫前町","code":"01483"},"geometry":{"type":"MultiPolygon","coordinates":[[[[142.043,44.228],[142.036,44.234],[142.026,44.229],[142.025,44.218],[142.02,44.214],[142.006,44.214],[141.995,44.207],[141.989,44.208],[141.981,44.215],[141.976,44.215],[141.976,44.222],[141.961,44.224],[141.952,44.224],[141.946,44.227],[141.946,44.233],[141.934,44.238],[141.924,44.249],[141.911,44.252],[141.903,44.257],[141.892,44.255],[141.878,44.261],[141.877,44.265],[141.865,44.269],[141.852,44.269],[141.84,44.271],[141.826,44.27],[141.8,44.277],[141.769,44.284],[141.768,44.296],[141.762,44.298],[141.748,44.299],[141.738,44.311],[141.727,44.312],[141.724,44.318],[141.725,44.325],[141.698,44.342],[141.684,44.347],[141.679,44.333],[141.672,44.324],[141.662,44.316],[141.647,44.312],[141.649,44.297],[141.648,44.292],[141.654,44.264],[141.654,44.26],[141.658,44.242],[141.654,44.22],[141.656,44.209],[141.667,44.213],[141.686,44.215],[141.698,44.206],[141.708,44.206],[141.712,44.201],[141.728,44.187],[141.729,44.182],[141.722,44.173],[141.73,44.168],[141.748,44.164],[141.766,44.149],[141.772,44.142],[141.772,44.134],[141.778,44.121],[141.77,44.112],[141.776,44.105],[141.785,44.098],[141.801,44.096],[141.813,44.091],[141.821,44.094],[141.825,44.099],[141.824,44.108],[141.836,44.112],[141.84,44.117],[141.848,44.116],[141.866,44.111],[141.871,44.107],[141.889,44.105],[141.9,44.11],[141.911,44.113],[141.915,44.121],[141.93,44.123],[141.932,44.119],[141.946,44.116],[141.951,44.125],[141.947,44.128],[141.951,44.133],[141.947,44.141],[141.947,44.146],[141.956,44.147],[141.968,44.142],[141.987,44.149],[142.002,44.144],[142.016,44.147],[142.022,44.151],[142.033,44.147],[142.048,44.157],[142.055,44.169],[142.076,44.165],[142.079,44.172],[142.088,44.182],[142.088,44.188],[142.082,44.196],[142.074,44.194],[142.06,44.197],[142.057,44.203],[142.05,44.204],[142.044,44.212],[142.05,44.217],[142.043,44.228]]]]}},{"type":"Feature","properties":{"name":"苫前郡羽幌町","code":"01484"},"geometry":{"type":"MultiPolygon","coordinates":[[[[141.327,44.442],[141.314,44.434],[141.307,44.427],[141.296,44.423],[141.293,44.42],[141.294,44.413],[141.32,44.416],[141.336,44.432],[141.328,44.438],[141.327,44.442]]],[[[141.426,44.447],[141.409,44.444],[141.386,44.438],[141.384,44.43],[141.394,44.431],[141.416,44.428],[141.426,44.428],[141.429,44.433],[141.426,44.447]]],[[[142.032,44.356],[142.019,44.356],[142.013,44.362],[142.01,44.372],[142.008,44.388],[142.0,44.404],[142.001,44.411],[141.99,44.418],[141.983,44.428],[141.976,44.433],[141.974,44.443],[141.956,44.448],[141.948,44.455],[141.939,44.451],[141.931,44.445],[141.906,44.436],[141.889,44.431],[141.88,44.425],[141.885,44.417],[141.876,44.404],[141.875,44.396],[141.866,44.392],[141.847,44.387],[141.842,44.391],[141.814,44.395],[141.806,44.394],[141.801,44.398],[141.793,44.397],[141.788,44.4],[141.782,44.41],[141.775,44.417],[141.773,44.424],[141.759,44.427],[141.747,44.433],[141.736,44.415],[141.725,44.405],[141.71,44.391],[141.707,44.378],[141.699,44.369],[141.692,44.366],[141.684,44.347],[141.698,44.342],[141.725,44.325],[141.724,44.318],[141.727,44.312],[141.738,44.311],[141.748,44.299],[141.762,44.298],[141.768,44.296],[141.769,44.284],[141.8,44.277],[141.826,44.27],[141.84,44.271],[141.852,44.269],[141.865,44.269],[141.877,44.265],[141.878,44.261],[141.892,44.255],[141.903,44.257],[141.911,44.252],[141.924,44.249],[141.934,44.238],[141.946,44.233],[141.946,44.227],[141.952,44.224],[141.961,44.224],[141.976,44.222],[141.976,44.215],[141.981,44.215],[141.989,44.208],[141.995,44.207],[142.006,44.214],[142.02,44.214],[142.025,44.218],[142.026,44.229],[142.036,44.234],[142.043,44.228],[142.05,44.232],[142.066,44.235],[142.062,44.25],[142.058,44.256],[142.046,44.263],[142.039,44.259],[142.035,44.265],[142.039,44.27],[142.031,44.285],[142.046,44.29],[142.06,44.298],[142.053,44.309],[142.059,44.315],[142.054,44.321],[142.054,44.326],[142.061,44.336],[142.048,44.345],[142.037,44.346],[142.032,44.356]]]]}},{"type":"Feature","properties":{"name":"苫前郡初山別村","code":"01485"},"geometry":{"type":"MultiPolygon","coordinates":[[[[141.939,44.451],[141.932,44.455],[141.932,44.46],[141.921,44.463],[141.921,44.468],[141.91,44.468],[141.907,44.472],[141.91,44.478],[141.907,44.483],[141.913,44.49],[141.906,44.495],[141.898,44.496],[141.897,44.502],[141.907,44.507],[141.914,44.516],[141.93,44.522],[141.927,44.545],[141.932,44.553],[141.933,44.563],[141.931,44.572],[141.923,44.578],[141.924,44.587],[141.929,44.594],[141.921,44.6],[141.903,44.602],[141.897,44.604],[141.889,44.601],[141.883,44.603],[141.872,44.6],[141.857,44.605],[141.856,44.609],[141.848,44.611],[141.834,44.611],[141.821,44.622],[141.82,44.63],[141.813,44.632],[141.811,44.638],[141.797,44.637],[141.792,44.643],[141.79,44.605],[141.787,44.587],[141.782,44.572],[141.778,44.565],[141.773,44.565],[141.767,44.556],[141.766,44.537],[141.763,44.531],[141.764,44.511],[141.761,44.472],[141.755,44.451],[141.747,44.433],[141.759,44.427],[141.773,44.424],[141.775,44.417],[141.782,44.41],[141.788,44.4],[141.793,44.397],[141.801,44.398],[141.806,44.394],[141.814,44.395],[141.842,44.391],[141.847,44.387],[141.866,44.392],[141.875,44.396],[141.876,44.404],[141.885,44.417],[141.88,44.425],[141.889,44.431],[141.903,44.433],[141.931,44.445],[141.939,44.451]]]]}},{"type":"Feature","properties":{"name":"天塩郡遠別町","code":"01486"},"geometry":{"type":"MultiPolygon","coordinates":[[[[141.991,44.78],[141.973,44.779],[141.966,44.776],[141.948,44.775],[141.94,44.768],[141.926,44.764],[141.917,44.767],[141.907,44.763],[141.895,44.77],[141.896,44.775],[141.89,44.785],[141.884,44.802],[141.888,44.81],[141.876,44.811],[141.868,44.822],[141.866,44.832],[141.858,44.845],[141.853,44.841],[141.855,44.833],[141.854,44.824],[141.832,44.819],[141.763,44.808],[141.775,44.766],[141.783,44.728],[141.781,44.722],[141.783,44.716],[141.788,44.695],[141.792,44.662],[141.792,44.643],[141.797,44.637],[141.811,44.638],[141.813,44.632],[141.82,44.63],[141.821,44.622],[141.834,44.611],[141.848,44.611],[141.856,44.609],[141.857,44.605],[141.872,44.6],[141.883,44.603],[141.889,44.601],[141.897,44.604],[141.903,44.602],[141.921,44.6],[141.929,44.594],[141.924,44.587],[141.923,44.578],[141.931,44.572],[141.933,44.563],[141.932,44.553],[141.927,44.545],[141.93,44.522],[141.914,44.516],[141.907,44.507],[141.897,44.502],[141.898,44.496],[141.906,44.495],[141.913,44.49],[141.907,44.483],[141.91,44.478],[141.907,44.472],[141.91,44.468],[141.921,44.468],[141.921,44.463],[141.932,44.46],[141.932,44.455],[141.939,44.451],[141.948,44.455],[141.956,44.448],[141.974,44.443],[141.976,44.433],[141.983,44.428],[141.99,44.418],[142.001,44.411],[142.0,44.404],[142.008,44.388],[142.01,44.372],[142.013,44.362],[142.019,44.356],[142.032,44.356],[142.032,44.365],[142.029,44.371],[142.032,44.378],[142.026,44.382],[142.021,44.39],[142.036,44.401],[142.035,44.406],[142.054,44.409],[142.057,44.414],[142.065,44.417],[142.071,44.423],[142.077,44.424],[142.08,44.434],[142.088,44.439],[142.094,44.437],[142.106,44.439],[142.112,44.453],[142.111,44.46],[142.116,44.465],[142.115,44.475],[142.108,44.489],[142.096,44.49],[142.086,44.489],[142.08,44.497],[142.073,44.496],[142.067,44.505],[142.054,44.514],[142.041,44.531],[142.05,44.541],[142.051,44.548],[142.055,44.552],[142.047,44.56],[142.048,44.566],[142.044,44.571],[142.04,44.586],[142.029,44.59],[142.024,44.589],[142.016,44.593],[142.009,44.599],[142.008,44.606],[142.014,44.61],[142.014,44.62],[142.003,44.624],[142.004,44.633],[142.009,44.637],[142.003,44.641],[142.003,44.646],[142.01,44.654],[141.998,44.659],[141.995,44.671],[141.997,44.675],[141.989,44.686],[141.996,44.69],[142.001,44.701],[141.994,44.706],[141.995,44.72],[141.985,44.728],[141.981,44.741],[141.976,44.746],[141.985,44.758],[141.99,44.761],[141.987,44.768],[141.992,44.776],[141.991,44.78]]]]}},{"type":"Feature","properties":{"name":"天塩郡天塩町","code":"01487"},"geometry":{"type":"MultiPolygon","coordinates":[[[[142.028,44.905],[142.021,44.911],[142.012,44.907],[142.004,44.898],[141.993,44.904],[141.99,44.916],[141.983,44.916],[141.975,44.911],[141.967,44.903],[141.953,44.898],[141.949,44.911],[141.93,44.908],[141.929,44.9],[141.91,44.909],[141.919,44.916],[141.909,44.922],[141.899,44.923],[141.877,44.929],[141.877,44.947],[141.876,44.956],[141.872,44.971],[141.864,44.98],[141.863,44.988],[141.855,44.993],[141.838,44.992],[141.833,44.99],[141.82,44.993],[141.796,44.992],[141.778,44.985],[141.766,44.985],[141.762,44.983],[141.745,44.969],[141.733,44.966],[141.715,44.953],[141.716,44.946],[141.721,44.942],[141.727,44.927],[141.729,44.914],[141.737,44.894],[141.74,44.882],[141.737,44.878],[141.747,44.857],[141.755,44.836],[141.763,44.808],[141.832,44.819],[141.854,44.824],[141.855,44.833],[141.853,44.841],[141.858,44.845],[141.866,44.832],[141.868,44.822],[141.876,44.811],[141.888,44.81],[141.884,44.802],[141.89,44.785],[141.896,44.775],[141.895,44.77],[141.907,44.763],[141.917,44.767],[141.926,44.764],[141.94,44.768],[141.948,44.775],[141.966,44.776],[141.973,44.779],[141.991,44.78],[142.001,44.801],[141.997,44.805],[142.005,44.819],[141.998,44.833],[142.004,44.841],[142.008,44.853],[142.003,44.861],[141.997,44.863],[141.989,44.871],[141.991,44.876],[141.999,44.88],[142.0,44.89],[142.003,44.894],[142.019,44.896],[142.02,44.903],[142.028,44.905]]]]}},{"type":"Feature","properties":{"name":"宗谷郡猿払村","code":"01511"},"geometry":{"type":"MultiPolygon","coordinates":[[[[141.997,45.236],[142.002,45.224],[141.996,45.219],[141.993,45.211],[141.98,45.207],[141.993,45.192],[141.992,45.184],[142.005,45.181],[142.005,45.174],[142.01,45.165],[142.011,45.154],[142.017,45.15],[142.019,45.144],[142.014,45.139],[142.006,45.136],[142.002,45.13],[141.996,45.13],[141.988,45.124],[141.989,45.117],[141.987,45.108],[141.992,45.101],[142.004,45.101],[142.005,45.093],[142.015,45.093],[142.025,45.086],[142.037,45.084],[142.051,45.064],[142.063,45.069],[142.066,45.074],[142.078,45.086],[142.085,45.09],[142.101,45.094],[142.107,45.088],[142.116,45.088],[142.131,45.082],[142.129,45.079],[142.133,45.07],[142.144,45.065],[142.147,45.061],[142.164,45.051],[142.183,45.054],[142.18,45.065],[142.186,45.078],[142.198,45.082],[142.199,45.091],[142.193,45.098],[142.19,45.118],[142.182,45.119],[142.182,45.128],[142.172,45.131],[142.169,45.141],[142.186,45.146],[142.186,45.16],[142.192,45.169],[142.205,45.179],[142.211,45.179],[142.218,45.175],[142.231,45.18],[142.239,45.18],[142.243,45.185],[142.245,45.191],[142.251,45.192],[142.257,45.188],[142.264,45.186],[142.281,45.178],[142.296,45.173],[142.313,45.162],[142.319,45.161],[142.345,45.175],[142.312,45.203],[142.285,45.226],[142.263,45.245],[142.227,45.283],[142.192,45.315],[142.18,45.33],[142.166,45.342],[142.149,45.351],[142.116,45.366],[142.085,45.383],[142.063,45.394],[142.05,45.402],[142.049,45.386],[142.044,45.376],[142.028,45.374],[142.025,45.365],[142.017,45.362],[142.001,45.361],[141.983,45.353],[141.977,45.354],[141.962,45.344],[141.96,45.336],[141.969,45.328],[141.975,45.318],[141.974,45.309],[141.967,45.305],[141.961,45.294],[141.968,45.293],[141.981,45.287],[141.991,45.286],[141.991,45.278],[141.995,45.273],[141.989,45.266],[141.993,45.258],[142.006,45.25],[141.997,45.241],[141.997,45.236]]]]}},{"type":"Feature","properties":{"name":"枝幸郡浜頓別町","code":"01512"},"geometry":{"type":"MultiPolygon","coordinates":[[[[142.164,45.051],[142.157,45.044],[142.156,45.038],[142.17,45.038],[142.17,45.03],[142.165,45.021],[142.156,45.017],[142.154,45.011],[142.159,44.999],[142.159,44.992],[142.17,44.982],[142.166,44.971],[142.171,44.968],[142.184,44.971],[142.198,44.969],[142.205,44.97],[142.209,44.976],[142.221,44.985],[142.212,44.992],[142.235,44.993],[142.236,44.997],[142.252,44.999],[142.252,45.005],[142.257,45.011],[142.27,45.012],[142.282,45.021],[142.306,45.025],[142.312,45.019],[142.327,45.018],[142.345,45.013],[142.361,45.015],[142.373,45.007],[142.388,45.01],[142.398,44.996],[142.397,44.983],[142.405,44.977],[142.415,44.977],[142.425,44.981],[142.429,44.991],[142.443,44.998],[142.448,44.994],[142.46,44.989],[142.466,44.992],[142.472,45.004],[142.484,45.005],[142.478,45.015],[142.491,45.022],[142.485,45.027],[142.485,45.032],[142.476,45.039],[142.471,45.048],[142.477,45.053],[142.493,45.055],[142.504,45.06],[142.487,45.06],[142.482,45.061],[142.464,45.076],[142.447,45.091],[142.429,45.103],[142.407,45.121],[142.39,45.137],[142.385,45.139],[142.354,45.167],[142.345,45.175],[142.319,45.161],[142.313,45.162],[142.296,45.173],[142.281,45.178],[142.264,45.186],[142.257,45.188],[142.251,45.192],[142.245,45.191],[142.243,45.185],[142.239,45.18],[142.231,45.18],[142.218,45.175],[142.211,45.179],[142.205,45.179],[142.192,45.169],[142.186,45.16],[142.186,45.146],[142.169,45.141],[142.172,45.131],[142.182,45.128],[142.182,45.119],[142.19,45.118],[142.193,45.098],[142.199,45.091],[142.198,45.082],[142.186,45.078],[142.18,45.065],[142.183,45.054],[142.164,45.051]]]]}},{"type":"Feature","properties":{"name":"枝幸郡中頓別町","code":"01513"},"geometry":{"type":"MultiPolygon","coordinates":[[[[142.312,44.778],[142.315,44.789],[142.322,44.795],[142.321,44.802],[142.313,44.806],[142.315,44.826],[142.319,44.831],[142.331,44.835],[142.331,44.845],[142.34,44.855],[142.352,44.861],[142.354,44.866],[142.362,44.871],[142.367,44.865],[142.376,44.865],[142.383,44.873],[142.391,44.871],[142.4,44.876],[142.398,44.885],[142.406,44.893],[142.405,44.899],[142.413,44.906],[142.411,44.911],[142.415,44.92],[142.423,44.925],[142.429,44.941],[142.423,44.948],[142.424,44.956],[142.42,44.961],[142.426,44.968],[142.418,44.97],[142.415,44.977],[142.405,44.977],[142.397,44.983],[142.398,44.996],[142.388,45.01],[142.373,45.007],[142.361,45.015],[142.345,45.013],[142.327,45.018],[142.312,45.019],[142.306,45.025],[142.282,45.021],[142.27,45.012],[142.257,45.011],[142.252,45.005],[142.252,44.999],[142.236,44.997],[142.235,44.993],[142.212,44.992],[142.221,44.985],[142.209,44.976],[142.205,44.97],[142.198,44.969],[142.184,44.971],[142.171,44.968],[142.166,44.971],[142.154,44.965],[142.15,44.958],[142.141,44.953],[142.145,44.943],[142.141,44.929],[142.131,44.925],[142.127,44.911],[142.134,44.906],[142.133,44.902],[142.152,44.886],[142.16,44.87],[142.16,44.866],[142.151,44.86],[142.152,44.855],[142.166,44.852],[142.167,44.847],[142.162,44.837],[142.167,44.835],[142.166,44.823],[142.159,44.813],[142.161,44.804],[142.169,44.803],[142.174,44.798],[142.191,44.799],[142.205,44.808],[142.209,44.821],[142.227,44.823],[142.236,44.827],[142.24,44.821],[142.263,44.817],[142.273,44.822],[142.281,44.822],[142.283,44.813],[142.28,44.803],[142.283,44.789],[142.296,44.788],[142.3,44.784],[142.312,44.778]]]]}},{"type":"Feature","properties":{"name":"枝幸郡枝幸町","code":"01514"},"geometry":{"type":"MultiPolygon","coordinates":[[[[142.647,44.59],[142.657,44.597],[142.671,44.598],[142.687,44.603],[142.689,44.61],[142.686,44.617],[142.696,44.621],[142.702,44.63],[142.721,44.632],[142.731,44.639],[142.74,44.641],[142.751,44.64],[142.762,44.635],[142.766,44.639],[142.791,44.64],[142.81,44.657],[142.824,44.664],[142.831,44.67],[142.835,44.681],[142.842,44.687],[142.833,44.691],[142.816,44.703],[142.815,44.707],[142.805,44.709],[142.793,44.717],[142.784,44.727],[142.778,44.729],[142.773,44.738],[142.763,44.742],[142.755,44.751],[142.738,44.761],[142.728,44.771],[142.719,44.786],[142.702,44.797],[142.702,44.806],[142.683,44.822],[142.683,44.826],[142.675,44.836],[142.66,44.84],[142.656,44.849],[142.651,44.855],[142.646,44.866],[142.635,44.877],[142.636,44.883],[142.633,44.888],[142.624,44.889],[142.608,44.9],[142.586,44.922],[142.587,44.934],[142.59,44.94],[142.579,44.948],[142.578,44.962],[142.566,44.969],[142.561,44.977],[142.551,44.985],[142.545,44.986],[142.537,45.0],[142.541,45.004],[142.532,45.012],[142.532,45.027],[142.519,45.032],[142.519,45.036],[142.508,45.04],[142.5,45.051],[142.504,45.06],[142.493,45.055],[142.477,45.053],[142.471,45.048],[142.476,45.039],[142.485,45.032],[142.485,45.027],[142.491,45.022],[142.478,45.015],[142.484,45.005],[142.472,45.004],[142.466,44.992],[142.46,44.989],[142.448,44.994],[142.443,44.998],[142.429,44.991],[142.425,44.981],[142.415,44.977],[142.418,44.97],[142.426,44.968],[142.42,44.961],[142.424,44.956],[142.423,44.948],[142.429,44.941],[142.423,44.925],[142.415,44.92],[142.411,44.911],[142.413,44.906],[142.405,44.899],[142.406,44.893],[142.398,44.885],[142.4,44.876],[142.391,44.871],[142.383,44.873],[142.376,44.865],[142.367,44.865],[142.362,44.871],[142.354,44.866],[142.352,44.861],[142.34,44.855],[142.331,44.845],[142.331,44.835],[142.319,44.831],[142.315,44.826],[142.313,44.806],[142.321,44.802],[142.322,44.795],[142.315,44.789],[142.312,44.778],[142.309,44.768],[142.305,44.762],[142.303,44.748],[142.309,44.746],[142.311,44.738],[142.324,44.727],[142.327,44.71],[142.338,44.709],[142.343,44.706],[142.359,44.71],[142.363,44.705],[142.376,44.702],[142.384,44.703],[142.395,44.701],[142.397,44.695],[142.409,44.687],[142.418,44.674],[142.412,44.666],[142.405,44.649],[142.413,44.637],[142.418,44.637],[142.432,44.628],[142.436,44.62],[142.458,44.616],[142.469,44.62],[142.473,44.612],[142.479,44.606],[142.478,44.596],[142.484,44.59],[142.493,44.589],[142.495,44.578],[142.511,44.583],[142.515,44.592],[142.519,44.596],[142.524,44.609],[142.537,44.615],[142.548,44.613],[142.558,44.615],[142.563,44.612],[142.561,44.607],[142.565,44.6],[142.576,44.6],[142.594,44.594],[142.609,44.598],[142.622,44.595],[142.642,44.597],[142.647,44.59]]]]}},{"type":"Feature","properties":{"name":"天塩郡豊富町","code":"01516"},"geometry":{"type":"MultiPolygon","coordinates":[[[[141.578,45.176],[141.584,45.16],[141.591,45.147],[141.613,45.112],[141.627,45.091],[141.649,45.055],[141.663,45.031],[141.675,45.049],[141.734,45.08],[141.749,45.081],[141.765,45.074],[141.768,45.069],[141.769,45.058],[141.775,45.058],[141.781,45.052],[141.786,45.053],[141.804,45.049],[141.809,45.052],[141.821,45.049],[141.836,45.051],[141.868,45.085],[141.882,45.079],[141.897,45.078],[141.916,45.081],[141.923,45.08],[141.932,45.084],[141.948,45.076],[141.957,45.079],[141.97,45.073],[141.976,45.075],[141.982,45.083],[141.988,45.086],[141.995,45.083],[142.004,45.089],[142.005,45.093],[142.004,45.101],[141.992,45.101],[141.987,45.108],[141.989,45.117],[141.988,45.124],[141.996,45.13],[142.002,45.13],[142.006,45.136],[142.014,45.139],[142.019,45.144],[142.017,45.15],[142.011,45.154],[142.01,45.165],[142.005,45.174],[142.005,45.181],[141.992,45.184],[141.993,45.192],[141.978,45.204],[141.993,45.211],[141.996,45.219],[142.002,45.224],[141.997,45.236],[141.991,45.231],[141.979,45.232],[141.965,45.225],[141.944,45.226],[141.924,45.21],[141.914,45.203],[141.902,45.191],[141.902,45.177],[141.863,45.176],[141.863,45.19],[141.855,45.193],[141.847,45.193],[141.832,45.188],[141.823,45.194],[141.837,45.201],[141.822,45.206],[141.822,45.212],[141.799,45.2],[141.77,45.228],[141.784,45.235],[141.78,45.244],[141.767,45.259],[141.767,45.27],[141.763,45.274],[141.75,45.27],[141.747,45.267],[141.734,45.265],[141.738,45.255],[141.73,45.247],[141.731,45.239],[141.718,45.235],[141.713,45.231],[141.696,45.241],[141.691,45.238],[141.681,45.24],[141.669,45.239],[141.658,45.234],[141.656,45.223],[141.643,45.219],[141.633,45.21],[141.625,45.21],[141.617,45.205],[141.596,45.201],[141.593,45.194],[141.599,45.19],[141.6,45.175],[141.593,45.173],[141.582,45.178],[141.578,45.176]]]]}},{"type":"Feature","properties":{"name":"利尻郡利尻町","code":"01518"},"geometry":{"type":"MultiPolygon","coordinates":[[[[141.246,45.101],[141.244,45.106],[141.251,45.113],[141.251,45.125],[141.256,45.147],[141.25,45.15],[141.251,45.159],[141.247,45.163],[141.241,45.181],[141.228,45.187],[141.215,45.189],[141.203,45.204],[141.197,45.207],[141.166,45.211],[141.157,45.215],[141.149,45.224],[141.142,45.224],[141.132,45.213],[141.136,45.206],[141.135,45.2],[141.142,45.194],[141.141,45.189],[141.129,45.184],[141.14,45.181],[141.136,45.177],[141.141,45.162],[141.149,45.159],[141.152,45.151],[141.161,45.147],[141.166,45.137],[141.18,45.128],[141.193,45.125],[141.205,45.114],[141.228,45.105],[141.227,45.1],[141.238,45.097],[141.246,45.101]]]]}},{"type":"Feature","properties":{"name":"利尻郡利尻富士町","code":"01519"},"geometry":{"type":"MultiPolygon","coordinates":[[[[141.246,45.101],[141.276,45.111],[141.28,45.107],[141.287,45.11],[141.286,45.115],[141.293,45.119],[141.295,45.125],[141.301,45.125],[141.309,45.13],[141.307,45.134],[141.323,45.146],[141.329,45.149],[141.329,45.16],[141.325,45.184],[141.304,45.215],[141.296,45.22],[141.282,45.223],[141.28,45.231],[141.269,45.236],[141.265,45.23],[141.254,45.235],[141.234,45.234],[141.227,45.237],[141.228,45.244],[141.218,45.25],[141.201,45.256],[141.189,45.257],[141.179,45.25],[141.176,45.243],[141.17,45.238],[141.156,45.235],[141.149,45.224],[141.157,45.215],[141.166,45.211],[141.197,45.207],[141.203,45.204],[141.215,45.189],[141.228,45.187],[141.241,45.181],[141.247,45.163],[141.251,45.159],[141.25,45.15],[141.256,45.147],[141.251,45.125],[141.251,45.113],[141.244,45.106],[141.246,45.101]]]]}},{"type":"Feature","properties":{"name":"天塩郡幌延町","code":"01520"},"geometry":{"type":"MultiPolygon","coordinates":[[[[142.133,44.902],[142.134,44.906],[142.127,44.911],[142.131,44.925],[142.141,44.929],[142.145,44.943],[142.141,44.953],[142.15,44.958],[142.154,44.965],[142.166,44.971],[142.17,44.982],[142.159,44.992],[142.159,44.999],[142.154,45.011],[142.156,45.017],[142.165,45.021],[142.17,45.03],[142.17,45.038],[142.156,45.038],[142.157,45.044],[142.164,45.051],[142.147,45.061],[142.144,45.065],[142.133,45.07],[142.129,45.079],[142.131,45.082],[142.116,45.088],[142.107,45.088],[142.101,45.094],[142.085,45.09],[142.078,45.086],[142.066,45.074],[142.063,45.069],[142.051,45.064],[142.037,45.084],[142.025,45.086],[142.015,45.093],[142.005,45.093],[142.004,45.089],[141.995,45.083],[141.988,45.086],[141.982,45.083],[141.976,45.075],[141.97,45.073],[141.957,45.079],[141.948,45.076],[141.932,45.084],[141.923,45.08],[141.916,45.081],[141.897,45.078],[141.882,45.079],[141.868,45.085],[141.836,45.051],[141.821,45.049],[141.809,45.052],[141.804,45.049],[141.786,45.053],[141.781,45.052],[141.775,45.058],[141.769,45.058],[141.768,45.069],[141.765,45.074],[141.749,45.081],[141.734,45.08],[141.675,45.049],[141.663,45.031],[141.698,44.97],[141.718,44.93],[141.732,44.9],[141.737,44.886],[141.737,44.878],[141.74,44.882],[141.737,44.894],[141.729,44.914],[141.727,44.927],[141.721,44.942],[141.716,44.946],[141.715,44.953],[141.733,44.966],[141.745,44.969],[141.762,44.983],[141.766,44.985],[141.778,44.985],[141.796,44.992],[141.82,44.993],[141.833,44.99],[141.838,44.992],[141.855,44.993],[141.863,44.988],[141.864,44.98],[141.872,44.971],[141.876,44.956],[141.877,44.947],[141.874,44.932],[141.899,44.923],[141.909,44.922],[141.919,44.916],[141.91,44.909],[141.929,44.9],[141.93,44.908],[141.949,44.911],[141.953,44.898],[141.967,44.903],[141.975,44.911],[141.983,44.916],[141.99,44.916],[141.993,44.904],[142.004,44.898],[142.012,44.907],[142.021,44.911],[142.028,44.905],[142.03,44.899],[142.053,44.898],[142.07,44.901],[142.096,44.901],[142.102,44.902],[142.111,44.898],[142.121,44.898],[142.133,44.902]]]]}},{"type":"Feature","properties":{"name":"網走郡美幌町","code":"01543"},"geometry":{"type":"MultiPolygon","coordinates":[[[[143.913,43.734],[143.924,43.733],[143.943,43.723],[143.953,43.73],[143.965,43.727],[143.972,43.731],[143.982,43.729],[143.994,43.729],[143.998,43.732],[144.012,43.73],[144.034,43.749],[144.039,43.75],[144.056,43.768],[144.07,43.763],[144.083,43.753],[144.096,43.738],[144.091,43.736],[144.1,43.725],[144.099,43.721],[144.109,43.708],[144.115,43.703],[144.114,43.697],[144.121,43.694],[144.129,43.685],[144.123,43.67],[144.125,43.655],[144.121,43.649],[144.132,43.636],[144.137,43.633],[144.138,43.627],[144.157,43.625],[144.169,43.625],[144.183,43.615],[144.188,43.607],[144.199,43.607],[144.214,43.598],[144.218,43.599],[144.223,43.605],[144.222,43.612],[144.227,43.629],[144.231,43.634],[144.243,43.64],[144.248,43.649],[144.259,43.654],[144.271,43.666],[144.278,43.669],[144.273,43.675],[144.274,43.681],[144.28,43.686],[144.297,43.689],[144.305,43.692],[144.323,43.703],[144.332,43.705],[144.328,43.709],[144.315,43.708],[144.312,43.705],[144.3,43.705],[144.273,43.709],[144.263,43.715],[144.262,43.72],[144.253,43.731],[144.246,43.753],[144.249,43.766],[144.246,43.775],[144.234,43.787],[144.236,43.791],[144.234,43.802],[144.22,43.801],[144.214,43.814],[144.217,43.823],[144.206,43.827],[144.197,43.834],[144.195,43.84],[144.186,43.843],[144.185,43.848],[144.191,43.855],[144.131,43.874],[144.13,43.871],[144.113,43.859],[144.106,43.856],[144.093,43.859],[144.094,43.865],[144.086,43.875],[144.083,43.885],[144.066,43.889],[144.052,43.888],[144.057,43.88],[144.025,43.865],[144.028,43.86],[144.019,43.853],[144.012,43.851],[144.013,43.838],[144.004,43.826],[144.003,43.818],[143.993,43.817],[143.989,43.811],[143.994,43.803],[143.983,43.794],[143.973,43.783],[143.973,43.769],[143.96,43.766],[143.951,43.776],[143.94,43.767],[143.945,43.76],[143.941,43.756],[143.919,43.746],[143.911,43.74],[143.913,43.734]]]]}},{"type":"Feature","properties":{"name":"網走郡津別町","code":"01544"},"geometry":{"type":"MultiPolygon","coordinates":[[[[144.222,43.521],[144.233,43.533],[144.235,43.546],[144.232,43.556],[144.235,43.56],[144.227,43.564],[144.226,43.571],[144.217,43.59],[144.218,43.599],[144.214,43.598],[144.199,43.607],[144.188,43.607],[144.183,43.615],[144.169,43.625],[144.157,43.625],[144.138,43.627],[144.137,43.633],[144.132,43.636],[144.121,43.649],[144.125,43.655],[144.123,43.67],[144.129,43.685],[144.121,43.694],[144.114,43.697],[144.115,43.703],[144.109,43.708],[144.099,43.721],[144.1,43.725],[144.091,43.736],[144.096,43.738],[144.083,43.753],[144.07,43.763],[144.056,43.768],[144.039,43.75],[144.034,43.749],[144.012,43.73],[143.998,43.732],[143.994,43.729],[143.982,43.729],[143.972,43.731],[143.965,43.727],[143.953,43.73],[143.943,43.723],[143.924,43.733],[143.913,43.734],[143.907,43.729],[143.902,43.719],[143.904,43.715],[143.898,43.705],[143.89,43.702],[143.877,43.707],[143.857,43.709],[143.853,43.704],[143.845,43.703],[143.842,43.696],[143.835,43.694],[143.82,43.683],[143.816,43.672],[143.826,43.669],[143.834,43.663],[143.829,43.653],[143.824,43.652],[143.821,43.646],[143.805,43.648],[143.792,43.64],[143.785,43.644],[143.779,43.643],[143.779,43.626],[143.775,43.623],[143.775,43.616],[143.788,43.606],[143.793,43.591],[143.799,43.59],[143.804,43.583],[143.821,43.579],[143.822,43.572],[143.833,43.554],[143.837,43.55],[143.845,43.547],[143.856,43.538],[143.877,43.528],[143.877,43.523],[143.885,43.522],[143.897,43.531],[143.909,43.527],[143.915,43.522],[143.928,43.519],[143.931,43.511],[143.929,43.503],[143.94,43.503],[143.944,43.499],[143.94,43.49],[143.95,43.486],[143.958,43.483],[143.955,43.476],[143.96,43.473],[143.977,43.472],[143.999,43.465],[144.02,43.461],[144.04,43.464],[144.044,43.469],[144.051,43.47],[144.066,43.475],[144.071,43.475],[144.072,43.483],[144.078,43.491],[144.074,43.493],[144.071,43.502],[144.082,43.515],[144.096,43.516],[144.108,43.513],[144.121,43.512],[144.133,43.517],[144.135,43.527],[144.142,43.531],[144.148,43.528],[144.164,43.525],[144.175,43.517],[144.181,43.511],[144.19,43.522],[144.201,43.525],[144.207,43.521],[144.222,43.521]]]]}},{"type":"Feature","properties":{"name":"斜里郡斜里町","code":"01545"},"geometry":{"type":"MultiPolygon","coordinates":[[[[145.338,44.341],[145.329,44.345],[145.314,44.333],[145.31,44.319],[145.306,44.312],[145.287,44.303],[145.281,44.29],[145.269,44.283],[145.259,44.275],[145.259,44.271],[145.252,44.267],[145.233,44.255],[145.225,44.248],[145.226,44.243],[145.218,44.233],[145.209,44.215],[145.2,44.203],[145.191,44.195],[145.176,44.189],[145.166,44.184],[145.155,44.181],[145.145,44.173],[145.127,44.166],[145.119,44.156],[145.11,44.15],[145.099,44.149],[145.092,44.142],[145.071,44.127],[145.055,44.12],[145.042,44.111],[145.028,44.106],[145.019,44.102],[145.009,44.094],[145.01,44.086],[145.007,44.081],[144.99,44.068],[144.978,44.065],[144.969,44.057],[144.961,44.055],[144.958,44.048],[144.946,44.04],[144.934,44.041],[144.924,44.019],[144.917,44.013],[144.915,44.008],[144.892,43.994],[144.886,43.991],[144.88,43.985],[144.86,43.976],[144.849,43.974],[144.835,43.96],[144.835,43.953],[144.83,43.949],[144.806,43.943],[144.796,43.932],[144.768,43.926],[144.745,43.923],[144.696,43.918],[144.676,43.918],[144.663,43.919],[144.604,43.918],[144.554,43.921],[144.557,43.881],[144.616,43.883],[144.619,43.855],[144.622,43.855],[144.624,43.834],[144.655,43.822],[144.722,43.762],[144.747,43.76],[144.755,43.757],[144.764,43.757],[144.796,43.763],[144.802,43.766],[144.81,43.775],[144.811,43.782],[144.808,43.787],[144.815,43.79],[144.816,43.796],[144.827,43.794],[144.83,43.799],[144.838,43.797],[144.844,43.787],[144.853,43.789],[144.859,43.786],[144.868,43.798],[144.864,43.803],[144.863,43.812],[144.872,43.821],[144.88,43.822],[144.877,43.832],[144.885,43.833],[144.896,43.84],[144.897,43.845],[144.905,43.85],[144.902,43.862],[144.904,43.866],[144.888,43.87],[144.877,43.877],[144.893,43.884],[144.906,43.899],[144.905,43.906],[144.914,43.906],[144.916,43.912],[144.923,43.916],[144.941,43.92],[144.957,43.92],[144.965,43.922],[144.982,43.933],[144.985,43.939],[145.003,43.947],[144.997,43.956],[144.995,43.968],[145.004,43.975],[145.005,43.984],[145.01,43.988],[145.015,43.998],[145.026,44.006],[145.039,44.005],[145.049,44.008],[145.049,44.017],[145.055,44.023],[145.058,44.037],[145.065,44.043],[145.087,44.044],[145.101,44.049],[145.106,44.055],[145.113,44.058],[145.121,44.075],[145.139,44.091],[145.141,44.099],[145.15,44.112],[145.161,44.112],[145.169,44.124],[145.179,44.127],[145.182,44.137],[145.199,44.141],[145.218,44.147],[145.225,44.156],[145.234,44.157],[145.245,44.164],[145.259,44.168],[145.272,44.168],[145.273,44.179],[145.287,44.187],[145.281,44.191],[145.285,44.2],[145.277,44.206],[145.28,44.225],[145.288,44.229],[145.294,44.24],[145.303,44.247],[145.301,44.252],[145.314,44.258],[145.321,44.279],[145.317,44.287],[145.322,44.297],[145.322,44.304],[145.329,44.309],[145.326,44.325],[145.331,44.335],[145.338,44.341]]]]}},{"type":"Feature","properties":{"name":"斜里郡清里町","code":"01546"},"geometry":{"type":"MultiPolygon","coordinates":[[[[144.557,43.881],[144.561,43.836],[144.52,43.834],[144.521,43.824],[144.507,43.823],[144.513,43.759],[144.498,43.758],[144.494,43.751],[144.494,43.741],[144.492,43.724],[144.485,43.705],[144.488,43.69],[144.49,43.686],[144.482,43.678],[144.487,43.666],[144.486,43.66],[144.502,43.655],[144.513,43.655],[144.521,43.638],[144.519,43.63],[144.525,43.622],[144.53,43.612],[144.54,43.608],[144.548,43.613],[144.563,43.608],[144.571,43.601],[144.593,43.609],[144.592,43.619],[144.601,43.62],[144.614,43.635],[144.627,43.634],[144.634,43.625],[144.642,43.625],[144.648,43.635],[144.66,43.638],[144.667,43.645],[144.688,43.656],[144.706,43.66],[144.705,43.668],[144.718,43.679],[144.733,43.684],[144.73,43.701],[144.724,43.709],[144.726,43.719],[144.722,43.728],[144.723,43.731],[144.72,43.742],[144.72,43.755],[144.722,43.762],[144.655,43.822],[144.624,43.834],[144.622,43.855],[144.619,43.855],[144.616,43.883],[144.557,43.881]]]]}},{"type":"Feature","properties":{"name":"斜里郡小清水町","code":"01547"},"geometry":{"type":"MultiPolygon","coordinates":[[[[144.388,43.783],[144.386,43.772],[144.379,43.761],[144.376,43.749],[144.372,43.745],[144.373,43.737],[144.37,43.727],[144.365,43.722],[144.332,43.707],[144.338,43.703],[144.347,43.704],[144.37,43.699],[144.379,43.689],[144.391,43.688],[144.408,43.693],[144.429,43.697],[144.457,43.692],[144.466,43.687],[144.475,43.686],[144.482,43.678],[144.49,43.686],[144.488,43.69],[144.485,43.705],[144.492,43.724],[144.491,43.739],[144.494,43.751],[144.498,43.758],[144.513,43.759],[144.507,43.823],[144.521,43.824],[144.52,43.834],[144.561,43.836],[144.557,43.881],[144.554,43.921],[144.5,43.927],[144.48,43.93],[144.426,43.94],[144.398,43.946],[144.363,43.956],[144.361,43.95],[144.392,43.937],[144.425,43.932],[144.433,43.919],[144.427,43.904],[144.427,43.891],[144.423,43.886],[144.419,43.876],[144.408,43.866],[144.41,43.856],[144.392,43.853],[144.394,43.84],[144.39,43.837],[144.382,43.818],[144.389,43.81],[144.392,43.801],[144.388,43.795],[144.388,43.783]]]]}},{"type":"Feature","properties":{"name":"常呂郡訓子府町","code":"01549"},"geometry":{"type":"MultiPolygon","coordinates":[[[[143.659,43.776],[143.665,43.724],[143.672,43.725],[143.674,43.708],[143.666,43.706],[143.667,43.695],[143.677,43.684],[143.67,43.677],[143.674,43.671],[143.663,43.667],[143.655,43.662],[143.638,43.66],[143.617,43.644],[143.626,43.638],[143.64,43.64],[143.656,43.634],[143.658,43.627],[143.674,43.628],[143.68,43.626],[143.686,43.632],[143.693,43.634],[143.696,43.64],[143.711,43.635],[143.723,43.64],[143.73,43.636],[143.738,43.635],[143.74,43.619],[143.759,43.617],[143.775,43.623],[143.779,43.626],[143.779,43.643],[143.785,43.644],[143.792,43.64],[143.805,43.648],[143.821,43.646],[143.824,43.652],[143.829,43.653],[143.834,43.663],[143.826,43.669],[143.816,43.672],[143.807,43.676],[143.807,43.681],[143.803,43.687],[143.791,43.693],[143.79,43.7],[143.803,43.728],[143.796,43.784],[143.698,43.777],[143.691,43.775],[143.683,43.77],[143.673,43.77],[143.665,43.775],[143.659,43.776]]]]}},{"type":"Feature","properties":{"name":"常呂郡置戸町","code":"01550"},"geometry":{"type":"MultiPolygon","coordinates":[[[[143.173,43.595],[143.186,43.586],[143.2,43.583],[143.209,43.584],[143.213,43.575],[143.226,43.575],[143.224,43.569],[143.225,43.555],[143.236,43.551],[143.254,43.556],[143.262,43.559],[143.269,43.554],[143.288,43.551],[143.298,43.547],[143.314,43.547],[143.334,43.557],[143.339,43.55],[143.344,43.552],[143.357,43.547],[143.363,43.55],[143.374,43.552],[143.385,43.549],[143.391,43.544],[143.399,43.547],[143.409,43.541],[143.415,43.534],[143.419,43.533],[143.424,43.526],[143.436,43.522],[143.443,43.515],[143.464,43.508],[143.471,43.521],[143.472,43.529],[143.483,43.533],[143.489,43.541],[143.503,43.547],[143.516,43.546],[143.519,43.554],[143.529,43.565],[143.528,43.572],[143.533,43.588],[143.544,43.598],[143.571,43.595],[143.574,43.598],[143.592,43.604],[143.603,43.603],[143.617,43.606],[143.619,43.612],[143.632,43.622],[143.626,43.638],[143.617,43.644],[143.638,43.66],[143.655,43.662],[143.663,43.667],[143.674,43.671],[143.67,43.677],[143.677,43.684],[143.667,43.695],[143.666,43.706],[143.674,43.708],[143.672,43.725],[143.665,43.724],[143.658,43.775],[143.625,43.758],[143.587,43.762],[143.546,43.741],[143.535,43.745],[143.529,43.737],[143.528,43.721],[143.522,43.712],[143.525,43.706],[143.508,43.705],[143.492,43.699],[143.475,43.701],[143.459,43.699],[143.452,43.693],[143.437,43.694],[143.43,43.688],[143.431,43.677],[143.421,43.664],[143.411,43.667],[143.402,43.666],[143.394,43.661],[143.39,43.655],[143.378,43.656],[143.374,43.648],[143.368,43.645],[143.355,43.643],[143.352,43.638],[143.338,43.641],[143.33,43.644],[143.318,43.645],[143.3,43.652],[143.282,43.652],[143.273,43.646],[143.258,43.646],[143.255,43.64],[143.232,43.641],[143.222,43.638],[143.209,43.63],[143.188,43.624],[143.183,43.615],[143.187,43.608],[143.175,43.601],[143.173,43.595]]]]}},{"type":"Feature","properties":{"name":"常呂郡佐呂間町","code":"01552"},"geometry":{"type":"MultiPolygon","coordinates":[[[[143.776,44.144],[143.742,44.121],[143.744,44.114],[143.742,44.104],[143.747,44.102],[143.747,44.093],[143.741,44.089],[143.741,44.081],[143.739,44.063],[143.735,44.055],[143.718,44.03],[143.713,44.019],[143.716,44.015],[143.714,44.009],[143.698,44.011],[143.691,44.017],[143.682,44.017],[143.674,44.012],[143.664,44.011],[143.662,44.006],[143.651,43.998],[143.655,43.992],[143.644,43.987],[143.638,43.993],[143.609,43.995],[143.597,43.99],[143.587,43.989],[143.59,43.984],[143.585,43.975],[143.589,43.97],[143.573,43.964],[143.571,43.957],[143.574,43.95],[143.588,43.947],[143.604,43.948],[143.606,43.939],[143.616,43.934],[143.63,43.937],[143.638,43.942],[143.642,43.933],[143.65,43.93],[143.646,43.925],[143.652,43.921],[143.666,43.925],[143.673,43.924],[143.681,43.927],[143.686,43.922],[143.676,43.92],[143.674,43.912],[143.67,43.909],[143.678,43.905],[143.681,43.894],[143.69,43.892],[143.69,43.886],[143.701,43.875],[143.72,43.879],[143.721,43.888],[143.726,43.894],[143.728,43.901],[143.738,43.905],[143.758,43.92],[143.757,43.929],[143.75,43.931],[143.751,43.944],[143.747,43.956],[143.754,43.957],[143.764,43.952],[143.771,43.953],[143.781,43.963],[143.785,43.971],[143.781,43.975],[143.793,43.984],[143.803,43.978],[143.813,43.988],[143.833,43.983],[143.84,43.986],[143.844,43.98],[143.863,43.977],[143.878,43.981],[143.889,43.99],[143.893,43.998],[143.899,43.996],[143.908,44.0],[143.907,44.004],[143.916,44.01],[143.928,44.012],[143.934,44.018],[143.939,44.031],[143.944,44.035],[143.952,44.036],[143.954,44.043],[143.948,44.053],[143.946,44.06],[143.953,44.066],[143.967,44.085],[143.951,44.091],[143.911,44.126],[143.776,44.144]]]]}},{"type":"Feature","properties":{"name":"紋別郡遠軽町","code":"01555"},"geometry":{"type":"MultiPolygon","coordinates":[[[[143.588,43.947],[143.574,43.95],[143.571,43.957],[143.573,43.964],[143.589,43.97],[143.585,43.975],[143.59,43.984],[143.587,43.989],[143.58,43.995],[143.574,43.994],[143.564,43.998],[143.568,44.004],[143.567,44.014],[143.56,44.025],[143.562,44.029],[143.573,44.037],[143.575,44.052],[143.574,44.057],[143.576,44.068],[143.574,44.074],[143.583,44.087],[143.576,44.089],[143.571,44.096],[143.563,44.094],[143.54,44.097],[143.523,44.09],[143.522,44.085],[143.507,44.079],[143.507,44.089],[143.497,44.09],[143.497,44.078],[143.493,44.077],[143.411,44.102],[143.391,44.112],[143.378,44.11],[143.371,44.102],[143.37,44.094],[143.357,44.084],[143.346,44.073],[143.336,44.068],[143.335,44.06],[143.326,44.051],[143.315,44.052],[143.311,44.045],[143.299,44.037],[143.303,44.031],[143.29,44.028],[143.285,44.034],[143.266,44.036],[143.256,44.041],[143.236,44.032],[143.224,44.032],[143.221,44.023],[143.21,44.017],[143.194,44.017],[143.178,44.013],[143.173,44.004],[143.173,44.001],[143.164,43.992],[143.151,43.995],[143.142,44.001],[143.129,44.001],[143.126,44.003],[143.118,43.999],[143.112,43.999],[143.096,43.996],[143.096,43.99],[143.092,43.983],[143.102,43.978],[143.108,43.96],[143.097,43.953],[143.095,43.946],[143.078,43.935],[143.063,43.926],[143.064,43.915],[143.055,43.914],[143.048,43.907],[143.037,43.903],[143.034,43.895],[143.019,43.886],[143.023,43.876],[143.017,43.874],[143.02,43.864],[143.011,43.861],[143.014,43.844],[143.009,43.837],[143.01,43.827],[143.022,43.817],[143.037,43.809],[143.019,43.802],[143.012,43.794],[143.016,43.789],[143.014,43.781],[143.007,43.775],[143.007,43.768],[143.011,43.758],[143.024,43.747],[143.033,43.749],[143.047,43.746],[143.051,43.744],[143.069,43.746],[143.074,43.738],[143.084,43.739],[143.09,43.745],[143.096,43.743],[143.118,43.754],[143.136,43.754],[143.142,43.762],[143.153,43.763],[143.161,43.762],[143.169,43.756],[143.175,43.742],[143.18,43.735],[143.174,43.731],[143.173,43.724],[143.168,43.716],[143.172,43.707],[143.182,43.707],[143.196,43.7],[143.209,43.702],[143.226,43.697],[143.236,43.701],[143.253,43.71],[143.256,43.722],[143.249,43.733],[143.251,43.739],[143.27,43.747],[143.273,43.754],[143.279,43.755],[143.289,43.764],[143.307,43.759],[143.319,43.77],[143.326,43.764],[143.337,43.766],[143.339,43.771],[143.351,43.774],[143.364,43.782],[143.362,43.788],[143.367,43.791],[143.376,43.791],[143.377,43.798],[143.399,43.795],[143.409,43.796],[143.417,43.799],[143.433,43.799],[143.453,43.813],[143.472,43.812],[143.478,43.815],[143.488,43.809],[143.506,43.814],[143.514,43.814],[143.526,43.826],[143.529,43.835],[143.537,43.838],[143.546,43.84],[143.554,43.845],[143.56,43.84],[143.573,43.845],[143.566,43.858],[143.57,43.879],[143.578,43.882],[143.584,43.887],[143.587,43.896],[143.586,43.909],[143.584,43.915],[143.584,43.923],[143.59,43.94],[143.588,43.947]]]]}},{"type":"Feature","properties":{"name":"紋別郡湧別町","code":"01559"},"geometry":{"type":"MultiPolygon","coordinates":[[[[143.776,44.185],[143.738,44.195],[143.691,44.208],[143.629,44.228],[143.578,44.246],[143.559,44.253],[143.545,44.241],[143.542,44.242],[143.526,44.237],[143.516,44.228],[143.51,44.227],[143.505,44.218],[143.489,44.206],[143.487,44.203],[143.469,44.183],[143.452,44.174],[143.445,44.174],[143.433,44.166],[143.422,44.15],[143.416,44.148],[143.41,44.139],[143.415,44.129],[143.417,44.105],[143.411,44.102],[143.493,44.077],[143.497,44.078],[143.497,44.09],[143.507,44.089],[143.507,44.079],[143.522,44.085],[143.523,44.09],[143.54,44.097],[143.563,44.094],[143.571,44.096],[143.576,44.089],[143.583,44.087],[143.574,44.074],[143.576,44.068],[143.574,44.057],[143.575,44.052],[143.57,44.04],[143.562,44.029],[143.56,44.025],[143.567,44.014],[143.568,44.004],[143.564,43.998],[143.574,43.994],[143.58,43.995],[143.587,43.989],[143.597,43.99],[143.609,43.995],[143.638,43.993],[143.644,43.987],[143.655,43.992],[143.651,43.998],[143.662,44.006],[143.664,44.011],[143.674,44.012],[143.682,44.017],[143.691,44.017],[143.698,44.011],[143.714,44.009],[143.716,44.015],[143.713,44.019],[143.718,44.03],[143.735,44.055],[143.739,44.063],[143.741,44.081],[143.741,44.089],[143.747,44.093],[143.747,44.102],[143.742,44.104],[143.744,44.114],[143.742,44.121],[143.776,44.144],[143.776,44.185]]]]}},{"type":"Feature","properties":{"name":"紋別郡滝上町","code":"01560"},"geometry":{"type":"MultiPolygon","coordinates":[[[[143.095,44.287],[143.085,44.288],[143.083,44.292],[143.064,44.289],[143.052,44.282],[143.026,44.275],[143.012,44.267],[142.994,44.259],[142.993,44.247],[142.99,44.234],[142.982,44.233],[142.968,44.221],[142.951,44.216],[142.942,44.216],[142.937,44.22],[142.918,44.215],[142.912,44.226],[142.907,44.229],[142.893,44.224],[142.88,44.226],[142.876,44.229],[142.865,44.219],[142.866,44.212],[142.872,44.204],[142.869,44.198],[142.873,44.194],[142.868,44.188],[142.877,44.185],[142.877,44.175],[142.882,44.169],[142.877,44.16],[142.863,44.155],[142.852,44.158],[142.838,44.157],[142.838,44.15],[142.843,44.146],[142.84,44.136],[142.842,44.128],[142.851,44.123],[142.853,44.117],[142.861,44.108],[142.856,44.104],[142.857,44.09],[142.87,44.085],[142.868,44.078],[142.861,44.07],[142.864,44.064],[142.874,44.06],[142.879,44.049],[142.873,44.047],[142.866,44.04],[142.877,44.033],[142.874,44.02],[142.89,44.021],[142.898,44.01],[142.894,44.004],[142.903,43.99],[142.9,43.982],[142.889,43.977],[142.891,43.971],[142.882,43.953],[142.883,43.944],[142.892,43.943],[142.892,43.938],[142.886,43.934],[142.891,43.93],[142.888,43.926],[142.9,43.922],[142.911,43.927],[142.935,43.927],[142.956,43.933],[142.973,43.942],[142.983,43.943],[142.986,43.939],[143.0,43.928],[143.014,43.922],[143.037,43.928],[143.054,43.918],[143.055,43.914],[143.064,43.915],[143.063,43.926],[143.078,43.935],[143.095,43.946],[143.097,43.953],[143.108,43.96],[143.102,43.978],[143.092,43.983],[143.096,43.99],[143.096,43.996],[143.112,43.999],[143.118,43.999],[143.126,44.003],[143.126,44.009],[143.135,44.021],[143.134,44.028],[143.127,44.033],[143.134,44.04],[143.129,44.055],[143.124,44.058],[143.138,44.069],[143.134,44.074],[143.144,44.084],[143.15,44.086],[143.152,44.091],[143.152,44.104],[143.138,44.122],[143.133,44.134],[143.142,44.146],[143.157,44.148],[143.158,44.154],[143.167,44.166],[143.167,44.174],[143.175,44.186],[143.195,44.198],[143.198,44.203],[143.194,44.215],[143.194,44.222],[143.175,44.232],[143.158,44.234],[143.139,44.248],[143.128,44.26],[143.122,44.26],[143.112,44.267],[143.107,44.267],[143.103,44.276],[143.095,44.287]]]]}},{"type":"Feature","properties":{"name":"紋別郡興部町","code":"01561"},"geometry":{"type":"MultiPolygon","coordinates":[[[[143.276,44.401],[143.266,44.405],[143.234,44.422],[143.228,44.429],[143.227,44.439],[143.214,44.441],[143.152,44.471],[143.124,44.486],[143.1,44.498],[143.096,44.485],[143.085,44.473],[143.07,44.467],[143.066,44.463],[143.052,44.461],[143.051,44.455],[143.045,44.451],[143.032,44.453],[143.023,44.461],[143.007,44.454],[143.003,44.448],[142.992,44.443],[142.984,44.445],[142.968,44.443],[142.964,44.446],[142.953,44.445],[142.946,44.451],[142.93,44.447],[142.922,44.454],[142.922,44.461],[142.912,44.467],[142.907,44.458],[142.892,44.449],[142.886,44.443],[142.876,44.437],[142.868,44.442],[142.861,44.438],[142.858,44.429],[142.871,44.425],[142.872,44.421],[142.887,44.401],[142.894,44.397],[142.9,44.4],[142.918,44.396],[142.921,44.391],[142.933,44.385],[142.949,44.389],[142.956,44.393],[142.967,44.394],[142.974,44.391],[142.986,44.391],[143.002,44.397],[143.011,44.398],[143.032,44.373],[143.032,44.366],[143.028,44.361],[143.033,44.351],[143.026,44.341],[143.027,44.33],[143.033,44.327],[143.036,44.315],[143.047,44.312],[143.051,44.309],[143.051,44.301],[143.061,44.296],[143.064,44.289],[143.083,44.292],[143.085,44.288],[143.095,44.287],[143.114,44.291],[143.121,44.314],[143.127,44.313],[143.139,44.315],[143.145,44.322],[143.156,44.324],[143.156,44.33],[143.176,44.334],[143.186,44.333],[143.191,44.327],[143.205,44.334],[143.208,44.348],[143.218,44.347],[143.226,44.35],[143.244,44.351],[143.247,44.365],[143.255,44.368],[143.259,44.374],[143.275,44.384],[143.272,44.393],[143.276,44.401]]]]}},{"type":"Feature","properties":{"name":"紋別郡西興部村","code":"01562"},"geometry":{"type":"MultiPolygon","coordinates":[[[[142.876,44.229],[142.88,44.226],[142.893,44.224],[142.907,44.229],[142.912,44.226],[142.918,44.215],[142.937,44.22],[142.942,44.216],[142.951,44.216],[142.968,44.221],[142.982,44.233],[142.99,44.234],[142.993,44.247],[142.994,44.259],[143.012,44.267],[143.026,44.275],[143.052,44.282],[143.064,44.289],[143.061,44.296],[143.051,44.301],[143.051,44.309],[143.047,44.312],[143.036,44.315],[143.033,44.327],[143.027,44.33],[143.026,44.341],[143.033,44.351],[143.028,44.361],[143.032,44.366],[143.032,44.373],[143.011,44.398],[143.002,44.397],[142.986,44.391],[142.974,44.391],[142.967,44.394],[142.956,44.393],[142.949,44.389],[142.933,44.385],[142.921,44.391],[142.918,44.396],[142.9,44.4],[142.894,44.397],[142.887,44.401],[142.872,44.421],[142.871,44.425],[142.858,44.429],[142.861,44.438],[142.851,44.438],[142.84,44.432],[142.836,44.426],[142.824,44.424],[142.819,44.419],[142.818,44.414],[142.83,44.397],[142.829,44.392],[142.824,44.388],[142.829,44.379],[142.826,44.369],[142.815,44.356],[142.816,44.35],[142.809,44.349],[142.802,44.343],[142.803,44.332],[142.817,44.332],[142.824,44.329],[142.823,44.314],[142.824,44.305],[142.829,44.293],[142.827,44.283],[142.824,44.279],[142.826,44.272],[142.846,44.267],[142.852,44.259],[142.859,44.257],[142.867,44.248],[142.866,44.241],[142.87,44.232],[142.876,44.229]]]]}},{"type":"Feature","properties":{"name":"紋別郡雄武町","code":"01563"},"geometry":{"type":"MultiPolygon","coordinates":[[[[142.584,44.434],[142.594,44.432],[142.607,44.437],[142.62,44.435],[142.651,44.438],[142.655,44.448],[142.668,44.454],[142.683,44.473],[142.692,44.477],[142.695,44.482],[142.713,44.481],[142.721,44.469],[142.721,44.461],[142.734,44.46],[142.739,44.463],[142.749,44.455],[142.757,44.456],[142.758,44.461],[142.765,44.464],[142.795,44.456],[142.812,44.459],[142.822,44.455],[142.844,44.459],[142.845,44.454],[142.84,44.446],[142.851,44.438],[142.861,44.438],[142.868,44.442],[142.876,44.437],[142.886,44.443],[142.892,44.449],[142.907,44.458],[142.912,44.467],[142.922,44.461],[142.922,44.454],[142.93,44.447],[142.946,44.451],[142.953,44.445],[142.964,44.446],[142.968,44.443],[142.984,44.445],[142.992,44.443],[143.003,44.448],[143.007,44.454],[143.023,44.461],[143.032,44.453],[143.045,44.451],[143.051,44.455],[143.052,44.461],[143.066,44.463],[143.07,44.467],[143.085,44.473],[143.096,44.485],[143.1,44.498],[143.083,44.507],[143.064,44.519],[143.059,44.528],[143.048,44.529],[143.036,44.534],[142.994,44.558],[142.976,44.572],[142.958,44.593],[142.955,44.598],[142.945,44.601],[142.943,44.608],[142.933,44.614],[142.933,44.622],[142.927,44.629],[142.918,44.629],[142.896,44.646],[142.893,44.652],[142.871,44.662],[142.863,44.672],[142.852,44.678],[142.842,44.687],[142.835,44.681],[142.831,44.67],[142.824,44.664],[142.81,44.657],[142.792,44.643],[142.766,44.639],[142.762,44.635],[142.751,44.64],[142.74,44.641],[142.731,44.639],[142.721,44.632],[142.702,44.63],[142.696,44.621],[142.686,44.617],[142.689,44.61],[142.687,44.603],[142.671,44.598],[142.657,44.597],[142.647,44.59],[142.645,44.581],[142.656,44.578],[142.653,44.568],[142.636,44.554],[142.635,44.546],[142.636,44.536],[142.646,44.531],[142.635,44.524],[142.628,44.523],[142.621,44.514],[142.618,44.5],[142.613,44.494],[142.601,44.486],[142.597,44.475],[142.598,44.466],[142.593,44.455],[142.586,44.445],[142.584,44.434]]]]}},{"type":"Feature","properties":{"name":"網走郡大空町","code":"01564"},"geometry":{"type":"MultiPolygon","coordinates":[[[[144.052,43.888],[144.066,43.889],[144.083,43.885],[144.086,43.875],[144.094,43.865],[144.093,43.859],[144.106,43.856],[144.113,43.859],[144.13,43.871],[144.131,43.874],[144.191,43.855],[144.185,43.848],[144.186,43.843],[144.195,43.84],[144.197,43.834],[144.206,43.827],[144.217,43.823],[144.214,43.814],[144.22,43.801],[144.234,43.802],[144.236,43.791],[144.234,43.787],[144.246,43.775],[144.249,43.766],[144.246,43.753],[144.253,43.731],[144.262,43.72],[144.263,43.715],[144.273,43.709],[144.3,43.705],[144.312,43.705],[144.315,43.708],[144.328,43.709],[144.332,43.707],[144.365,43.722],[144.37,43.727],[144.373,43.737],[144.372,43.745],[144.376,43.749],[144.379,43.761],[144.386,43.772],[144.388,43.783],[144.38,43.785],[144.384,43.791],[144.366,43.822],[144.364,43.83],[144.367,43.841],[144.382,43.844],[144.375,43.861],[144.378,43.871],[144.346,43.881],[144.301,43.894],[144.296,43.885],[144.3,43.884],[144.305,43.873],[144.292,43.87],[144.287,43.875],[144.263,43.869],[144.256,43.883],[144.244,43.902],[144.239,43.903],[144.237,43.913],[144.23,43.924],[144.223,43.93],[144.223,43.934],[144.213,43.937],[144.208,43.943],[144.205,43.953],[144.2,43.96],[144.173,43.968],[144.127,43.937],[144.126,43.933],[144.103,43.939],[144.082,43.939],[144.075,43.935],[144.063,43.922],[144.063,43.91],[144.047,43.894],[144.052,43.888]]]]}},{"type":"Feature","properties":{"name":"虻田郡豊浦町","code":"01571"},"geometry":{"type":"MultiPolygon","coordinates":[[[[140.537,42.587],[140.552,42.578],[140.565,42.575],[140.569,42.571],[140.582,42.567],[140.59,42.573],[140.612,42.577],[140.638,42.585],[140.648,42.585],[140.662,42.587],[140.669,42.586],[140.686,42.587],[140.695,42.587],[140.709,42.583],[140.71,42.575],[140.722,42.575],[140.726,42.572],[140.734,42.579],[140.74,42.578],[140.748,42.585],[140.748,42.595],[140.759,42.594],[140.762,42.601],[140.752,42.602],[140.748,42.608],[140.742,42.612],[140.737,42.623],[140.737,42.633],[140.733,42.637],[140.742,42.641],[140.743,42.644],[140.754,42.651],[140.755,42.659],[140.752,42.665],[140.757,42.669],[140.755,42.68],[140.762,42.694],[140.761,42.702],[140.753,42.709],[140.746,42.714],[140.738,42.715],[140.719,42.716],[140.704,42.718],[140.691,42.717],[140.677,42.71],[140.669,42.708],[140.655,42.71],[140.635,42.707],[140.627,42.71],[140.613,42.711],[140.602,42.707],[140.591,42.708],[140.574,42.716],[140.562,42.717],[140.565,42.712],[140.565,42.702],[140.57,42.683],[140.576,42.679],[140.574,42.675],[140.577,42.665],[140.568,42.663],[140.561,42.655],[140.566,42.651],[140.557,42.643],[140.557,42.635],[140.543,42.621],[140.533,42.616],[140.534,42.613],[140.545,42.607],[140.545,42.603],[140.544,42.595],[140.537,42.587]]]]}},{"type":"Feature","properties":{"name":"有珠郡壮瞥町","code":"01575"},"geometry":{"type":"MultiPolygon","coordinates":[[[[141.085,42.554],[141.087,42.561],[141.085,42.579],[141.074,42.582],[141.072,42.59],[141.064,42.592],[141.045,42.594],[141.029,42.592],[141.025,42.611],[140.961,42.645],[140.958,42.641],[140.93,42.646],[140.919,42.645],[140.911,42.638],[140.912,42.631],[140.907,42.623],[140.843,42.604],[140.83,42.565],[140.826,42.542],[140.878,42.532],[140.881,42.533],[140.902,42.537],[140.913,42.543],[140.917,42.541],[140.926,42.545],[140.936,42.542],[140.94,42.543],[140.958,42.537],[140.957,42.531],[140.963,42.529],[140.97,42.519],[140.967,42.51],[140.971,42.505],[140.977,42.503],[140.985,42.507],[140.993,42.507],[140.995,42.512],[141.008,42.513],[141.016,42.515],[141.023,42.511],[141.035,42.518],[141.04,42.518],[141.046,42.525],[141.053,42.529],[141.069,42.529],[141.065,42.545],[141.075,42.55],[141.078,42.554],[141.085,42.554]]]]}},{"type":"Feature","properties":{"name":"白老郡白老町","code":"01578"},"geometry":{"type":"MultiPolygon","coordinates":[[[[141.36,42.682],[141.351,42.684],[141.34,42.685],[141.323,42.683],[141.311,42.684],[141.3,42.693],[141.288,42.699],[141.284,42.703],[141.278,42.704],[141.259,42.714],[141.251,42.711],[141.244,42.698],[141.233,42.7],[141.219,42.699],[141.21,42.701],[141.207,42.696],[141.197,42.687],[141.191,42.686],[141.184,42.683],[141.183,42.678],[141.163,42.665],[141.157,42.656],[141.156,42.643],[141.145,42.638],[141.143,42.634],[141.15,42.629],[141.147,42.622],[141.126,42.612],[141.114,42.612],[141.112,42.605],[141.093,42.595],[141.086,42.584],[141.085,42.579],[141.087,42.561],[141.085,42.554],[141.1,42.554],[141.111,42.548],[141.124,42.537],[141.123,42.523],[141.134,42.524],[141.146,42.523],[141.149,42.525],[141.164,42.522],[141.171,42.514],[141.163,42.51],[141.162,42.497],[141.168,42.486],[141.173,42.473],[141.179,42.47],[141.182,42.457],[141.189,42.453],[141.206,42.453],[141.215,42.46],[141.28,42.502],[141.307,42.518],[141.317,42.52],[141.326,42.529],[141.34,42.537],[141.379,42.557],[141.418,42.575],[141.42,42.583],[141.401,42.59],[141.392,42.605],[141.378,42.611],[141.377,42.614],[141.364,42.619],[141.345,42.633],[141.346,42.64],[141.339,42.649],[141.342,42.662],[141.342,42.671],[141.346,42.679],[141.36,42.682]]]]}},{"type":"Feature","properties":{"name":"勇払郡厚真町","code":"01581"},"geometry":{"type":"MultiPolygon","coordinates":[[[[142.044,42.862],[142.033,42.858],[142.023,42.849],[142.015,42.849],[142.006,42.845],[141.996,42.849],[141.988,42.842],[141.98,42.837],[141.975,42.842],[141.962,42.843],[141.954,42.854],[141.94,42.839],[141.932,42.839],[141.924,42.829],[141.923,42.818],[141.916,42.811],[141.907,42.806],[141.896,42.797],[141.894,42.791],[141.882,42.776],[141.874,42.769],[141.863,42.767],[141.859,42.762],[141.86,42.752],[141.852,42.748],[141.849,42.743],[141.848,42.731],[141.841,42.723],[141.832,42.718],[141.824,42.717],[141.826,42.712],[141.826,42.699],[141.83,42.687],[141.829,42.674],[141.823,42.668],[141.816,42.667],[141.817,42.66],[141.815,42.625],[141.804,42.614],[141.799,42.602],[141.81,42.611],[141.82,42.612],[141.822,42.606],[141.877,42.587],[141.878,42.595],[141.89,42.6],[141.892,42.606],[141.902,42.612],[141.909,42.612],[141.924,42.618],[141.923,42.628],[141.931,42.641],[141.939,42.644],[141.951,42.642],[141.969,42.638],[141.981,42.643],[141.99,42.639],[141.998,42.642],[142.003,42.653],[141.996,42.666],[141.997,42.683],[141.993,42.69],[142.004,42.704],[142.013,42.71],[142.021,42.713],[142.033,42.722],[142.043,42.724],[142.047,42.738],[142.053,42.744],[142.062,42.746],[142.066,42.756],[142.072,42.758],[142.074,42.767],[142.089,42.777],[142.092,42.787],[142.097,42.793],[142.093,42.8],[142.101,42.803],[142.112,42.812],[142.109,42.817],[142.109,42.826],[142.103,42.836],[142.105,42.852],[142.099,42.851],[142.092,42.855],[142.09,42.864],[142.081,42.869],[142.071,42.873],[142.064,42.87],[142.053,42.86],[142.044,42.862]]]]}},{"type":"Feature","properties":{"name":"虻田郡洞爺湖町","code":"01584"},"geometry":{"type":"MultiPolygon","coordinates":[[[[140.826,42.542],[140.83,42.565],[140.843,42.604],[140.907,42.623],[140.912,42.631],[140.911,42.638],[140.919,42.645],[140.93,42.646],[140.958,42.641],[140.961,42.645],[140.966,42.653],[140.97,42.669],[140.956,42.675],[140.953,42.68],[140.944,42.684],[140.928,42.685],[140.919,42.688],[140.908,42.686],[140.891,42.688],[140.883,42.692],[140.858,42.699],[140.849,42.697],[140.842,42.686],[140.812,42.678],[140.799,42.67],[140.784,42.671],[140.778,42.668],[140.777,42.661],[140.755,42.659],[140.754,42.651],[140.743,42.644],[140.742,42.641],[140.733,42.637],[140.737,42.633],[140.737,42.623],[140.742,42.612],[140.748,42.608],[140.752,42.602],[140.762,42.601],[140.759,42.594],[140.748,42.595],[140.748,42.585],[140.74,42.578],[140.734,42.579],[140.726,42.572],[140.745,42.557],[140.759,42.551],[140.77,42.541],[140.778,42.529],[140.773,42.52],[140.789,42.531],[140.798,42.533],[140.817,42.543],[140.826,42.542]]]]}},{"type":"Feature","properties":{"name":"勇払郡安平町","code":"01585"},"geometry":{"type":"MultiPolygon","coordinates":[[[[141.826,42.699],[141.826,42.712],[141.824,42.717],[141.832,42.718],[141.841,42.723],[141.848,42.731],[141.849,42.743],[141.852,42.748],[141.86,42.752],[141.859,42.762],[141.863,42.767],[141.874,42.769],[141.882,42.776],[141.894,42.791],[141.896,42.797],[141.907,42.806],[141.916,42.811],[141.923,42.818],[141.924,42.829],[141.932,42.839],[141.94,42.839],[141.954,42.854],[141.951,42.863],[141.944,42.871],[141.937,42.883],[141.929,42.888],[141.918,42.89],[141.917,42.898],[141.897,42.905],[141.881,42.913],[141.87,42.922],[141.867,42.918],[141.845,42.909],[141.837,42.908],[141.818,42.898],[141.816,42.894],[141.806,42.893],[141.795,42.879],[141.791,42.876],[141.794,42.867],[141.792,42.858],[141.795,42.857],[141.785,42.849],[141.79,42.841],[141.776,42.835],[141.764,42.833],[141.767,42.827],[141.776,42.823],[141.776,42.813],[141.77,42.808],[141.765,42.809],[141.761,42.803],[141.754,42.798],[141.757,42.792],[141.743,42.788],[141.748,42.78],[141.742,42.769],[141.745,42.754],[141.737,42.746],[141.749,42.729],[141.755,42.725],[141.777,42.711],[141.795,42.697],[141.826,42.699]]]]}},{"type":"Feature","properties":{"name":"勇払郡むかわ町","code":"01586"},"geometry":{"type":"MultiPolygon","coordinates":[[[[142.081,42.869],[142.09,42.864],[142.092,42.855],[142.099,42.851],[142.105,42.852],[142.103,42.836],[142.109,42.826],[142.109,42.817],[142.112,42.812],[142.101,42.803],[142.093,42.8],[142.097,42.793],[142.092,42.787],[142.089,42.777],[142.074,42.767],[142.072,42.758],[142.066,42.756],[142.062,42.746],[142.053,42.744],[142.047,42.738],[142.043,42.724],[142.033,42.722],[142.021,42.713],[142.013,42.71],[142.004,42.704],[141.993,42.69],[141.997,42.683],[141.996,42.666],[142.003,42.653],[141.998,42.642],[141.99,42.639],[141.981,42.643],[141.969,42.638],[141.951,42.642],[141.939,42.644],[141.931,42.641],[141.923,42.628],[141.924,42.618],[141.909,42.612],[141.902,42.612],[141.892,42.606],[141.89,42.6],[141.878,42.595],[141.877,42.587],[141.904,42.577],[141.919,42.56],[141.924,42.559],[141.936,42.552],[141.942,42.545],[141.956,42.539],[141.967,42.531],[141.979,42.536],[141.982,42.545],[141.996,42.545],[142.011,42.54],[142.012,42.546],[142.021,42.55],[142.035,42.552],[142.047,42.56],[142.061,42.573],[142.067,42.571],[142.084,42.575],[142.091,42.582],[142.109,42.591],[142.119,42.593],[142.123,42.619],[142.13,42.635],[142.138,42.644],[142.139,42.656],[142.149,42.661],[142.148,42.672],[142.158,42.674],[142.162,42.68],[142.16,42.684],[142.167,42.692],[142.186,42.701],[142.185,42.706],[142.19,42.72],[142.212,42.724],[142.21,42.728],[142.22,42.734],[142.22,42.745],[142.23,42.744],[142.237,42.747],[142.253,42.747],[142.262,42.753],[142.265,42.759],[142.271,42.76],[142.278,42.765],[142.299,42.773],[142.299,42.787],[142.305,42.791],[142.305,42.801],[142.307,42.819],[142.312,42.825],[142.309,42.835],[142.305,42.842],[142.311,42.847],[142.308,42.853],[142.318,42.865],[142.313,42.881],[142.325,42.891],[142.333,42.9],[142.333,42.909],[142.32,42.913],[142.312,42.918],[142.31,42.927],[142.301,42.933],[142.302,42.941],[142.279,42.944],[142.273,42.95],[142.274,42.956],[142.283,42.966],[142.284,42.973],[142.28,42.981],[142.272,42.987],[142.262,42.982],[142.255,42.967],[142.247,42.969],[142.239,42.974],[142.223,42.968],[142.224,42.963],[142.211,42.96],[142.205,42.953],[142.186,42.951],[142.183,42.958],[142.177,42.959],[142.162,42.951],[142.156,42.954],[142.144,42.949],[142.145,42.928],[142.138,42.927],[142.111,42.915],[142.112,42.904],[142.107,42.901],[142.107,42.894],[142.1,42.885],[142.096,42.884],[142.081,42.871]]]]}},{"type":"Feature","properties":{"name":"沙流郡日高町","code":"01601"},"geometry":{"type":"MultiPolygon","coordinates":[[[[141.967,42.529],[141.982,42.516],[142.001,42.509],[142.015,42.499],[142.019,42.492],[142.027,42.485],[142.044,42.483],[142.071,42.477],[142.079,42.47],[142.089,42.47],[142.117,42.469],[142.142,42.466],[142.161,42.461],[142.194,42.448],[142.207,42.438],[142.208,42.431],[142.217,42.428],[142.222,42.423],[142.228,42.421],[142.235,42.427],[142.245,42.426],[142.254,42.431],[142.258,42.43],[142.274,42.436],[142.275,42.441],[142.284,42.444],[142.284,42.449],[142.296,42.455],[142.299,42.46],[142.3,42.468],[142.305,42.47],[142.305,42.477],[142.309,42.483],[142.305,42.501],[142.321,42.519],[142.332,42.52],[142.337,42.53],[142.336,42.538],[142.332,42.543],[142.335,42.547],[142.343,42.544],[142.356,42.546],[142.371,42.542],[142.377,42.545],[142.386,42.542],[142.388,42.548],[142.398,42.556],[142.402,42.556],[142.409,42.565],[142.435,42.565],[142.456,42.575],[142.466,42.584],[142.471,42.596],[142.478,42.595],[142.504,42.601],[142.495,42.604],[142.494,42.613],[142.485,42.621],[142.472,42.614],[142.462,42.615],[142.447,42.619],[142.439,42.624],[142.428,42.624],[142.421,42.621],[142.412,42.624],[142.407,42.621],[142.382,42.62],[142.375,42.614],[142.369,42.614],[142.355,42.619],[142.345,42.615],[142.338,42.615],[142.326,42.621],[142.312,42.623],[142.303,42.629],[142.298,42.636],[142.289,42.635],[142.285,42.628],[142.277,42.622],[142.265,42.621],[142.26,42.63],[142.254,42.623],[142.24,42.622],[142.225,42.617],[142.224,42.609],[142.214,42.604],[142.212,42.599],[142.198,42.593],[142.187,42.582],[142.184,42.574],[142.18,42.574],[142.175,42.561],[142.168,42.557],[142.157,42.556],[142.151,42.552],[142.145,42.544],[142.13,42.537],[142.129,42.531],[142.116,42.529],[142.107,42.522],[142.092,42.531],[142.087,42.532],[142.076,42.54],[142.066,42.536],[142.051,42.542],[142.059,42.551],[142.047,42.56],[142.035,42.552],[142.021,42.55],[142.012,42.546],[142.011,42.54],[141.996,42.545],[141.982,42.545],[141.979,42.536],[141.967,42.529]]],[[[142.72,42.776],[142.716,42.784],[142.722,42.792],[142.72,42.804],[142.729,42.819],[142.732,42.836],[142.744,42.847],[142.757,42.852],[142.772,42.851],[142.78,42.859],[142.788,42.863],[142.785,42.869],[142.771,42.872],[142.763,42.893],[142.756,42.898],[142.771,42.919],[142.778,42.926],[142.772,42.936],[142.767,42.936],[142.759,42.942],[142.76,42.952],[142.757,42.953],[142.75,42.965],[142.755,42.975],[142.762,42.978],[142.763,42.989],[142.75,42.997],[142.745,42.998],[142.741,43.005],[142.728,43.01],[142.72,43.005],[142.71,42.994],[142.703,42.99],[142.69,42.988],[142.678,42.991],[142.666,42.982],[142.652,42.986],[142.632,42.986],[142.627,42.981],[142.614,42.973],[142.607,42.973],[142.587,42.966],[142.578,42.948],[142.571,42.942],[142.573,42.932],[142.56,42.917],[142.551,42.917],[142.546,42.911],[142.536,42.911],[142.533,42.917],[142.525,42.919],[142.521,42.923],[142.511,42.92],[142.503,42.914],[142.498,42.92],[142.492,42.919],[142.486,42.923],[142.475,42.915],[142.466,42.917],[142.444,42.911],[142.428,42.922],[142.424,42.929],[142.409,42.934],[142.399,42.932],[142.404,42.914],[142.398,42.908],[142.396,42.9],[142.392,42.899],[142.386,42.892],[142.378,42.887],[142.374,42.877],[142.378,42.87],[142.378,42.862],[142.382,42.855],[142.392,42.856],[142.399,42.853],[142.402,42.843],[142.4,42.836],[142.394,42.833],[142.395,42.821],[142.388,42.813],[142.381,42.797],[142.384,42.79],[142.392,42.788],[142.404,42.791],[142.414,42.787],[142.431,42.783],[142.447,42.781],[142.455,42.772],[142.479,42.775],[142.485,42.773],[142.497,42.776],[142.502,42.782],[142.508,42.783],[142.511,42.789],[142.509,42.796],[142.513,42.799],[142.532,42.804],[142.536,42.809],[142.549,42.814],[142.568,42.816],[142.575,42.809],[142.582,42.793],[142.601,42.784],[142.609,42.782],[142.629,42.772],[142.635,42.773],[142.643,42.761],[142.643,42.756],[142.659,42.751],[142.687,42.75],[142.698,42.768],[142.707,42.772],[142.72,42.776]]]]}},{"type":"Feature","properties":{"name":"沙流郡平取町","code":"01602"},"geometry":{"type":"MultiPolygon","coordinates":[[[[142.687,42.75],[142.659,42.751],[142.643,42.756],[142.643,42.761],[142.635,42.773],[142.629,42.772],[142.609,42.782],[142.601,42.784],[142.582,42.793],[142.575,42.809],[142.568,42.816],[142.549,42.814],[142.536,42.809],[142.532,42.804],[142.513,42.799],[142.509,42.796],[142.511,42.789],[142.508,42.783],[142.502,42.782],[142.497,42.776],[142.485,42.773],[142.479,42.775],[142.455,42.772],[142.447,42.781],[142.431,42.783],[142.414,42.787],[142.404,42.791],[142.392,42.788],[142.384,42.79],[142.381,42.797],[142.388,42.813],[142.395,42.821],[142.394,42.833],[142.4,42.836],[142.402,42.843],[142.399,42.853],[142.392,42.856],[142.382,42.855],[142.378,42.862],[142.378,42.87],[142.374,42.877],[142.378,42.887],[142.37,42.89],[142.361,42.891],[142.344,42.884],[142.339,42.884],[142.325,42.891],[142.313,42.881],[142.318,42.865],[142.308,42.853],[142.311,42.847],[142.305,42.842],[142.309,42.835],[142.312,42.825],[142.307,42.819],[142.308,42.803],[142.305,42.791],[142.299,42.787],[142.299,42.773],[142.278,42.765],[142.271,42.76],[142.265,42.759],[142.262,42.753],[142.253,42.747],[142.237,42.747],[142.23,42.744],[142.22,42.745],[142.22,42.734],[142.21,42.728],[142.212,42.724],[142.19,42.72],[142.185,42.706],[142.186,42.701],[142.167,42.692],[142.16,42.684],[142.162,42.68],[142.158,42.674],[142.148,42.672],[142.149,42.661],[142.139,42.656],[142.138,42.644],[142.13,42.635],[142.123,42.619],[142.119,42.593],[142.109,42.591],[142.091,42.582],[142.084,42.575],[142.067,42.571],[142.061,42.573],[142.047,42.56],[142.059,42.551],[142.051,42.542],[142.066,42.536],[142.076,42.54],[142.087,42.532],[142.092,42.531],[142.107,42.522],[142.116,42.529],[142.129,42.531],[142.13,42.537],[142.145,42.544],[142.151,42.552],[142.157,42.556],[142.168,42.557],[142.175,42.561],[142.18,42.574],[142.184,42.574],[142.187,42.582],[142.198,42.593],[142.212,42.599],[142.214,42.604],[142.224,42.609],[142.225,42.617],[142.24,42.622],[142.254,42.623],[142.26,42.63],[142.265,42.621],[142.277,42.622],[142.285,42.628],[142.289,42.635],[142.298,42.636],[142.303,42.629],[142.312,42.623],[142.326,42.621],[142.338,42.615],[142.345,42.615],[142.355,42.619],[142.369,42.614],[142.375,42.614],[142.382,42.62],[142.407,42.621],[142.412,42.624],[142.421,42.621],[142.428,42.624],[142.439,42.624],[142.447,42.619],[142.462,42.615],[142.472,42.614],[142.485,42.621],[142.491,42.629],[142.499,42.635],[142.513,42.633],[142.524,42.635],[142.531,42.632],[142.545,42.64],[142.542,42.652],[142.55,42.659],[142.542,42.667],[142.55,42.674],[142.545,42.679],[142.548,42.683],[142.545,42.691],[142.552,42.694],[142.551,42.705],[142.562,42.707],[142.566,42.721],[142.572,42.728],[142.582,42.728],[142.588,42.736],[142.594,42.738],[142.602,42.736],[142.608,42.737],[142.616,42.728],[142.622,42.725],[142.629,42.728],[142.646,42.726],[142.659,42.728],[142.674,42.724],[142.678,42.718],[142.692,42.726],[142.691,42.732],[142.695,42.739],[142.688,42.743],[142.687,42.75]]]]}},{"type":"Feature","properties":{"name":"新冠郡新冠町","code":"01604"},"geometry":{"type":"MultiPolygon","coordinates":[[[[142.695,42.739],[142.691,42.732],[142.692,42.726],[142.678,42.718],[142.674,42.724],[142.659,42.728],[142.646,42.726],[142.629,42.728],[142.622,42.725],[142.616,42.728],[142.608,42.737],[142.602,42.736],[142.594,42.738],[142.588,42.736],[142.582,42.728],[142.572,42.728],[142.566,42.721],[142.562,42.707],[142.551,42.705],[142.552,42.694],[142.545,42.691],[142.548,42.683],[142.545,42.679],[142.55,42.674],[142.542,42.667],[142.55,42.659],[142.542,42.652],[142.545,42.64],[142.531,42.632],[142.524,42.635],[142.513,42.633],[142.499,42.635],[142.491,42.629],[142.485,42.621],[142.494,42.613],[142.495,42.604],[142.504,42.601],[142.478,42.595],[142.471,42.596],[142.466,42.584],[142.456,42.575],[142.435,42.565],[142.409,42.565],[142.402,42.556],[142.398,42.556],[142.388,42.548],[142.386,42.542],[142.377,42.545],[142.371,42.542],[142.356,42.546],[142.343,42.544],[142.335,42.547],[142.332,42.543],[142.336,42.538],[142.337,42.53],[142.332,42.52],[142.321,42.519],[142.305,42.501],[142.309,42.483],[142.305,42.477],[142.305,42.47],[142.3,42.468],[142.299,42.46],[142.296,42.455],[142.284,42.449],[142.284,42.444],[142.275,42.441],[142.274,42.436],[142.258,42.43],[142.254,42.431],[142.245,42.426],[142.235,42.427],[142.228,42.421],[142.222,42.423],[142.225,42.417],[142.242,42.409],[142.266,42.391],[142.275,42.381],[142.277,42.376],[142.294,42.368],[142.3,42.362],[142.32,42.355],[142.335,42.345],[142.346,42.357],[142.359,42.362],[142.365,42.367],[142.374,42.37],[142.41,42.392],[142.419,42.395],[142.421,42.401],[142.428,42.408],[142.438,42.414],[142.441,42.419],[142.452,42.428],[142.464,42.435],[142.476,42.438],[142.474,42.445],[142.479,42.448],[142.491,42.468],[142.5,42.471],[142.506,42.48],[142.522,42.483],[142.528,42.49],[142.537,42.488],[142.545,42.492],[142.551,42.498],[142.553,42.511],[142.567,42.52],[142.567,42.528],[142.56,42.535],[142.566,42.543],[142.555,42.555],[142.559,42.564],[142.564,42.571],[142.564,42.58],[142.572,42.589],[142.567,42.596],[142.572,42.6],[142.589,42.602],[142.59,42.605],[142.603,42.607],[142.62,42.606],[142.626,42.615],[142.642,42.624],[142.651,42.632],[142.661,42.637],[142.664,42.644],[142.674,42.653],[142.697,42.661],[142.705,42.658],[142.717,42.659],[142.737,42.667],[142.752,42.664],[142.754,42.671],[142.764,42.684],[142.756,42.691],[142.758,42.702],[142.756,42.722],[142.749,42.725],[142.734,42.721],[142.728,42.724],[142.725,42.733],[142.715,42.738],[142.705,42.737],[142.695,42.739]]]]}},{"type":"Feature","properties":{"name":"浦河郡浦河町","code":"01607"},"geometry":{"type":"MultiPolygon","coordinates":[[[[143.0,42.372],[142.99,42.374],[142.981,42.384],[142.97,42.392],[142.967,42.402],[142.957,42.411],[142.95,42.415],[142.947,42.428],[142.931,42.43],[142.925,42.434],[142.911,42.431],[142.904,42.432],[142.899,42.449],[142.888,42.454],[142.882,42.466],[142.869,42.464],[142.87,42.458],[142.866,42.452],[142.851,42.452],[142.84,42.447],[142.832,42.449],[142.822,42.446],[142.817,42.44],[142.804,42.436],[142.795,42.436],[142.779,42.432],[142.777,42.412],[142.782,42.403],[142.788,42.4],[142.784,42.39],[142.793,42.379],[142.786,42.372],[142.786,42.367],[142.778,42.357],[142.769,42.349],[142.77,42.344],[142.765,42.339],[142.768,42.32],[142.767,42.313],[142.76,42.311],[142.751,42.302],[142.751,42.293],[142.746,42.289],[142.742,42.281],[142.735,42.276],[142.739,42.268],[142.734,42.266],[142.721,42.256],[142.714,42.248],[142.699,42.24],[142.683,42.239],[142.669,42.231],[142.672,42.223],[142.661,42.221],[142.653,42.218],[142.649,42.209],[142.67,42.192],[142.693,42.191],[142.699,42.186],[142.711,42.186],[142.724,42.184],[142.737,42.177],[142.748,42.177],[142.761,42.174],[142.768,42.165],[142.775,42.16],[142.801,42.15],[142.814,42.142],[142.827,42.14],[142.841,42.141],[142.864,42.136],[142.868,42.147],[142.885,42.159],[142.881,42.165],[142.884,42.173],[142.891,42.177],[142.893,42.184],[142.913,42.191],[142.916,42.196],[142.923,42.198],[142.926,42.203],[142.934,42.207],[142.937,42.205],[142.954,42.207],[142.96,42.214],[142.968,42.211],[142.978,42.215],[142.99,42.214],[142.995,42.219],[143.009,42.224],[143.019,42.223],[143.02,42.227],[143.028,42.231],[143.053,42.227],[143.068,42.229],[143.075,42.243],[143.082,42.242],[143.091,42.247],[143.1,42.248],[143.117,42.26],[143.111,42.273],[143.112,42.28],[143.106,42.286],[143.089,42.288],[143.077,42.291],[143.075,42.301],[143.066,42.305],[143.055,42.314],[143.048,42.329],[143.039,42.329],[143.028,42.339],[143.025,42.347],[143.01,42.353],[143.006,42.362],[143.0,42.372]]]]}},{"type":"Feature","properties":{"name":"様似郡様似町","code":"01608"},"geometry":{"type":"MultiPolygon","coordinates":[[[[142.864,42.136],[142.876,42.132],[142.887,42.133],[142.903,42.131],[142.909,42.132],[142.92,42.126],[142.934,42.126],[142.956,42.122],[142.966,42.118],[142.968,42.114],[142.978,42.102],[142.989,42.1],[142.998,42.094],[143.0,42.087],[143.009,42.083],[143.062,42.065],[143.068,42.061],[143.074,42.065],[143.08,42.073],[143.094,42.078],[143.103,42.075],[143.127,42.074],[143.16,42.077],[143.171,42.084],[143.177,42.096],[143.191,42.099],[143.195,42.096],[143.203,42.105],[143.19,42.112],[143.177,42.113],[143.171,42.121],[143.179,42.13],[143.188,42.132],[143.19,42.138],[143.177,42.156],[143.178,42.163],[143.172,42.171],[143.176,42.175],[143.177,42.184],[143.193,42.19],[143.199,42.191],[143.192,42.199],[143.187,42.211],[143.186,42.219],[143.179,42.224],[143.166,42.223],[143.161,42.226],[143.148,42.241],[143.149,42.252],[143.133,42.258],[143.117,42.26],[143.1,42.248],[143.091,42.247],[143.082,42.242],[143.075,42.243],[143.068,42.229],[143.053,42.227],[143.028,42.231],[143.02,42.227],[143.019,42.223],[143.009,42.224],[142.995,42.219],[142.99,42.214],[142.978,42.215],[142.968,42.211],[142.96,42.214],[142.954,42.207],[142.937,42.205],[142.934,42.207],[142.926,42.203],[142.923,42.198],[142.916,42.196],[142.913,42.191],[142.893,42.184],[142.891,42.177],[142.884,42.173],[142.881,42.165],[142.885,42.159],[142.868,42.147],[142.864,42.136]]]]}},{"type":"Feature","properties":{"name":"幌泉郡えりも町","code":"01609"},"geometry":{"type":"MultiPolygon","coordinates":[[[[143.068,42.061],[143.095,42.05],[143.104,42.043],[143.112,42.041],[143.118,42.035],[143.134,42.028],[143.146,42.017],[143.149,42.01],[143.161,41.997],[143.164,41.983],[143.179,41.973],[143.183,41.967],[143.193,41.964],[143.195,41.958],[143.215,41.951],[143.223,41.942],[143.229,41.939],[143.242,41.927],[143.247,41.928],[143.245,41.935],[143.241,41.942],[143.244,41.966],[143.249,41.981],[143.259,42.004],[143.271,42.018],[143.276,42.023],[143.289,42.028],[143.288,42.033],[143.294,42.043],[143.31,42.047],[143.312,42.054],[143.308,42.07],[143.308,42.08],[143.317,42.105],[143.321,42.113],[143.317,42.123],[143.319,42.136],[143.324,42.151],[143.324,42.16],[143.305,42.162],[143.298,42.167],[143.267,42.163],[143.266,42.169],[143.253,42.169],[143.25,42.176],[143.24,42.182],[143.23,42.183],[143.22,42.178],[143.206,42.189],[143.199,42.191],[143.193,42.19],[143.177,42.184],[143.176,42.175],[143.172,42.171],[143.178,42.163],[143.177,42.156],[143.19,42.138],[143.188,42.132],[143.179,42.13],[143.171,42.121],[143.177,42.113],[143.19,42.112],[143.203,42.105],[143.195,42.096],[143.191,42.099],[143.177,42.096],[143.171,42.084],[143.16,42.077],[143.127,42.074],[143.103,42.075],[143.094,42.078],[143.08,42.073],[143.074,42.065],[143.068,42.061]]]]}},{"type":"Feature","properties":{"name":"日高郡新ひだか町","code":"01610"},"geometry":{"type":"MultiPolygon","coordinates":[[[[142.335,42.345],[142.362,42.334],[142.37,42.324],[142.395,42.316],[142.407,42.309],[142.418,42.31],[142.439,42.306],[142.451,42.3],[142.452,42.295],[142.476,42.274],[142.495,42.266],[142.507,42.267],[142.544,42.251],[142.564,42.247],[142.57,42.245],[142.585,42.243],[142.59,42.239],[142.608,42.231],[142.615,42.225],[142.628,42.223],[142.638,42.214],[142.649,42.209],[142.653,42.218],[142.661,42.221],[142.672,42.223],[142.669,42.231],[142.683,42.239],[142.699,42.24],[142.714,42.248],[142.721,42.256],[142.734,42.266],[142.739,42.268],[142.735,42.276],[142.742,42.281],[142.746,42.289],[142.751,42.293],[142.751,42.302],[142.76,42.311],[142.767,42.313],[142.768,42.32],[142.765,42.339],[142.77,42.344],[142.769,42.349],[142.778,42.357],[142.786,42.367],[142.786,42.372],[142.793,42.379],[142.784,42.39],[142.788,42.4],[142.782,42.403],[142.777,42.412],[142.779,42.432],[142.795,42.436],[142.804,42.436],[142.817,42.44],[142.822,42.446],[142.832,42.449],[142.84,42.447],[142.851,42.452],[142.866,42.452],[142.87,42.458],[142.869,42.464],[142.882,42.466],[142.885,42.476],[142.89,42.481],[142.891,42.489],[142.885,42.498],[142.871,42.499],[142.865,42.507],[142.856,42.513],[142.857,42.52],[142.862,42.523],[142.864,42.542],[142.853,42.545],[142.845,42.545],[142.828,42.549],[142.827,42.563],[142.825,42.57],[142.817,42.573],[142.812,42.578],[142.81,42.588],[142.801,42.596],[142.796,42.613],[142.789,42.62],[142.771,42.622],[142.768,42.637],[142.762,42.639],[142.755,42.645],[142.756,42.657],[142.752,42.664],[142.737,42.667],[142.717,42.659],[142.705,42.658],[142.697,42.661],[142.674,42.653],[142.664,42.644],[142.661,42.637],[142.651,42.632],[142.642,42.624],[142.626,42.615],[142.62,42.606],[142.603,42.607],[142.59,42.605],[142.589,42.602],[142.572,42.6],[142.567,42.596],[142.572,42.589],[142.564,42.58],[142.564,42.571],[142.559,42.564],[142.555,42.555],[142.566,42.543],[142.56,42.535],[142.567,42.528],[142.567,42.52],[142.553,42.511],[142.551,42.498],[142.545,42.492],[142.537,42.488],[142.528,42.49],[142.522,42.483],[142.506,42.48],[142.5,42.471],[142.491,42.468],[142.479,42.448],[142.474,42.445],[142.476,42.438],[142.464,42.435],[142.452,42.428],[142.441,42.419],[142.438,42.414],[142.428,42.408],[142.421,42.401],[142.419,42.395],[142.41,42.392],[142.374,42.37],[142.365,42.367],[142.359,42.362],[142.346,42.357],[142.335,42.345]]]]}},{"type":"Feature","properties":{"name":"河東郡音更町","code":"01631"},"geometry":{"type":"MultiPolygon","coordinates":[[[[143.247,42.934],[143.252,42.932],[143.273,42.934],[143.283,42.936],[143.293,42.933],[143.306,42.925],[143.314,42.927],[143.314,42.932],[143.321,42.936],[143.323,42.944],[143.32,42.949],[143.325,42.954],[143.326,42.963],[143.337,42.968],[143.342,42.965],[143.367,42.97],[143.37,42.977],[143.368,42.981],[143.375,42.991],[143.36,43.023],[143.354,43.026],[143.357,43.034],[143.346,43.056],[143.342,43.058],[143.341,43.07],[143.344,43.079],[143.333,43.081],[143.324,43.087],[143.329,43.092],[143.327,43.106],[143.324,43.115],[143.25,43.124],[143.241,43.084],[143.203,43.089],[143.205,43.101],[143.211,43.109],[143.217,43.126],[143.212,43.134],[143.212,43.141],[143.15,43.152],[143.075,43.167],[143.041,43.071],[143.063,43.062],[143.07,43.011],[143.086,43.005],[143.095,43.005],[143.101,43.0],[143.121,42.979],[143.13,42.967],[143.131,42.962],[143.147,42.951],[143.151,42.945],[143.161,42.947],[143.175,42.944],[143.181,42.949],[143.194,42.947],[143.199,42.936],[143.231,42.937],[143.242,42.939],[143.247,42.934]]]]}},{"type":"Feature","properties":{"name":"河東郡士幌町","code":"01632"},"geometry":{"type":"MultiPolygon","coordinates":[[[[143.344,43.079],[143.35,43.078],[143.357,43.081],[143.387,43.086],[143.416,43.115],[143.406,43.119],[143.403,43.129],[143.39,43.142],[143.389,43.178],[143.392,43.188],[143.373,43.19],[143.376,43.199],[143.364,43.201],[143.256,43.214],[143.26,43.22],[143.184,43.234],[143.149,43.241],[143.103,43.25],[143.1,43.241],[143.108,43.229],[143.108,43.224],[143.117,43.213],[143.116,43.205],[143.122,43.198],[143.118,43.182],[143.123,43.173],[143.13,43.166],[143.146,43.157],[143.15,43.152],[143.212,43.141],[143.212,43.134],[143.217,43.126],[143.211,43.109],[143.205,43.101],[143.203,43.089],[143.241,43.084],[143.25,43.124],[143.324,43.115],[143.327,43.106],[143.329,43.092],[143.324,43.087],[143.333,43.081],[143.344,43.079]]]]}},{"type":"Feature","properties":{"name":"河東郡上士幌町","code":"01633"},"geometry":{"type":"MultiPolygon","coordinates":[[[[143.142,43.595],[143.134,43.588],[143.116,43.583],[143.114,43.58],[143.103,43.576],[143.102,43.573],[143.091,43.567],[143.08,43.564],[143.07,43.563],[143.069,43.559],[143.06,43.555],[143.053,43.559],[143.041,43.563],[143.03,43.55],[143.023,43.549],[143.02,43.542],[143.024,43.535],[143.014,43.529],[143.009,43.52],[143.011,43.515],[143.023,43.508],[143.032,43.488],[143.043,43.479],[143.045,43.473],[143.041,43.464],[143.032,43.454],[143.035,43.445],[143.031,43.439],[143.026,43.425],[143.031,43.418],[143.027,43.411],[143.032,43.407],[143.032,43.396],[143.046,43.391],[143.054,43.385],[143.07,43.384],[143.076,43.39],[143.089,43.388],[143.097,43.383],[143.113,43.365],[143.112,43.358],[143.119,43.356],[143.13,43.346],[143.137,43.333],[143.142,43.33],[143.144,43.319],[143.131,43.313],[143.12,43.302],[143.116,43.277],[143.103,43.25],[143.149,43.241],[143.184,43.234],[143.26,43.22],[143.256,43.214],[143.364,43.201],[143.376,43.199],[143.373,43.19],[143.392,43.188],[143.399,43.199],[143.395,43.207],[143.406,43.213],[143.4,43.22],[143.403,43.233],[143.411,43.245],[143.402,43.245],[143.412,43.288],[143.4,43.294],[143.397,43.299],[143.382,43.306],[143.313,43.314],[143.311,43.321],[143.318,43.324],[143.319,43.332],[143.308,43.343],[143.292,43.351],[143.287,43.357],[143.285,43.366],[143.281,43.373],[143.27,43.372],[143.259,43.377],[143.251,43.377],[143.247,43.387],[143.239,43.386],[143.238,43.392],[143.244,43.397],[143.244,43.409],[143.231,43.423],[143.237,43.429],[143.222,43.442],[143.211,43.449],[143.219,43.46],[143.216,43.469],[143.224,43.489],[143.228,43.494],[143.239,43.5],[143.232,43.513],[143.233,43.519],[143.227,43.534],[143.236,43.551],[143.225,43.555],[143.224,43.569],[143.226,43.575],[143.213,43.575],[143.209,43.584],[143.2,43.583],[143.186,43.586],[143.173,43.595],[143.159,43.594],[143.155,43.592],[143.142,43.595]]]]}},{"type":"Feature","properties":{"name":"河東郡鹿追町","code":"01634"},"geometry":{"type":"MultiPolygon","coordinates":[[[[143.15,43.152],[143.146,43.157],[143.13,43.166],[143.123,43.173],[143.118,43.182],[143.122,43.198],[143.116,43.205],[143.117,43.213],[143.108,43.224],[143.108,43.229],[143.1,43.241],[143.103,43.25],[143.116,43.277],[143.12,43.302],[143.131,43.313],[143.144,43.319],[143.142,43.33],[143.137,43.333],[143.13,43.346],[143.119,43.356],[143.112,43.358],[143.113,43.365],[143.097,43.383],[143.089,43.388],[143.076,43.39],[143.07,43.384],[143.054,43.385],[143.046,43.391],[143.032,43.396],[143.027,43.392],[143.026,43.385],[143.019,43.378],[143.007,43.376],[143.009,43.367],[143.006,43.357],[143.0,43.354],[143.001,43.349],[143.007,43.346],[143.013,43.334],[143.01,43.322],[142.993,43.317],[142.986,43.301],[142.98,43.295],[142.975,43.285],[142.98,43.282],[142.98,43.273],[142.975,43.268],[142.98,43.26],[142.973,43.25],[142.979,43.246],[142.978,43.241],[142.988,43.234],[142.982,43.23],[142.981,43.225],[142.966,43.219],[142.974,43.213],[142.97,43.2],[142.962,43.198],[142.953,43.2],[142.953,43.186],[142.948,43.178],[142.939,43.178],[142.926,43.162],[142.928,43.157],[142.923,43.153],[142.927,43.148],[142.925,43.141],[142.929,43.131],[142.929,43.12],[142.928,43.116],[142.933,43.103],[142.944,43.096],[142.947,43.087],[142.968,43.068],[142.978,43.061],[142.988,43.058],[143.001,43.048],[143.021,43.035],[143.062,43.016],[143.07,43.011],[143.063,43.062],[143.041,43.071],[143.075,43.167],[143.15,43.152]]]]}},{"type":"Feature","properties":{"name":"上川郡新得町","code":"01635"},"geometry":{"type":"MultiPolygon","coordinates":[[[[142.894,43.566],[142.891,43.566],[142.875,43.57],[142.872,43.565],[142.861,43.564],[142.861,43.558],[142.85,43.549],[142.854,43.536],[142.852,43.53],[142.839,43.522],[142.83,43.523],[142.815,43.531],[142.807,43.528],[142.814,43.523],[142.813,43.514],[142.806,43.511],[142.798,43.501],[142.791,43.501],[142.787,43.496],[142.78,43.495],[142.777,43.487],[142.732,43.462],[142.724,43.452],[142.715,43.452],[142.71,43.44],[142.711,43.433],[142.701,43.426],[142.686,43.418],[142.679,43.415],[142.672,43.405],[142.677,43.404],[142.684,43.395],[142.689,43.394],[142.695,43.385],[142.706,43.378],[142.715,43.368],[142.721,43.36],[142.75,43.353],[142.761,43.357],[142.769,43.347],[142.755,43.345],[142.749,43.34],[142.745,43.324],[142.736,43.319],[142.739,43.313],[142.735,43.298],[142.737,43.285],[142.747,43.265],[142.747,43.26],[142.742,43.258],[142.74,43.252],[142.734,43.249],[142.742,43.241],[142.734,43.234],[142.736,43.219],[142.74,43.213],[142.749,43.211],[142.763,43.2],[142.762,43.194],[142.769,43.189],[142.768,43.18],[142.779,43.174],[142.765,43.162],[142.767,43.145],[142.764,43.138],[142.767,43.13],[142.76,43.121],[142.753,43.123],[142.745,43.115],[142.751,43.11],[142.737,43.095],[142.744,43.088],[142.737,43.082],[142.728,43.078],[142.728,43.073],[142.74,43.066],[142.747,43.058],[142.749,43.052],[142.748,43.042],[142.753,43.036],[142.751,43.03],[142.754,43.026],[142.754,43.013],[142.776,43.015],[142.788,43.02],[142.796,43.027],[142.806,43.03],[142.814,43.035],[142.823,43.034],[142.839,43.038],[142.852,43.036],[142.852,43.044],[142.859,43.047],[142.861,43.054],[142.856,43.062],[142.896,43.07],[142.886,43.088],[142.92,43.093],[142.917,43.099],[142.92,43.105],[142.916,43.11],[142.917,43.118],[142.929,43.12],[142.929,43.131],[142.925,43.141],[142.927,43.148],[142.923,43.153],[142.928,43.157],[142.926,43.162],[142.939,43.178],[142.948,43.178],[142.953,43.186],[142.953,43.2],[142.962,43.198],[142.97,43.2],[142.974,43.213],[142.966,43.219],[142.981,43.225],[142.982,43.23],[142.988,43.234],[142.978,43.241],[142.979,43.246],[142.973,43.25],[142.98,43.26],[142.975,43.268],[142.98,43.273],[142.98,43.282],[142.975,43.285],[142.98,43.295],[142.986,43.301],[142.993,43.317],[143.01,43.322],[143.013,43.334],[143.007,43.346],[143.001,43.349],[143.0,43.354],[143.006,43.357],[143.009,43.367],[143.007,43.376],[143.019,43.378],[143.026,43.385],[143.027,43.392],[143.032,43.396],[143.032,43.407],[143.027,43.411],[143.031,43.418],[143.026,43.425],[143.031,43.439],[143.035,43.445],[143.032,43.454],[143.041,43.464],[143.045,43.473],[143.043,43.479],[143.032,43.488],[143.023,43.508],[143.011,43.515],[143.009,43.52],[143.014,43.529],[143.005,43.529],[142.985,43.534],[142.976,43.539],[142.974,43.534],[142.958,43.526],[142.944,43.536],[142.939,43.545],[142.924,43.552],[142.91,43.563],[142.894,43.566]]]]}},{"type":"Feature","properties":{"name":"上川郡清水町","code":"01636"},"geometry":{"type":"MultiPolygon","coordinates":[[[[142.741,43.005],[142.745,42.998],[142.75,42.997],[142.763,42.989],[142.762,42.978],[142.755,42.975],[142.75,42.965],[142.757,42.953],[142.76,42.952],[142.759,42.942],[142.767,42.936],[142.772,42.936],[142.778,42.926],[142.771,42.919],[142.756,42.898],[142.763,42.893],[142.771,42.872],[142.785,42.869],[142.807,42.874],[142.814,42.867],[142.829,42.865],[142.835,42.857],[142.852,42.851],[142.872,42.85],[142.895,42.844],[142.906,42.85],[142.918,42.842],[142.929,42.839],[142.945,42.86],[142.933,42.865],[142.939,42.872],[142.924,42.877],[142.924,42.882],[142.938,42.885],[142.949,42.893],[142.956,42.9],[142.951,42.912],[142.963,42.923],[142.956,42.923],[142.952,42.918],[142.945,42.922],[142.968,42.927],[142.986,42.922],[142.985,42.927],[142.995,42.931],[142.991,42.941],[142.979,42.949],[142.975,42.947],[142.961,42.957],[142.964,42.96],[143.001,42.963],[142.995,43.01],[143.024,43.013],[143.021,43.035],[143.001,43.048],[142.988,43.058],[142.978,43.061],[142.968,43.068],[142.947,43.087],[142.944,43.096],[142.933,43.103],[142.928,43.116],[142.929,43.12],[142.917,43.118],[142.916,43.11],[142.92,43.105],[142.917,43.099],[142.92,43.093],[142.886,43.088],[142.896,43.07],[142.856,43.062],[142.861,43.054],[142.859,43.047],[142.852,43.044],[142.852,43.036],[142.839,43.038],[142.823,43.034],[142.814,43.035],[142.806,43.03],[142.796,43.027],[142.788,43.02],[142.776,43.015],[142.754,43.013],[142.741,43.005]]]]}},{"type":"Feature","properties":{"name":"河西郡芽室町","code":"01637"},"geometry":{"type":"MultiPolygon","coordinates":[[[[143.147,42.951],[143.131,42.962],[143.13,42.967],[143.121,42.979],[143.101,43.0],[143.095,43.005],[143.086,43.005],[143.07,43.011],[143.062,43.016],[143.021,43.035],[143.024,43.013],[142.995,43.01],[143.001,42.963],[142.964,42.96],[142.961,42.957],[142.975,42.947],[142.979,42.949],[142.991,42.941],[142.995,42.931],[142.985,42.927],[142.986,42.922],[142.968,42.927],[142.945,42.922],[142.952,42.918],[142.956,42.923],[142.963,42.923],[142.951,42.912],[142.956,42.9],[142.949,42.893],[142.938,42.885],[142.924,42.882],[142.924,42.877],[142.939,42.872],[142.933,42.865],[142.945,42.86],[142.929,42.839],[142.918,42.842],[142.906,42.85],[142.895,42.844],[142.872,42.85],[142.852,42.851],[142.835,42.857],[142.829,42.865],[142.814,42.867],[142.807,42.874],[142.785,42.869],[142.788,42.863],[142.78,42.859],[142.772,42.851],[142.757,42.852],[142.744,42.847],[142.732,42.836],[142.729,42.819],[142.72,42.804],[142.722,42.792],[142.716,42.784],[142.72,42.776],[142.727,42.773],[142.744,42.771],[142.758,42.772],[142.767,42.776],[142.78,42.764],[142.814,42.765],[142.817,42.761],[142.831,42.76],[142.838,42.756],[142.853,42.757],[142.887,42.752],[142.894,42.754],[142.898,42.75],[142.897,42.74],[142.922,42.725],[142.936,42.722],[142.991,42.771],[142.996,42.779],[143.008,42.781],[143.022,42.786],[143.035,42.788],[143.038,42.792],[143.06,42.8],[143.075,42.81],[143.086,42.822],[143.092,42.831],[143.12,42.856],[143.147,42.893],[143.147,42.898],[143.113,42.895],[143.109,42.929],[143.116,42.938],[143.115,42.943],[143.127,42.947],[143.13,42.953],[143.147,42.951]]]]}},{"type":"Feature","properties":{"name":"河西郡中札内村","code":"01638"},"geometry":{"type":"MultiPolygon","coordinates":[[[[142.764,42.684],[142.754,42.671],[142.752,42.664],[142.756,42.657],[142.755,42.645],[142.762,42.639],[142.768,42.637],[142.771,42.622],[142.789,42.62],[142.796,42.613],[142.801,42.596],[142.81,42.588],[142.812,42.578],[142.817,42.573],[142.825,42.57],[142.842,42.574],[142.849,42.578],[142.866,42.577],[142.879,42.569],[142.893,42.567],[142.91,42.569],[142.917,42.562],[142.927,42.561],[142.938,42.569],[142.942,42.576],[142.952,42.579],[142.959,42.575],[142.971,42.578],[142.978,42.582],[142.984,42.58],[143.004,42.578],[143.008,42.584],[143.023,42.591],[143.027,42.587],[143.041,42.588],[143.056,42.594],[143.07,42.594],[143.091,42.6],[143.099,42.593],[143.111,42.601],[143.106,42.607],[143.129,42.621],[143.123,42.627],[143.139,42.636],[143.163,42.665],[143.183,42.696],[143.191,42.7],[143.189,42.705],[143.197,42.725],[143.159,42.733],[143.15,42.731],[143.14,42.721],[143.119,42.73],[143.116,42.726],[143.102,42.731],[143.098,42.722],[143.082,42.711],[143.079,42.705],[143.073,42.702],[143.074,42.697],[143.082,42.694],[143.055,42.66],[143.045,42.655],[143.04,42.646],[143.031,42.647],[143.031,42.637],[143.021,42.634],[143.011,42.636],[143.007,42.631],[143.0,42.631],[142.991,42.625],[142.975,42.624],[142.962,42.619],[142.954,42.623],[142.933,42.622],[142.919,42.627],[142.901,42.615],[142.89,42.621],[142.889,42.626],[142.879,42.632],[142.87,42.632],[142.868,42.637],[142.86,42.641],[142.865,42.654],[142.863,42.658],[142.866,42.669],[142.864,42.675],[142.87,42.684],[142.858,42.695],[142.849,42.691],[142.839,42.691],[142.828,42.687],[142.82,42.692],[142.811,42.691],[142.793,42.694],[142.779,42.69],[142.764,42.684]]]]}},{"type":"Feature","properties":{"name":"河西郡更別村","code":"01639"},"geometry":{"type":"MultiPolygon","coordinates":[[[[143.191,42.7],[143.183,42.696],[143.163,42.665],[143.139,42.636],[143.123,42.627],[143.129,42.621],[143.106,42.607],[143.111,42.601],[143.099,42.593],[143.091,42.6],[143.07,42.594],[143.056,42.594],[143.041,42.588],[143.056,42.579],[143.061,42.58],[143.086,42.578],[143.098,42.581],[143.117,42.574],[143.125,42.576],[143.143,42.577],[143.154,42.575],[143.206,42.574],[143.222,42.571],[143.229,42.57],[143.256,42.58],[143.274,42.589],[143.288,42.593],[143.295,42.593],[143.304,42.626],[143.302,42.631],[143.269,42.634],[143.261,42.642],[143.277,42.688],[143.28,42.708],[143.285,42.719],[143.248,42.726],[143.24,42.702],[143.208,42.708],[143.208,42.702],[143.191,42.7]]]]}},{"type":"Feature","properties":{"name":"広尾郡大樹町","code":"01641"},"geometry":{"type":"MultiPolygon","coordinates":[[[[143.0,42.372],[143.017,42.389],[143.033,42.398],[143.031,42.411],[143.037,42.418],[143.043,42.418],[143.051,42.423],[143.064,42.428],[143.071,42.428],[143.077,42.423],[143.085,42.424],[143.101,42.421],[143.106,42.424],[143.114,42.423],[143.123,42.419],[143.135,42.42],[143.142,42.424],[143.148,42.423],[143.154,42.429],[143.167,42.429],[143.172,42.432],[143.193,42.432],[143.197,42.439],[143.207,42.442],[143.224,42.441],[143.247,42.446],[143.255,42.443],[143.263,42.446],[143.271,42.443],[143.283,42.447],[143.307,42.446],[143.309,42.442],[143.32,42.439],[143.327,42.441],[143.33,42.437],[143.35,42.431],[143.357,42.434],[143.368,42.431],[143.369,42.425],[143.386,42.42],[143.389,42.415],[143.399,42.431],[143.433,42.474],[143.444,42.489],[143.494,42.541],[143.524,42.573],[143.518,42.576],[143.522,42.583],[143.515,42.591],[143.521,42.6],[143.511,42.598],[143.504,42.601],[143.494,42.611],[143.498,42.615],[143.479,42.622],[143.48,42.628],[143.484,42.635],[143.475,42.639],[143.468,42.633],[143.453,42.644],[143.445,42.648],[143.439,42.657],[143.439,42.666],[143.433,42.665],[143.426,42.671],[143.414,42.677],[143.406,42.672],[143.397,42.661],[143.388,42.658],[143.391,42.649],[143.373,42.65],[143.369,42.645],[143.364,42.638],[143.37,42.631],[143.371,42.625],[143.363,42.61],[143.371,42.601],[143.37,42.594],[143.387,42.589],[143.395,42.593],[143.403,42.59],[143.412,42.576],[143.41,42.571],[143.412,42.562],[143.417,42.556],[143.428,42.551],[143.444,42.534],[143.45,42.533],[143.453,42.528],[143.406,42.517],[143.378,42.509],[143.369,42.53],[143.363,42.529],[143.357,42.534],[143.339,42.541],[143.299,42.528],[143.264,42.542],[143.244,42.547],[143.224,42.552],[143.23,42.561],[143.219,42.566],[143.222,42.571],[143.206,42.574],[143.154,42.575],[143.143,42.577],[143.125,42.576],[143.117,42.574],[143.098,42.581],[143.086,42.578],[143.061,42.58],[143.056,42.579],[143.041,42.588],[143.027,42.587],[143.023,42.591],[143.008,42.584],[143.004,42.578],[142.984,42.58],[142.978,42.582],[142.971,42.578],[142.959,42.575],[142.952,42.579],[142.942,42.576],[142.938,42.569],[142.927,42.561],[142.917,42.562],[142.91,42.569],[142.893,42.567],[142.879,42.569],[142.866,42.577],[142.849,42.578],[142.842,42.574],[142.825,42.57],[142.827,42.563],[142.828,42.549],[142.845,42.545],[142.853,42.545],[142.864,42.542],[142.862,42.523],[142.857,42.52],[142.856,42.513],[142.865,42.507],[142.871,42.499],[142.885,42.498],[142.891,42.489],[142.89,42.481],[142.885,42.476],[142.882,42.466],[142.888,42.454],[142.899,42.449],[142.904,42.432],[142.911,42.431],[142.925,42.434],[142.931,42.43],[142.947,42.428],[142.95,42.415],[142.957,42.411],[142.967,42.402],[142.97,42.392],[142.981,42.384],[142.99,42.374],[143.0,42.372]]]]}},{"type":"Feature","properties":{"name":"広尾郡広尾町","code":"01642"},"geometry":{"type":"MultiPolygon","coordinates":[[[[143.117,42.26],[143.133,42.258],[143.149,42.252],[143.148,42.241],[143.161,42.226],[143.166,42.223],[143.179,42.224],[143.186,42.219],[143.187,42.211],[143.192,42.199],[143.199,42.191],[143.206,42.189],[143.22,42.178],[143.23,42.183],[143.24,42.182],[143.25,42.176],[143.253,42.169],[143.266,42.169],[143.267,42.163],[143.298,42.167],[143.305,42.162],[143.324,42.16],[143.333,42.175],[143.336,42.19],[143.336,42.202],[143.324,42.207],[143.319,42.213],[143.321,42.223],[143.316,42.227],[143.315,42.236],[143.308,42.244],[143.31,42.261],[143.321,42.284],[143.321,42.298],[143.327,42.295],[143.333,42.303],[143.326,42.305],[143.327,42.313],[143.344,42.345],[143.351,42.353],[143.356,42.366],[143.389,42.415],[143.386,42.42],[143.369,42.425],[143.368,42.431],[143.357,42.434],[143.35,42.431],[143.33,42.437],[143.327,42.441],[143.32,42.439],[143.309,42.442],[143.307,42.446],[143.283,42.447],[143.271,42.443],[143.263,42.446],[143.255,42.443],[143.247,42.446],[143.224,42.441],[143.207,42.442],[143.197,42.439],[143.193,42.432],[143.172,42.432],[143.167,42.429],[143.154,42.429],[143.148,42.423],[143.142,42.424],[143.135,42.42],[143.123,42.419],[143.114,42.423],[143.106,42.424],[143.101,42.421],[143.085,42.424],[143.077,42.423],[143.071,42.428],[143.064,42.428],[143.051,42.423],[143.043,42.418],[143.037,42.418],[143.031,42.411],[143.033,42.398],[143.017,42.389],[143.0,42.372],[143.006,42.362],[143.01,42.353],[143.025,42.347],[143.028,42.339],[143.039,42.329],[143.048,42.329],[143.055,42.314],[143.066,42.305],[143.075,42.301],[143.077,42.291],[143.089,42.288],[143.106,42.286],[143.112,42.28],[143.111,42.273],[143.117,42.26]]]]}},{"type":"Feature","properties":{"name":"中川郡幕別町","code":"01643"},"geometry":{"type":"MultiPolygon","coordinates":[[[[143.248,42.726],[143.285,42.719],[143.28,42.708],[143.277,42.688],[143.261,42.642],[143.269,42.634],[143.302,42.631],[143.304,42.626],[143.295,42.593],[143.288,42.593],[143.274,42.589],[143.256,42.58],[143.229,42.57],[143.222,42.571],[143.219,42.566],[143.23,42.561],[143.224,42.552],[143.242,42.545],[143.262,42.54],[143.299,42.528],[143.339,42.541],[143.357,42.534],[143.363,42.529],[143.369,42.53],[143.378,42.509],[143.406,42.515],[143.453,42.528],[143.45,42.533],[143.444,42.534],[143.429,42.548],[143.417,42.556],[143.412,42.562],[143.41,42.571],[143.412,42.576],[143.403,42.59],[143.395,42.593],[143.387,42.589],[143.37,42.594],[143.371,42.601],[143.363,42.61],[143.371,42.625],[143.37,42.631],[143.364,42.638],[143.369,42.645],[143.361,42.652],[143.352,42.657],[143.338,42.657],[143.339,42.666],[143.331,42.678],[143.332,42.684],[143.328,42.691],[143.334,42.702],[143.331,42.707],[143.337,42.721],[143.35,42.737],[143.351,42.782],[143.397,42.817],[143.39,42.87],[143.443,42.874],[143.426,42.898],[143.409,42.911],[143.39,42.921],[143.379,42.93],[143.381,42.938],[143.374,42.943],[143.364,42.941],[143.34,42.941],[143.321,42.936],[143.314,42.932],[143.314,42.927],[143.306,42.925],[143.293,42.933],[143.283,42.936],[143.273,42.934],[143.252,42.932],[143.247,42.934],[143.239,42.932],[143.23,42.925],[143.23,42.914],[143.214,42.896],[143.226,42.89],[143.224,42.884],[143.226,42.872],[143.22,42.855],[143.213,42.844],[143.219,42.842],[143.203,42.82],[143.229,42.812],[143.221,42.8],[143.246,42.792],[143.233,42.77],[143.268,42.763],[143.258,42.734],[143.252,42.735],[143.248,42.726]]]]}},{"type":"Feature","properties":{"name":"中川郡池田町","code":"01644"},"geometry":{"type":"MultiPolygon","coordinates":[[[[143.321,42.936],[143.34,42.941],[143.364,42.941],[143.374,42.943],[143.381,42.938],[143.379,42.93],[143.39,42.921],[143.409,42.911],[143.426,42.898],[143.443,42.874],[143.48,42.876],[143.49,42.876],[143.513,42.881],[143.551,42.894],[143.55,42.9],[143.56,42.909],[143.568,42.911],[143.573,42.924],[143.578,42.928],[143.577,42.946],[143.57,42.948],[143.565,42.962],[143.576,42.972],[143.583,42.975],[143.582,42.982],[143.576,42.988],[143.575,42.999],[143.579,43.009],[143.585,43.017],[143.591,43.028],[143.59,43.032],[143.582,43.036],[143.581,43.04],[143.565,43.049],[143.562,43.063],[143.558,43.068],[143.56,43.074],[143.511,43.057],[143.481,43.074],[143.47,43.078],[143.455,43.092],[143.449,43.101],[143.444,43.1],[143.416,43.115],[143.387,43.086],[143.357,43.081],[143.35,43.078],[143.344,43.079],[143.341,43.07],[143.342,43.058],[143.346,43.056],[143.357,43.034],[143.354,43.026],[143.36,43.023],[143.375,42.991],[143.368,42.981],[143.37,42.977],[143.367,42.97],[143.342,42.965],[143.337,42.968],[143.326,42.963],[143.325,42.954],[143.32,42.949],[143.323,42.944],[143.321,42.936]]]]}},{"type":"Feature","properties":{"name":"中川郡豊頃町","code":"01645"},"geometry":{"type":"MultiPolygon","coordinates":[[[[143.524,42.573],[143.578,42.624],[143.6,42.644],[143.632,42.67],[143.642,42.676],[143.651,42.684],[143.672,42.698],[143.691,42.713],[143.672,42.705],[143.668,42.707],[143.656,42.707],[143.647,42.702],[143.643,42.705],[143.628,42.703],[143.624,42.698],[143.61,42.699],[143.606,42.701],[143.597,42.715],[143.605,42.723],[143.593,42.728],[143.594,42.74],[143.588,42.749],[143.596,42.803],[143.584,42.806],[143.577,42.813],[143.58,42.82],[143.57,42.826],[143.569,42.831],[143.559,42.847],[143.565,42.857],[143.572,42.857],[143.585,42.869],[143.576,42.872],[143.572,42.878],[143.564,42.884],[143.551,42.89],[143.551,42.894],[143.513,42.881],[143.49,42.876],[143.48,42.876],[143.443,42.874],[143.39,42.87],[143.397,42.817],[143.351,42.782],[143.35,42.737],[143.337,42.721],[143.331,42.707],[143.334,42.702],[143.328,42.691],[143.332,42.684],[143.331,42.678],[143.339,42.666],[143.338,42.657],[143.352,42.657],[143.361,42.652],[143.369,42.645],[143.373,42.65],[143.391,42.649],[143.388,42.658],[143.397,42.661],[143.406,42.672],[143.414,42.677],[143.426,42.671],[143.433,42.665],[143.439,42.666],[143.439,42.657],[143.445,42.648],[143.453,42.644],[143.468,42.633],[143.475,42.639],[143.484,42.635],[143.48,42.628],[143.479,42.622],[143.498,42.615],[143.494,42.611],[143.504,42.601],[143.511,42.598],[143.521,42.6],[143.515,42.591],[143.522,42.583],[143.518,42.576],[143.524,42.573]]]]}},{"type":"Feature","properties":{"name":"中川郡本別町","code":"01646"},"geometry":{"type":"MultiPolygon","coordinates":[[[[143.416,43.115],[143.444,43.1],[143.449,43.101],[143.455,43.092],[143.47,43.078],[143.481,43.074],[143.511,43.057],[143.557,43.076],[143.568,43.081],[143.566,43.085],[143.573,43.09],[143.589,43.091],[143.6,43.095],[143.602,43.103],[143.61,43.104],[143.615,43.11],[143.622,43.113],[143.634,43.115],[143.651,43.125],[143.662,43.133],[143.675,43.135],[143.677,43.139],[143.702,43.152],[143.719,43.153],[143.727,43.159],[143.743,43.164],[143.754,43.162],[143.768,43.163],[143.773,43.168],[143.782,43.168],[143.783,43.173],[143.777,43.178],[143.777,43.187],[143.79,43.193],[143.793,43.204],[143.782,43.204],[143.773,43.211],[143.755,43.209],[143.74,43.209],[143.734,43.204],[143.725,43.2],[143.703,43.208],[143.697,43.219],[143.686,43.221],[143.666,43.231],[143.66,43.24],[143.581,43.203],[143.581,43.194],[143.571,43.191],[143.564,43.202],[143.563,43.207],[143.557,43.211],[143.547,43.225],[143.534,43.233],[143.517,43.229],[143.502,43.236],[143.49,43.235],[143.477,43.24],[143.411,43.245],[143.403,43.233],[143.4,43.22],[143.406,43.213],[143.395,43.207],[143.399,43.199],[143.392,43.188],[143.389,43.178],[143.39,43.142],[143.403,43.129],[143.406,43.119],[143.416,43.115]]]]}},{"type":"Feature","properties":{"name":"足寄郡足寄町","code":"01647"},"geometry":{"type":"MultiPolygon","coordinates":[[[[143.999,43.465],[143.977,43.472],[143.96,43.473],[143.955,43.476],[143.958,43.483],[143.95,43.486],[143.938,43.485],[143.935,43.482],[143.924,43.482],[143.914,43.479],[143.887,43.475],[143.881,43.479],[143.862,43.48],[143.86,43.485],[143.849,43.491],[143.832,43.496],[143.825,43.491],[143.835,43.479],[143.817,43.47],[143.826,43.46],[143.824,43.453],[143.812,43.446],[143.81,43.437],[143.801,43.426],[143.809,43.418],[143.801,43.407],[143.794,43.402],[143.789,43.403],[143.788,43.393],[143.773,43.385],[143.766,43.385],[143.759,43.38],[143.756,43.374],[143.748,43.375],[143.748,43.364],[143.727,43.362],[143.714,43.349],[143.696,43.346],[143.68,43.349],[143.676,43.362],[143.662,43.361],[143.658,43.368],[143.661,43.377],[143.666,43.378],[143.67,43.387],[143.679,43.386],[143.685,43.392],[143.697,43.396],[143.702,43.393],[143.709,43.41],[143.707,43.416],[143.718,43.417],[143.724,43.424],[143.723,43.43],[143.735,43.44],[143.728,43.444],[143.724,43.44],[143.714,43.447],[143.709,43.443],[143.702,43.445],[143.692,43.438],[143.682,43.437],[143.672,43.439],[143.656,43.454],[143.646,43.46],[143.627,43.465],[143.609,43.468],[143.599,43.46],[143.593,43.461],[143.581,43.45],[143.546,43.46],[143.456,43.448],[143.464,43.508],[143.443,43.515],[143.436,43.522],[143.424,43.526],[143.419,43.533],[143.415,43.534],[143.409,43.541],[143.399,43.547],[143.391,43.544],[143.385,43.549],[143.374,43.552],[143.363,43.55],[143.357,43.547],[143.344,43.552],[143.339,43.55],[143.334,43.557],[143.314,43.547],[143.298,43.547],[143.288,43.551],[143.269,43.554],[143.262,43.559],[143.254,43.556],[143.236,43.551],[143.227,43.534],[143.233,43.519],[143.232,43.513],[143.239,43.5],[143.228,43.494],[143.224,43.489],[143.216,43.469],[143.219,43.46],[143.211,43.449],[143.222,43.442],[143.237,43.429],[143.231,43.423],[143.244,43.409],[143.244,43.397],[143.238,43.392],[143.239,43.386],[143.247,43.387],[143.251,43.377],[143.259,43.377],[143.27,43.372],[143.281,43.373],[143.285,43.366],[143.287,43.357],[143.292,43.351],[143.308,43.343],[143.319,43.332],[143.318,43.324],[143.311,43.321],[143.313,43.314],[143.382,43.306],[143.397,43.299],[143.4,43.294],[143.412,43.288],[143.402,43.245],[143.411,43.245],[143.477,43.24],[143.49,43.235],[143.502,43.236],[143.517,43.229],[143.534,43.233],[143.547,43.225],[143.557,43.211],[143.563,43.207],[143.564,43.202],[143.571,43.191],[143.581,43.194],[143.581,43.203],[143.66,43.24],[143.666,43.231],[143.686,43.221],[143.697,43.219],[143.703,43.208],[143.725,43.2],[143.734,43.204],[143.74,43.209],[143.755,43.209],[143.773,43.211],[143.782,43.204],[143.793,43.204],[143.797,43.207],[143.797,43.213],[143.79,43.217],[143.794,43.23],[143.8,43.231],[143.802,43.249],[143.811,43.247],[143.812,43.254],[143.82,43.261],[143.827,43.262],[143.825,43.285],[143.826,43.291],[143.846,43.285],[143.863,43.302],[143.872,43.307],[143.881,43.306],[143.89,43.315],[143.898,43.318],[143.896,43.324],[143.906,43.329],[143.912,43.336],[143.918,43.334],[143.921,43.34],[143.933,43.338],[143.938,43.344],[143.951,43.351],[143.952,43.358],[143.961,43.356],[143.966,43.362],[143.977,43.365],[143.984,43.365],[143.989,43.369],[143.996,43.37],[144.008,43.375],[144.01,43.382],[144.027,43.392],[144.022,43.396],[144.029,43.412],[144.03,43.42],[144.026,43.428],[144.017,43.427],[144.004,43.435],[144.001,43.443],[144.005,43.449],[143.999,43.465]]]]}},{"type":"Feature","properties":{"name":"足寄郡陸別町","code":"01648"},"geometry":{"type":"MultiPolygon","coordinates":[[[[143.775,43.623],[143.759,43.617],[143.74,43.619],[143.738,43.635],[143.73,43.636],[143.723,43.64],[143.711,43.635],[143.696,43.64],[143.693,43.634],[143.686,43.632],[143.68,43.626],[143.674,43.628],[143.658,43.627],[143.656,43.634],[143.64,43.64],[143.626,43.638],[143.632,43.622],[143.619,43.612],[143.617,43.606],[143.603,43.603],[143.592,43.604],[143.574,43.598],[143.571,43.595],[143.544,43.598],[143.533,43.588],[143.528,43.572],[143.529,43.565],[143.519,43.554],[143.516,43.546],[143.503,43.547],[143.489,43.541],[143.483,43.533],[143.472,43.529],[143.471,43.521],[143.464,43.508],[143.456,43.448],[143.546,43.46],[143.581,43.45],[143.593,43.461],[143.599,43.46],[143.609,43.468],[143.627,43.465],[143.646,43.46],[143.656,43.454],[143.672,43.439],[143.682,43.437],[143.692,43.438],[143.702,43.445],[143.709,43.443],[143.714,43.447],[143.724,43.44],[143.728,43.444],[143.735,43.44],[143.723,43.43],[143.724,43.424],[143.718,43.417],[143.707,43.416],[143.709,43.41],[143.702,43.393],[143.697,43.396],[143.685,43.392],[143.679,43.386],[143.67,43.387],[143.666,43.378],[143.661,43.377],[143.658,43.368],[143.662,43.361],[143.676,43.362],[143.68,43.349],[143.696,43.346],[143.714,43.349],[143.727,43.362],[143.748,43.364],[143.748,43.375],[143.756,43.374],[143.759,43.38],[143.766,43.385],[143.773,43.385],[143.788,43.393],[143.789,43.403],[143.794,43.402],[143.801,43.407],[143.809,43.418],[143.801,43.426],[143.81,43.437],[143.812,43.446],[143.824,43.453],[143.826,43.46],[143.817,43.47],[143.835,43.479],[143.825,43.491],[143.832,43.496],[143.849,43.491],[143.86,43.485],[143.862,43.48],[143.881,43.479],[143.887,43.475],[143.914,43.479],[143.924,43.482],[143.935,43.482],[143.938,43.485],[143.95,43.486],[143.94,43.49],[143.944,43.499],[143.94,43.503],[143.929,43.503],[143.931,43.511],[143.928,43.519],[143.915,43.522],[143.909,43.527],[143.897,43.531],[143.885,43.522],[143.877,43.523],[143.877,43.528],[143.856,43.538],[143.845,43.547],[143.837,43.55],[143.833,43.554],[143.822,43.572],[143.821,43.579],[143.804,43.583],[143.799,43.59],[143.793,43.591],[143.788,43.606],[143.775,43.616],[143.775,43.623]]]]}},{"type":"Feature","properties":{"name":"十勝郡浦幌町","code":"01649"},"geometry":{"type":"MultiPolygon","coordinates":[[[[143.755,43.12],[143.76,43.128],[143.768,43.132],[143.77,43.144],[143.775,43.154],[143.767,43.159],[143.768,43.163],[143.754,43.162],[143.743,43.164],[143.727,43.159],[143.719,43.153],[143.702,43.152],[143.677,43.139],[143.675,43.135],[143.662,43.133],[143.651,43.125],[143.634,43.115],[143.622,43.113],[143.615,43.11],[143.61,43.104],[143.602,43.103],[143.6,43.095],[143.589,43.091],[143.573,43.09],[143.566,43.085],[143.568,43.081],[143.56,43.074],[143.558,43.068],[143.562,43.063],[143.565,43.049],[143.581,43.04],[143.582,43.036],[143.59,43.032],[143.591,43.028],[143.585,43.017],[143.579,43.009],[143.575,42.999],[143.576,42.988],[143.582,42.982],[143.583,42.975],[143.576,42.972],[143.565,42.962],[143.57,42.948],[143.577,42.946],[143.578,42.928],[143.573,42.924],[143.568,42.911],[143.56,42.909],[143.55,42.9],[143.551,42.894],[143.551,42.89],[143.564,42.884],[143.572,42.878],[143.576,42.872],[143.585,42.869],[143.572,42.857],[143.565,42.857],[143.559,42.847],[143.569,42.831],[143.57,42.826],[143.58,42.82],[143.577,42.813],[143.584,42.806],[143.596,42.803],[143.588,42.749],[143.594,42.74],[143.593,42.728],[143.605,42.723],[143.597,42.715],[143.606,42.701],[143.61,42.699],[143.624,42.698],[143.628,42.703],[143.643,42.705],[143.647,42.702],[143.656,42.707],[143.668,42.707],[143.672,42.705],[143.691,42.713],[143.715,42.73],[143.737,42.746],[143.76,42.763],[143.764,42.763],[143.775,42.774],[143.796,42.789],[143.803,42.792],[143.82,42.804],[143.823,42.808],[143.849,42.828],[143.869,42.842],[143.855,42.851],[143.849,42.852],[143.838,42.863],[143.827,42.869],[143.82,42.875],[143.807,42.879],[143.789,42.892],[143.777,42.896],[143.783,42.903],[143.771,42.913],[143.771,42.922],[143.765,42.929],[143.766,42.937],[143.762,42.943],[143.766,42.949],[143.767,42.96],[143.751,42.971],[143.751,42.978],[143.745,42.981],[143.734,42.992],[143.724,42.996],[143.716,42.99],[143.703,43.003],[143.704,43.012],[143.707,43.02],[143.707,43.027],[143.71,43.032],[143.711,43.043],[143.72,43.053],[143.726,43.057],[143.74,43.059],[143.744,43.067],[143.743,43.073],[143.75,43.076],[143.756,43.083],[143.754,43.111],[143.755,43.12]]]]}},{"type":"Feature","properties":{"name":"釧路郡釧路町","code":"01661"},"geometry":{"type":"MultiPolygon","coordinates":[[[[144.486,42.939],[144.499,42.942],[144.514,42.948],[144.529,42.951],[144.551,42.947],[144.564,42.95],[144.575,42.95],[144.595,42.949],[144.608,42.951],[144.63,42.951],[144.64,42.946],[144.655,42.947],[144.665,42.945],[144.675,42.939],[144.694,42.938],[144.728,42.934],[144.757,42.933],[144.782,42.934],[144.786,42.936],[144.757,42.954],[144.748,42.956],[144.737,42.969],[144.728,42.971],[144.722,42.979],[144.723,42.987],[144.73,43.001],[144.715,42.998],[144.716,42.991],[144.691,42.987],[144.647,42.977],[144.621,42.978],[144.582,42.983],[144.572,42.994],[144.57,42.999],[144.575,43.001],[144.577,43.019],[144.57,43.025],[144.566,43.026],[144.557,43.022],[144.55,43.034],[144.559,43.043],[144.558,43.054],[144.551,43.059],[144.55,43.07],[144.545,43.079],[144.544,43.09],[144.54,43.095],[144.542,43.102],[144.533,43.1],[144.525,43.113],[144.516,43.111],[144.497,43.118],[144.468,43.116],[144.465,43.117],[144.402,43.109],[144.398,43.102],[144.404,43.092],[144.397,43.082],[144.399,43.073],[144.404,43.067],[144.415,43.061],[144.418,43.052],[144.427,43.047],[144.42,43.044],[144.423,43.037],[144.42,43.023],[144.398,43.009],[144.399,43.003],[144.404,42.997],[144.416,43.002],[144.423,42.997],[144.441,42.995],[144.439,42.99],[144.448,42.983],[144.455,42.98],[144.47,42.971],[144.481,42.963],[144.48,42.956],[144.485,42.95],[144.486,42.939]]]]}},{"type":"Feature","properties":{"name":"厚岸郡厚岸町","code":"01662"},"geometry":{"type":"MultiPolygon","coordinates":[[[[144.874,42.961],[144.865,42.952],[144.873,42.95],[144.88,42.958],[144.874,42.961]]],[[[144.73,43.001],[144.746,43.024],[144.763,43.037],[144.777,43.051],[144.785,43.055],[144.803,43.059],[144.818,43.059],[144.829,43.058],[144.854,43.049],[144.836,43.034],[144.838,43.024],[144.834,43.015],[144.849,43.015],[144.859,43.006],[144.856,43.0],[144.869,42.997],[144.875,42.993],[144.876,42.986],[144.881,42.985],[144.899,42.989],[144.91,42.986],[144.918,42.986],[144.926,42.99],[144.938,42.988],[144.95,42.983],[144.955,42.985],[144.962,42.981],[144.974,42.982],[144.982,42.988],[144.996,42.994],[144.996,43.01],[144.992,43.017],[144.994,43.024],[144.988,43.027],[144.989,43.034],[144.978,43.04],[144.974,43.046],[144.974,43.054],[144.966,43.06],[144.973,43.065],[144.977,43.075],[144.992,43.078],[144.992,43.084],[144.985,43.095],[144.984,43.103],[144.999,43.12],[145.008,43.124],[144.993,43.131],[144.989,43.135],[144.978,43.138],[144.968,43.144],[144.95,43.148],[144.947,43.156],[144.924,43.17],[144.946,43.189],[144.935,43.196],[144.953,43.211],[144.926,43.227],[144.93,43.231],[144.912,43.241],[144.916,43.245],[144.911,43.257],[144.895,43.266],[144.879,43.278],[144.872,43.282],[144.862,43.277],[144.847,43.283],[144.841,43.292],[144.823,43.298],[144.812,43.3],[144.788,43.301],[144.785,43.304],[144.768,43.305],[144.766,43.309],[144.758,43.308],[144.738,43.318],[144.726,43.317],[144.722,43.326],[144.703,43.341],[144.696,43.345],[144.688,43.34],[144.681,43.343],[144.678,43.35],[144.67,43.351],[144.667,43.345],[144.672,43.332],[144.671,43.32],[144.683,43.314],[144.684,43.305],[144.693,43.297],[144.695,43.288],[144.704,43.288],[144.728,43.277],[144.739,43.274],[144.747,43.269],[144.751,43.262],[144.76,43.231],[144.756,43.222],[144.751,43.219],[144.756,43.214],[144.765,43.213],[144.77,43.209],[144.785,43.206],[144.802,43.196],[144.805,43.19],[144.813,43.184],[144.817,43.172],[144.806,43.17],[144.804,43.174],[144.792,43.177],[144.778,43.186],[144.752,43.188],[144.731,43.177],[144.732,43.166],[144.716,43.16],[144.709,43.16],[144.706,43.156],[144.691,43.149],[144.689,43.142],[144.676,43.14],[144.674,43.146],[144.678,43.149],[144.673,43.155],[144.66,43.151],[144.665,43.135],[144.668,43.121],[144.671,43.12],[144.68,43.109],[144.679,43.104],[144.661,43.101],[144.642,43.079],[144.643,43.072],[144.632,43.059],[144.623,43.058],[144.608,43.052],[144.601,43.055],[144.593,43.049],[144.583,43.037],[144.57,43.025],[144.577,43.019],[144.575,43.001],[144.57,42.999],[144.572,42.994],[144.582,42.983],[144.621,42.978],[144.647,42.977],[144.691,42.987],[144.716,42.991],[144.715,42.998],[144.73,43.001]]]]}},{"type":"Feature","properties":{"name":"厚岸郡浜中町","code":"01663"},"geometry":{"type":"MultiPolygon","coordinates":[[[[145.196,43.258],[145.185,43.257],[145.18,43.259],[145.168,43.258],[145.157,43.252],[145.15,43.244],[145.142,43.245],[145.133,43.237],[145.123,43.234],[145.113,43.237],[145.102,43.236],[145.074,43.24],[145.066,43.243],[145.054,43.236],[145.044,43.232],[145.035,43.225],[145.035,43.22],[145.024,43.215],[145.013,43.216],[144.996,43.225],[144.985,43.234],[144.972,43.235],[144.962,43.239],[144.947,43.248],[144.937,43.249],[144.916,43.245],[144.912,43.241],[144.93,43.231],[144.926,43.227],[144.953,43.211],[144.935,43.196],[144.946,43.189],[144.924,43.17],[144.947,43.156],[144.95,43.148],[144.968,43.144],[144.978,43.138],[144.989,43.135],[144.993,43.131],[145.008,43.124],[144.999,43.12],[144.984,43.103],[144.985,43.095],[144.992,43.084],[144.992,43.078],[144.977,43.075],[144.973,43.065],[144.966,43.06],[144.974,43.054],[144.974,43.046],[144.978,43.04],[144.989,43.034],[144.988,43.027],[144.994,43.024],[144.992,43.017],[144.996,43.01],[144.996,42.994],[145.0,42.991],[145.011,42.994],[145.024,43.001],[145.03,43.01],[145.024,43.02],[145.03,43.023],[145.03,43.028],[145.039,43.031],[145.05,43.031],[145.06,43.04],[145.086,43.045],[145.085,43.054],[145.089,43.058],[145.087,43.064],[145.094,43.074],[145.105,43.079],[145.122,43.078],[145.133,43.069],[145.149,43.07],[145.157,43.078],[145.159,43.085],[145.138,43.081],[145.134,43.083],[145.121,43.082],[145.116,43.084],[145.111,43.095],[145.11,43.103],[145.113,43.119],[145.122,43.132],[145.131,43.134],[145.146,43.145],[145.169,43.15],[145.178,43.148],[145.183,43.14],[145.202,43.136],[145.225,43.142],[145.231,43.149],[145.249,43.159],[145.27,43.165],[145.284,43.17],[145.297,43.173],[145.306,43.172],[145.316,43.167],[145.326,43.173],[145.317,43.187],[145.314,43.203],[145.283,43.212],[145.275,43.218],[145.268,43.227],[145.246,43.221],[145.226,43.206],[145.196,43.258]]]]}},{"type":"Feature","properties":{"name":"川上郡標茶町","code":"01664"},"geometry":{"type":"MultiPolygon","coordinates":[[[[144.57,43.025],[144.583,43.037],[144.593,43.049],[144.601,43.055],[144.608,43.052],[144.623,43.058],[144.632,43.059],[144.643,43.072],[144.642,43.079],[144.661,43.101],[144.679,43.104],[144.68,43.109],[144.671,43.12],[144.668,43.121],[144.667,43.133],[144.66,43.151],[144.673,43.155],[144.678,43.149],[144.674,43.146],[144.676,43.14],[144.689,43.142],[144.691,43.149],[144.706,43.156],[144.709,43.16],[144.716,43.16],[144.732,43.166],[144.731,43.177],[144.752,43.188],[144.778,43.186],[144.792,43.177],[144.804,43.174],[144.806,43.17],[144.817,43.172],[144.813,43.184],[144.805,43.19],[144.802,43.196],[144.785,43.206],[144.77,43.209],[144.765,43.213],[144.756,43.214],[144.751,43.219],[144.756,43.222],[144.76,43.231],[144.751,43.262],[144.747,43.269],[144.739,43.274],[144.728,43.277],[144.704,43.288],[144.695,43.288],[144.693,43.297],[144.684,43.305],[144.683,43.314],[144.671,43.32],[144.672,43.332],[144.667,43.345],[144.67,43.351],[144.668,43.363],[144.665,43.366],[144.662,43.375],[144.664,43.381],[144.656,43.395],[144.644,43.407],[144.645,43.413],[144.638,43.419],[144.638,43.426],[144.647,43.429],[144.642,43.436],[144.646,43.439],[144.652,43.447],[144.663,43.446],[144.679,43.442],[144.745,43.486],[144.669,43.547],[144.614,43.571],[144.6,43.573],[144.59,43.577],[144.579,43.577],[144.572,43.568],[144.559,43.559],[144.554,43.554],[144.566,43.538],[144.574,43.532],[144.58,43.52],[144.595,43.501],[144.574,43.5],[144.575,43.493],[144.581,43.487],[144.576,43.48],[144.575,43.47],[144.579,43.463],[144.568,43.456],[144.562,43.45],[144.56,43.433],[144.556,43.426],[144.559,43.421],[144.532,43.409],[144.537,43.402],[144.542,43.389],[144.527,43.388],[144.519,43.392],[144.519,43.399],[144.508,43.407],[144.496,43.405],[144.484,43.412],[144.473,43.413],[144.451,43.42],[144.447,43.425],[144.44,43.425],[144.43,43.417],[144.431,43.408],[144.398,43.392],[144.392,43.397],[144.375,43.397],[144.352,43.428],[144.344,43.424],[144.34,43.427],[144.327,43.425],[144.313,43.431],[144.31,43.438],[144.299,43.435],[144.278,43.44],[144.272,43.438],[144.26,43.442],[144.253,43.447],[144.249,43.454],[144.238,43.454],[144.247,43.449],[144.256,43.439],[144.267,43.432],[144.275,43.431],[144.288,43.423],[144.291,43.41],[144.303,43.396],[144.305,43.391],[144.292,43.372],[144.299,43.366],[144.319,43.364],[144.331,43.361],[144.34,43.35],[144.357,43.336],[144.359,43.331],[144.367,43.325],[144.369,43.311],[144.366,43.304],[144.37,43.3],[144.369,43.282],[144.373,43.275],[144.383,43.27],[144.391,43.262],[144.397,43.26],[144.401,43.253],[144.406,43.248],[144.419,43.247],[144.43,43.237],[144.428,43.231],[144.434,43.229],[144.44,43.222],[144.442,43.213],[144.447,43.207],[144.446,43.201],[144.441,43.193],[144.432,43.183],[144.441,43.166],[144.447,43.166],[144.451,43.154],[144.446,43.147],[144.447,43.143],[144.436,43.129],[144.424,43.127],[144.422,43.124],[144.408,43.118],[144.407,43.112],[144.402,43.109],[144.465,43.117],[144.468,43.116],[144.497,43.118],[144.516,43.111],[144.525,43.113],[144.533,43.1],[144.542,43.102],[144.54,43.095],[144.544,43.09],[144.545,43.079],[144.55,43.07],[144.551,43.059],[144.558,43.054],[144.559,43.043],[144.55,43.034],[144.557,43.022],[144.566,43.026],[144.57,43.025]]]]}},{"type":"Feature","properties":{"name":"川上郡弟子屈町","code":"01665"},"geometry":{"type":"MultiPolygon","coordinates":[[[[144.238,43.454],[144.249,43.454],[144.253,43.447],[144.26,43.442],[144.272,43.438],[144.278,43.44],[144.299,43.435],[144.31,43.438],[144.313,43.431],[144.327,43.425],[144.34,43.427],[144.344,43.424],[144.352,43.428],[144.375,43.397],[144.392,43.397],[144.398,43.392],[144.431,43.408],[144.43,43.417],[144.44,43.425],[144.447,43.425],[144.451,43.42],[144.471,43.416],[144.484,43.412],[144.496,43.405],[144.508,43.407],[144.519,43.399],[144.519,43.392],[144.527,43.388],[144.542,43.389],[144.537,43.402],[144.532,43.409],[144.559,43.421],[144.556,43.426],[144.56,43.433],[144.562,43.45],[144.568,43.456],[144.579,43.463],[144.575,43.47],[144.576,43.48],[144.581,43.487],[144.575,43.493],[144.574,43.5],[144.595,43.501],[144.58,43.52],[144.574,43.532],[144.566,43.538],[144.554,43.554],[144.559,43.559],[144.572,43.568],[144.579,43.577],[144.574,43.587],[144.575,43.592],[144.571,43.601],[144.563,43.608],[144.548,43.613],[144.54,43.608],[144.53,43.612],[144.525,43.622],[144.519,43.63],[144.521,43.638],[144.513,43.655],[144.502,43.655],[144.486,43.66],[144.487,43.666],[144.482,43.678],[144.475,43.686],[144.466,43.687],[144.457,43.692],[144.429,43.697],[144.408,43.693],[144.391,43.688],[144.379,43.689],[144.37,43.699],[144.347,43.704],[144.338,43.703],[144.332,43.705],[144.323,43.703],[144.305,43.692],[144.297,43.689],[144.28,43.686],[144.274,43.681],[144.273,43.675],[144.278,43.669],[144.271,43.666],[144.259,43.654],[144.248,43.649],[144.243,43.64],[144.231,43.634],[144.227,43.629],[144.222,43.612],[144.223,43.605],[144.218,43.599],[144.217,43.59],[144.226,43.571],[144.227,43.564],[144.235,43.56],[144.232,43.556],[144.235,43.546],[144.233,43.533],[144.222,43.521],[144.247,43.512],[144.24,43.506],[144.236,43.497],[144.235,43.487],[144.231,43.481],[144.237,43.473],[144.229,43.466],[144.236,43.459],[144.238,43.454]]]]}},{"type":"Feature","properties":{"name":"阿寒郡鶴居村","code":"01667"},"geometry":{"type":"MultiPolygon","coordinates":[[[[144.399,43.073],[144.397,43.082],[144.404,43.092],[144.398,43.102],[144.402,43.109],[144.407,43.112],[144.408,43.118],[144.422,43.124],[144.424,43.127],[144.436,43.129],[144.447,43.143],[144.446,43.147],[144.451,43.154],[144.447,43.166],[144.441,43.166],[144.432,43.183],[144.441,43.193],[144.446,43.201],[144.447,43.207],[144.442,43.213],[144.44,43.222],[144.434,43.229],[144.428,43.231],[144.43,43.237],[144.419,43.247],[144.406,43.248],[144.401,43.253],[144.397,43.26],[144.391,43.262],[144.383,43.27],[144.373,43.275],[144.369,43.282],[144.37,43.3],[144.366,43.304],[144.369,43.311],[144.367,43.325],[144.359,43.331],[144.357,43.336],[144.34,43.35],[144.331,43.361],[144.319,43.364],[144.299,43.366],[144.292,43.372],[144.305,43.391],[144.303,43.396],[144.291,43.41],[144.288,43.423],[144.275,43.431],[144.267,43.432],[144.256,43.439],[144.247,43.449],[144.238,43.454],[144.23,43.445],[144.238,43.436],[144.232,43.434],[144.227,43.428],[144.213,43.419],[144.206,43.408],[144.197,43.4],[144.181,43.391],[144.18,43.383],[144.176,43.377],[144.159,43.368],[144.159,43.364],[144.152,43.359],[144.155,43.354],[144.15,43.338],[144.142,43.332],[144.145,43.323],[144.138,43.324],[144.13,43.32],[144.128,43.31],[144.131,43.302],[144.148,43.291],[144.151,43.282],[144.162,43.27],[144.171,43.263],[144.179,43.261],[144.199,43.249],[144.207,43.242],[144.206,43.235],[144.214,43.231],[144.22,43.225],[144.218,43.218],[144.228,43.196],[144.234,43.184],[144.24,43.18],[144.237,43.174],[144.244,43.172],[144.243,43.164],[144.253,43.16],[144.249,43.151],[144.251,43.143],[144.265,43.127],[144.263,43.121],[144.272,43.104],[144.279,43.101],[144.278,43.095],[144.288,43.087],[144.289,43.083],[144.3,43.08],[144.321,43.077],[144.327,43.085],[144.399,43.073]]]]}},{"type":"Feature","properties":{"name":"白糠郡白糠町","code":"01668"},"geometry":{"type":"MultiPolygon","coordinates":[[[[144.005,42.921],[144.039,42.938],[144.08,42.953],[144.089,42.952],[144.111,42.961],[144.125,42.969],[144.163,42.983],[144.181,42.988],[144.206,42.993],[144.229,42.997],[144.222,43.006],[144.214,43.007],[144.223,43.028],[144.167,43.042],[144.156,43.06],[144.152,43.057],[144.141,43.055],[144.135,43.058],[144.12,43.06],[144.115,43.056],[144.103,43.062],[144.097,43.062],[144.094,43.069],[144.088,43.075],[144.089,43.081],[144.083,43.086],[144.08,43.097],[144.082,43.101],[144.079,43.107],[144.079,43.118],[144.065,43.126],[144.051,43.128],[144.04,43.134],[144.032,43.143],[144.035,43.153],[144.035,43.162],[144.025,43.168],[144.016,43.176],[144.002,43.178],[143.995,43.181],[143.988,43.199],[143.991,43.207],[143.986,43.213],[143.982,43.225],[143.975,43.242],[143.964,43.246],[143.962,43.25],[143.966,43.26],[143.961,43.262],[143.966,43.271],[143.969,43.283],[143.978,43.285],[143.986,43.291],[143.992,43.306],[144.008,43.308],[144.007,43.312],[144.01,43.322],[144.021,43.326],[144.017,43.333],[144.026,43.337],[144.024,43.345],[144.034,43.351],[144.032,43.36],[144.016,43.374],[144.008,43.375],[143.996,43.37],[143.989,43.369],[143.984,43.365],[143.977,43.365],[143.966,43.362],[143.961,43.356],[143.952,43.358],[143.951,43.351],[143.938,43.344],[143.933,43.338],[143.921,43.34],[143.918,43.334],[143.912,43.336],[143.906,43.329],[143.896,43.324],[143.898,43.318],[143.89,43.315],[143.881,43.306],[143.872,43.307],[143.863,43.302],[143.846,43.285],[143.826,43.291],[143.825,43.285],[143.827,43.262],[143.82,43.261],[143.812,43.254],[143.811,43.247],[143.802,43.249],[143.8,43.231],[143.794,43.23],[143.79,43.217],[143.797,43.213],[143.797,43.207],[143.793,43.204],[143.79,43.193],[143.777,43.187],[143.777,43.178],[143.783,43.173],[143.782,43.168],[143.773,43.168],[143.768,43.163],[143.767,43.159],[143.775,43.154],[143.77,43.144],[143.768,43.132],[143.76,43.128],[143.755,43.12],[143.762,43.119],[143.774,43.122],[143.794,43.121],[143.803,43.123],[143.811,43.119],[143.813,43.106],[143.82,43.099],[143.834,43.097],[143.843,43.089],[143.855,43.091],[143.868,43.087],[143.873,43.09],[143.884,43.089],[143.891,43.086],[143.9,43.078],[143.904,43.07],[143.91,43.069],[143.918,43.063],[143.919,43.057],[143.928,43.052],[143.925,43.046],[143.917,43.046],[143.914,43.041],[143.919,43.025],[143.908,43.023],[143.906,43.014],[143.899,43.011],[143.903,42.995],[143.911,42.991],[143.914,42.981],[143.925,42.972],[143.933,42.968],[143.95,42.969],[143.962,42.96],[143.975,42.954],[143.983,42.945],[143.991,42.938],[143.988,42.933],[143.992,42.925],[144.0,42.924],[144.005,42.921]]]]}},{"type":"Feature","properties":{"name":"野付郡別海町","code":"01691"},"geometry":{"type":"MultiPolygon","coordinates":[[[[145.391,43.294],[145.386,43.297],[145.379,43.307],[145.361,43.316],[145.345,43.327],[145.323,43.344],[145.308,43.359],[145.297,43.373],[145.278,43.402],[145.271,43.416],[145.262,43.438],[145.261,43.455],[145.255,43.475],[145.251,43.484],[145.246,43.506],[145.246,43.521],[145.242,43.533],[145.237,43.535],[145.235,43.543],[145.222,43.558],[145.224,43.567],[145.214,43.577],[145.218,43.589],[145.211,43.589],[145.195,43.601],[145.199,43.608],[145.194,43.613],[145.18,43.607],[145.176,43.603],[145.176,43.594],[145.169,43.585],[145.158,43.581],[145.151,43.572],[145.147,43.574],[145.134,43.564],[145.13,43.566],[145.113,43.564],[145.092,43.553],[145.068,43.549],[145.064,43.546],[145.055,43.545],[145.037,43.545],[145.023,43.537],[145.01,43.535],[145.035,43.514],[145.029,43.504],[144.976,43.469],[144.96,43.47],[144.953,43.469],[144.944,43.463],[144.934,43.462],[144.9,43.488],[144.888,43.481],[144.864,43.479],[144.846,43.483],[144.842,43.481],[144.821,43.479],[144.804,43.479],[144.784,43.483],[144.774,43.481],[144.766,43.484],[144.756,43.492],[144.745,43.486],[144.679,43.442],[144.663,43.446],[144.652,43.447],[144.646,43.439],[144.642,43.436],[144.647,43.429],[144.638,43.426],[144.638,43.419],[144.645,43.413],[144.644,43.407],[144.656,43.395],[144.664,43.381],[144.662,43.375],[144.665,43.366],[144.668,43.363],[144.67,43.351],[144.678,43.35],[144.681,43.343],[144.688,43.34],[144.696,43.345],[144.703,43.341],[144.722,43.326],[144.726,43.317],[144.738,43.318],[144.758,43.308],[144.766,43.309],[144.768,43.305],[144.785,43.304],[144.788,43.301],[144.812,43.3],[144.823,43.298],[144.841,43.292],[144.847,43.283],[144.862,43.277],[144.872,43.282],[144.879,43.278],[144.895,43.266],[144.911,43.257],[144.916,43.245],[144.937,43.249],[144.947,43.248],[144.962,43.239],[144.972,43.235],[144.985,43.234],[144.996,43.225],[145.013,43.216],[145.024,43.215],[145.035,43.22],[145.035,43.225],[145.044,43.232],[145.054,43.236],[145.066,43.243],[145.074,43.24],[145.099,43.238],[145.113,43.237],[145.123,43.234],[145.133,43.237],[145.142,43.245],[145.15,43.244],[145.157,43.252],[145.168,43.258],[145.18,43.259],[145.185,43.257],[145.196,43.258],[145.21,43.251],[145.219,43.257],[145.217,43.27],[145.226,43.278],[145.24,43.277],[145.251,43.284],[145.253,43.291],[145.259,43.293],[145.256,43.3],[145.256,43.311],[145.252,43.318],[145.253,43.33],[145.287,43.33],[145.307,43.327],[145.343,43.311],[145.371,43.291],[145.38,43.29],[145.391,43.294]]],[[[145.246,43.614],[145.267,43.61],[145.267,43.604],[145.272,43.599],[145.282,43.6],[145.283,43.592],[145.307,43.601],[145.318,43.595],[145.328,43.594],[145.335,43.59],[145.335,43.585],[145.341,43.579],[145.341,43.572],[145.333,43.563],[145.317,43.563],[145.305,43.565],[145.307,43.558],[145.303,43.552],[145.323,43.55],[145.334,43.552],[145.345,43.558],[145.35,43.567],[145.346,43.58],[145.338,43.589],[145.328,43.596],[145.302,43.604],[145.27,43.611],[145.246,43.615]]]]}},{"type":"Feature","properties":{"name":"標津郡中標津町","code":"01692"},"geometry":{"type":"MultiPolygon","coordinates":[[[[144.571,43.601],[144.575,43.592],[144.574,43.587],[144.579,43.577],[144.59,43.577],[144.6,43.573],[144.614,43.571],[144.669,43.547],[144.745,43.486],[144.756,43.492],[144.766,43.484],[144.774,43.481],[144.784,43.483],[144.804,43.479],[144.821,43.479],[144.842,43.481],[144.846,43.483],[144.864,43.479],[144.888,43.481],[144.9,43.488],[144.934,43.462],[144.944,43.463],[144.953,43.469],[144.96,43.47],[144.976,43.469],[145.029,43.504],[145.035,43.514],[145.01,43.535],[145.023,43.537],[145.037,43.545],[145.055,43.545],[145.064,43.546],[145.068,43.549],[145.092,43.553],[145.113,43.564],[145.079,43.591],[145.061,43.606],[145.07,43.614],[145.071,43.618],[145.081,43.627],[145.08,43.636],[145.074,43.635],[145.063,43.64],[145.054,43.639],[145.05,43.633],[145.026,43.631],[145.02,43.626],[144.951,43.651],[144.886,43.673],[144.88,43.679],[144.877,43.689],[144.867,43.691],[144.841,43.699],[144.831,43.699],[144.828,43.702],[144.814,43.701],[144.81,43.694],[144.802,43.694],[144.794,43.698],[144.778,43.701],[144.771,43.696],[144.752,43.693],[144.744,43.682],[144.733,43.684],[144.718,43.679],[144.705,43.668],[144.706,43.66],[144.688,43.656],[144.667,43.645],[144.66,43.638],[144.648,43.635],[144.642,43.625],[144.634,43.625],[144.627,43.634],[144.614,43.635],[144.601,43.62],[144.592,43.619],[144.593,43.609],[144.571,43.601]]]]}},{"type":"Feature","properties":{"name":"標津郡標津町","code":"01693"},"geometry":{"type":"MultiPolygon","coordinates":[[[[144.722,43.762],[144.72,43.755],[144.72,43.742],[144.723,43.731],[144.722,43.728],[144.726,43.719],[144.724,43.709],[144.73,43.701],[144.733,43.684],[144.744,43.682],[144.752,43.693],[144.771,43.696],[144.778,43.701],[144.794,43.698],[144.802,43.694],[144.81,43.694],[144.814,43.701],[144.828,43.702],[144.831,43.699],[144.841,43.699],[144.867,43.691],[144.877,43.689],[144.88,43.679],[144.886,43.673],[144.951,43.651],[145.02,43.626],[145.026,43.631],[145.05,43.633],[145.054,43.639],[145.063,43.64],[145.074,43.635],[145.08,43.636],[145.081,43.627],[145.071,43.618],[145.07,43.614],[145.061,43.606],[145.079,43.591],[145.113,43.564],[145.13,43.566],[145.134,43.564],[145.147,43.574],[145.151,43.572],[145.158,43.581],[145.169,43.585],[145.176,43.594],[145.176,43.603],[145.18,43.607],[145.194,43.613],[145.199,43.608],[145.201,43.616],[145.197,43.623],[145.21,43.623],[145.221,43.621],[145.23,43.614],[145.246,43.614],[145.225,43.622],[145.209,43.625],[145.157,43.641],[145.144,43.646],[145.136,43.653],[145.137,43.658],[145.132,43.67],[145.125,43.676],[145.121,43.686],[145.108,43.701],[145.096,43.718],[145.094,43.726],[145.085,43.732],[145.069,43.748],[145.065,43.758],[145.064,43.772],[145.059,43.786],[145.064,43.792],[145.061,43.806],[145.07,43.813],[145.081,43.819],[145.092,43.84],[145.099,43.861],[145.083,43.86],[145.077,43.862],[145.066,43.86],[145.059,43.864],[145.033,43.865],[145.024,43.868],[145.013,43.879],[144.989,43.892],[144.968,43.896],[144.953,43.902],[144.935,43.901],[144.921,43.896],[144.921,43.892],[144.898,43.886],[144.89,43.88],[144.877,43.877],[144.888,43.87],[144.904,43.866],[144.902,43.862],[144.905,43.85],[144.897,43.845],[144.896,43.84],[144.885,43.833],[144.877,43.832],[144.88,43.822],[144.872,43.821],[144.863,43.812],[144.864,43.803],[144.868,43.798],[144.859,43.786],[144.853,43.789],[144.844,43.787],[144.838,43.797],[144.83,43.799],[144.827,43.794],[144.816,43.796],[144.815,43.79],[144.808,43.787],[144.811,43.782],[144.81,43.775],[144.802,43.766],[144.796,43.763],[144.764,43.757],[144.755,43.757],[144.747,43.76],[144.722,43.762]]]]}},{"type":"Feature","properties":{"name":"目梨郡羅臼町","code":"01694"},"geometry":{"type":"MultiPolygon","coordinates":[[[[144.877,43.877],[144.89,43.88],[144.898,43.886],[144.921,43.892],[144.921,43.896],[144.935,43.901],[144.953,43.902],[144.968,43.896],[144.989,43.892],[145.013,43.879],[145.024,43.868],[145.033,43.865],[145.059,43.864],[145.066,43.86],[145.077,43.862],[145.083,43.86],[145.099,43.861],[145.093,43.873],[145.097,43.88],[145.094,43.89],[145.096,43.895],[145.107,43.905],[145.112,43.918],[145.119,43.923],[145.121,43.932],[145.127,43.939],[145.13,43.95],[145.136,43.956],[145.142,43.968],[145.149,43.972],[145.155,43.983],[145.163,43.988],[145.178,44.0],[145.182,44.008],[145.199,44.021],[145.205,44.029],[145.223,44.037],[145.239,44.058],[145.238,44.062],[145.245,44.068],[145.24,44.089],[145.245,44.103],[145.25,44.109],[145.256,44.126],[145.264,44.138],[145.283,44.149],[145.292,44.156],[145.297,44.164],[145.303,44.166],[145.308,44.174],[145.317,44.182],[145.319,44.188],[145.329,44.191],[145.333,44.197],[145.333,44.205],[145.338,44.214],[145.348,44.223],[145.346,44.23],[145.35,44.233],[145.347,44.241],[145.352,44.247],[145.362,44.251],[145.366,44.264],[145.356,44.283],[145.349,44.295],[145.35,44.299],[145.346,44.311],[145.352,44.315],[145.35,44.321],[145.342,44.325],[145.341,44.331],[145.344,44.339],[145.338,44.341],[145.331,44.335],[145.326,44.325],[145.329,44.309],[145.322,44.304],[145.322,44.297],[145.317,44.287],[145.321,44.279],[145.314,44.258],[145.301,44.252],[145.303,44.247],[145.294,44.24],[145.288,44.229],[145.28,44.225],[145.277,44.206],[145.285,44.2],[145.281,44.191],[145.287,44.187],[145.273,44.179],[145.272,44.168],[145.259,44.168],[145.245,44.164],[145.234,44.157],[145.225,44.156],[145.218,44.147],[145.199,44.141],[145.182,44.137],[145.179,44.127],[145.169,44.124],[145.161,44.112],[145.15,44.112],[145.141,44.099],[145.139,44.091],[145.121,44.075],[145.113,44.058],[145.106,44.055],[145.101,44.049],[145.087,44.044],[145.065,44.043],[145.058,44.037],[145.055,44.023],[145.049,44.017],[145.049,44.008],[145.039,44.005],[145.026,44.006],[145.015,43.998],[145.01,43.988],[145.005,43.984],[145.004,43.975],[144.995,43.968],[144.997,43.956],[145.003,43.947],[144.985,43.939],[144.982,43.933],[144.965,43.922],[144.957,43.92],[144.941,43.92],[144.923,43.916],[144.916,43.912],[144.914,43.906],[144.905,43.906],[144.906,43.899],[144.893,43.884],[144.877,43.877]]]]}},{"type":"Feature","properties":{"name":"色丹郡色丹村","code":"01695"},"geometry":{"type":"MultiPolygon","coordinates":[[[[146.802,43.76],[146.795,43.76],[146.792,43.753],[146.794,43.747],[146.801,43.749],[146.806,43.754],[146.802,43.76]]],[[[146.832,43.887],[146.826,43.889],[146.818,43.886],[146.819,43.876],[146.827,43.873],[146.822,43.867],[146.805,43.87],[146.793,43.88],[146.788,43.878],[146.793,43.869],[146.803,43.861],[146.796,43.859],[146.787,43.872],[146.774,43.876],[146.767,43.869],[146.754,43.863],[146.75,43.858],[146.721,43.845],[146.722,43.837],[146.731,43.833],[146.737,43.834],[146.748,43.828],[146.743,43.825],[146.721,43.832],[146.709,43.83],[146.699,43.831],[146.682,43.826],[146.662,43.828],[146.65,43.823],[146.627,43.819],[146.61,43.82],[146.597,43.809],[146.588,43.808],[146.585,43.803],[146.594,43.784],[146.606,43.779],[146.608,43.768],[146.592,43.759],[146.589,43.749],[146.598,43.745],[146.592,43.739],[146.61,43.739],[146.614,43.744],[146.607,43.748],[146.612,43.757],[146.621,43.757],[146.619,43.743],[146.63,43.721],[146.638,43.719],[146.649,43.711],[146.64,43.707],[146.644,43.701],[146.653,43.703],[146.662,43.708],[146.676,43.707],[146.676,43.715],[146.687,43.719],[146.683,43.727],[146.683,43.733],[146.692,43.738],[146.691,43.743],[146.702,43.747],[146.712,43.742],[146.721,43.734],[146.733,43.737],[146.734,43.748],[146.743,43.75],[146.76,43.75],[146.773,43.759],[146.782,43.757],[146.793,43.769],[146.79,43.771],[146.789,43.779],[146.798,43.787],[146.802,43.78],[146.81,43.784],[146.807,43.789],[146.822,43.79],[146.826,43.785],[146.835,43.782],[146.848,43.788],[146.834,43.791],[146.827,43.797],[146.826,43.801],[146.832,43.805],[146.847,43.812],[146.851,43.807],[146.862,43.806],[146.866,43.81],[146.879,43.815],[146.892,43.811],[146.898,43.806],[146.906,43.819],[146.901,43.827],[146.905,43.831],[146.914,43.831],[146.92,43.837],[146.909,43.842],[146.895,43.847],[146.874,43.866],[146.866,43.87],[146.864,43.875],[146.85,43.877],[146.852,43.883],[146.84,43.889],[146.832,43.887]]]]}},{"type":"Feature","properties":{"name":"国後郡泊村","code":"01696"},"geometry":{"type":"MultiPolygon","coordinates":[[[[145.891,44.094],[145.884,44.107],[145.852,44.113],[145.846,44.111],[145.838,44.116],[145.814,44.117],[145.8,44.114],[145.794,44.107],[145.796,44.102],[145.786,44.097],[145.782,44.083],[145.777,44.075],[145.776,44.066],[145.747,44.064],[145.741,44.056],[145.742,44.052],[145.736,44.047],[145.717,44.038],[145.702,44.033],[145.698,44.033],[145.687,44.027],[145.678,44.026],[145.681,44.017],[145.676,44.012],[145.655,44.004],[145.653,44.0],[145.641,43.989],[145.63,43.988],[145.618,43.982],[145.612,43.977],[145.601,43.973],[145.594,43.968],[145.59,43.958],[145.59,43.952],[145.583,43.947],[145.557,43.941],[145.552,43.936],[145.533,43.929],[145.534,43.922],[145.5,43.908],[145.486,43.905],[145.473,43.899],[145.463,43.889],[145.456,43.875],[145.447,43.863],[145.448,43.857],[145.441,43.851],[145.423,43.846],[145.407,43.842],[145.399,43.833],[145.399,43.828],[145.408,43.821],[145.416,43.807],[145.422,43.787],[145.426,43.78],[145.425,43.767],[145.418,43.752],[145.421,43.738],[145.428,43.727],[145.433,43.721],[145.448,43.725],[145.47,43.729],[145.478,43.729],[145.491,43.733],[145.512,43.735],[145.527,43.735],[145.551,43.731],[145.547,43.722],[145.543,43.702],[145.538,43.69],[145.535,43.671],[145.538,43.654],[145.548,43.656],[145.554,43.67],[145.555,43.685],[145.559,43.702],[145.56,43.724],[145.565,43.747],[145.569,43.759],[145.572,43.778],[145.569,43.794],[145.571,43.812],[145.575,43.826],[145.575,43.841],[145.585,43.862],[145.591,43.869],[145.597,43.871],[145.604,43.868],[145.609,43.877],[145.616,43.884],[145.624,43.883],[145.63,43.893],[145.638,43.902],[145.647,43.908],[145.659,43.911],[145.665,43.91],[145.673,43.905],[145.688,43.91],[145.703,43.909],[145.721,43.914],[145.74,43.922],[145.753,43.926],[145.765,43.932],[145.779,43.932],[145.781,43.942],[145.789,43.949],[145.788,43.969],[145.791,43.979],[145.797,43.991],[145.803,43.997],[145.811,44.013],[145.823,44.026],[145.832,44.031],[145.846,44.032],[145.855,44.029],[145.853,44.021],[145.863,44.02],[145.866,44.022],[145.863,44.047],[145.864,44.056],[145.871,44.07],[145.879,44.075],[145.881,44.086],[145.889,44.089],[145.891,44.094]]]]}},{"type":"Feature","properties":{"name":"国後郡留夜別村","code":"01697"},"geometry":{"type":"MultiPolygon","coordinates":[[[[145.891,44.094],[145.905,44.1],[145.899,44.103],[145.899,44.108],[145.906,44.121],[145.922,44.136],[145.929,44.139],[145.937,44.147],[145.945,44.153],[145.957,44.156],[145.966,44.153],[145.971,44.161],[145.98,44.169],[145.996,44.173],[146.0,44.171],[146.024,44.177],[146.028,44.184],[146.034,44.186],[146.042,44.184],[146.049,44.197],[146.057,44.219],[146.069,44.234],[146.083,44.246],[146.105,44.259],[146.114,44.264],[146.126,44.266],[146.143,44.264],[146.158,44.267],[146.169,44.271],[146.178,44.269],[146.196,44.269],[146.201,44.271],[146.225,44.273],[146.237,44.271],[146.245,44.273],[146.264,44.273],[146.273,44.276],[146.278,44.274],[146.286,44.277],[146.296,44.276],[146.302,44.286],[146.316,44.295],[146.329,44.297],[146.327,44.301],[146.336,44.308],[146.343,44.309],[146.344,44.317],[146.35,44.32],[146.361,44.32],[146.362,44.327],[146.367,44.33],[146.366,44.338],[146.373,44.346],[146.389,44.359],[146.427,44.375],[146.438,44.377],[146.453,44.377],[146.463,44.373],[146.48,44.359],[146.491,44.354],[146.501,44.366],[146.516,44.369],[146.52,44.375],[146.534,44.38],[146.535,44.394],[146.539,44.403],[146.545,44.407],[146.551,44.427],[146.571,44.451],[146.552,44.446],[146.546,44.437],[146.534,44.433],[146.509,44.426],[146.477,44.421],[146.458,44.419],[146.438,44.419],[146.402,44.421],[146.398,44.422],[146.381,44.42],[146.352,44.417],[146.338,44.417],[146.332,44.422],[146.313,44.429],[146.283,44.434],[146.279,44.443],[146.265,44.443],[146.258,44.446],[146.256,44.452],[146.244,44.453],[146.24,44.455],[146.234,44.465],[146.226,44.482],[146.215,44.485],[146.21,44.489],[146.199,44.491],[146.19,44.498],[146.184,44.505],[146.169,44.509],[146.166,44.517],[146.159,44.512],[146.142,44.511],[146.129,44.508],[146.108,44.49],[146.1,44.488],[146.082,44.474],[146.072,44.45],[146.051,44.418],[146.041,44.408],[146.028,44.398],[146.023,44.39],[146.006,44.38],[146.01,44.372],[146.001,44.348],[146.0,44.336],[145.988,44.319],[145.979,44.309],[145.969,44.303],[145.964,44.296],[145.954,44.292],[145.947,44.279],[145.936,44.279],[145.923,44.27],[145.911,44.264],[145.886,44.248],[145.884,44.243],[145.871,44.228],[145.861,44.219],[145.855,44.202],[145.845,44.193],[145.837,44.182],[145.831,44.179],[145.818,44.166],[145.8,44.157],[145.788,44.149],[145.787,44.144],[145.778,44.134],[145.77,44.13],[145.765,44.121],[145.758,44.117],[145.754,44.109],[145.744,44.104],[145.743,44.092],[145.746,44.085],[145.745,44.077],[145.748,44.071],[145.747,44.064],[145.776,44.066],[145.777,44.075],[145.782,44.083],[145.786,44.097],[145.796,44.102],[145.794,44.107],[145.8,44.114],[145.814,44.117],[145.838,44.116],[145.846,44.111],[145.852,44.113],[145.884,44.107],[145.891,44.094]]]]}},{"type":"Feature","properties":{"name":"択捉郡留別村","code":"01698"},"geometry":{"type":"MultiPolygon","coordinates":[[[[147.916,44.972],[147.917,45.029],[147.913,45.032],[147.746,45.159],[147.729,45.172],[147.721,45.173],[147.707,45.166],[147.707,45.156],[147.701,45.146],[147.693,45.142],[147.692,45.133],[147.699,45.123],[147.695,45.118],[147.698,45.104],[147.69,45.095],[147.664,45.086],[147.651,45.079],[147.638,45.075],[147.627,45.077],[147.622,45.082],[147.591,45.083],[147.578,45.087],[147.569,45.097],[147.571,45.104],[147.56,45.106],[147.551,45.11],[147.537,45.106],[147.527,45.11],[147.507,45.115],[147.495,45.11],[147.506,45.107],[147.517,45.101],[147.527,45.099],[147.532,45.085],[147.53,45.074],[147.524,45.06],[147.524,45.048],[147.52,45.043],[147.523,45.036],[147.517,45.034],[147.512,45.025],[147.515,45.02],[147.514,45.007],[147.517,44.997],[147.507,44.989],[147.489,44.99],[147.466,44.98],[147.464,44.976],[147.453,44.972],[147.444,44.96],[147.439,44.958],[147.427,44.948],[147.419,44.938],[147.409,44.933],[147.396,44.919],[147.386,44.916],[147.383,44.911],[147.334,44.889],[147.325,44.89],[147.318,44.885],[147.306,44.881],[147.298,44.884],[147.295,44.878],[147.288,44.878],[147.273,44.873],[147.263,44.864],[147.264,44.849],[147.259,44.844],[147.253,44.833],[147.245,44.81],[147.228,44.803],[147.207,44.798],[147.193,44.797],[147.188,44.804],[147.17,44.819],[147.159,44.818],[147.155,44.825],[147.145,44.824],[147.133,44.83],[147.107,44.822],[147.1,44.815],[147.102,44.807],[147.101,44.801],[147.107,44.789],[147.113,44.779],[147.123,44.773],[147.14,44.768],[147.144,44.77],[147.161,44.769],[147.17,44.764],[147.19,44.765],[147.199,44.752],[147.2,44.742],[147.199,44.732],[147.194,44.715],[147.186,44.697],[147.179,44.688],[147.164,44.683],[147.15,44.67],[147.145,44.668],[147.13,44.652],[147.108,44.642],[147.093,44.638],[147.089,44.64],[147.074,44.637],[147.07,44.646],[147.061,44.647],[147.061,44.654],[147.047,44.659],[147.039,44.658],[147.028,44.662],[147.02,44.66],[147.009,44.661],[147.004,44.655],[147.016,44.645],[147.033,44.639],[147.031,44.627],[147.034,44.619],[147.032,44.609],[147.026,44.599],[147.005,44.581],[146.992,44.575],[146.978,44.578],[146.97,44.587],[146.96,44.594],[146.956,44.611],[146.951,44.617],[146.953,44.626],[146.946,44.628],[146.935,44.606],[146.936,44.595],[146.931,44.589],[146.932,44.58],[146.939,44.576],[146.954,44.556],[146.952,44.549],[146.937,44.534],[146.921,44.524],[146.905,44.52],[146.897,44.52],[146.89,44.511],[146.876,44.5],[146.866,44.471],[146.862,44.466],[146.859,44.455],[146.865,44.443],[146.872,44.439],[146.885,44.437],[146.891,44.433],[146.908,44.429],[146.93,44.429],[146.947,44.426],[146.96,44.43],[146.966,44.436],[146.983,44.445],[146.99,44.452],[146.988,44.458],[147.004,44.483],[147.005,44.49],[147.01,44.495],[147.019,44.508],[147.028,44.518],[147.042,44.531],[147.05,44.537],[147.058,44.539],[147.058,44.544],[147.075,44.556],[147.09,44.564],[147.109,44.569],[147.132,44.561],[147.154,44.56],[147.165,44.565],[147.171,44.566],[147.191,44.572],[147.198,44.57],[147.208,44.573],[147.224,44.584],[147.233,44.593],[147.251,44.6],[147.254,44.609],[147.259,44.613],[147.261,44.626],[147.265,44.637],[147.283,44.659],[147.294,44.666],[147.301,44.668],[147.308,44.683],[147.32,44.698],[147.327,44.701],[147.328,44.706],[147.336,44.715],[147.346,44.717],[147.348,44.72],[147.36,44.722],[147.374,44.733],[147.375,44.738],[147.385,44.746],[147.397,44.749],[147.412,44.76],[147.424,44.766],[147.433,44.766],[147.44,44.773],[147.462,44.78],[147.474,44.782],[147.486,44.781],[147.495,44.787],[147.496,44.8],[147.502,44.805],[147.516,44.813],[147.534,44.816],[147.541,44.814],[147.55,44.816],[147.552,44.82],[147.562,44.824],[147.565,44.829],[147.584,44.842],[147.597,44.853],[147.598,44.865],[147.605,44.874],[147.612,44.88],[147.615,44.889],[147.623,44.894],[147.64,44.914],[147.65,44.917],[147.651,44.924],[147.636,44.926],[147.618,44.934],[147.611,44.94],[147.612,44.949],[147.617,44.961],[147.626,44.972],[147.638,44.984],[147.654,44.994],[147.675,45.003],[147.686,45.005],[147.706,45.006],[147.726,45.003],[147.729,44.995],[147.728,44.981],[147.73,44.977],[147.743,44.966],[147.763,44.957],[147.775,44.95],[147.785,44.948],[147.795,44.948],[147.812,44.952],[147.838,44.962],[147.851,44.965],[147.871,44.965],[147.878,44.962],[147.89,44.969],[147.895,44.962],[147.904,44.961],[147.911,44.965],[147.916,44.972]]]]}},{"type":"Feature","properties":{"name":"紗那郡紗那村","code":"01699"},"geometry":{"type":"MultiPolygon","coordinates":[[[[147.916,44.972],[147.919,44.97],[147.926,44.982],[147.935,44.988],[147.946,44.99],[147.952,44.996],[147.967,45.001],[147.981,45.002],[147.988,45.012],[147.995,45.017],[147.998,45.024],[148.007,45.029],[148.008,45.036],[148.041,45.065],[148.055,45.067],[148.062,45.073],[148.06,45.077],[148.067,45.086],[148.075,45.089],[148.075,45.094],[148.084,45.099],[148.1,45.113],[148.122,45.124],[148.132,45.126],[148.144,45.135],[148.168,45.147],[148.174,45.146],[148.183,45.15],[148.193,45.149],[148.199,45.158],[148.214,45.163],[148.215,45.169],[148.24,45.184],[148.251,45.188],[148.264,45.189],[148.274,45.195],[148.278,45.202],[148.295,45.212],[148.311,45.218],[148.324,45.222],[148.337,45.223],[148.347,45.225],[148.358,45.225],[148.366,45.227],[148.351,45.231],[148.348,45.286],[148.343,45.291],[148.332,45.286],[148.292,45.276],[148.272,45.272],[148.23,45.265],[148.166,45.259],[148.137,45.257],[148.104,45.257],[148.07,45.259],[148.039,45.266],[148.029,45.271],[148.027,45.279],[148.021,45.283],[148.018,45.289],[148.009,45.29],[148.004,45.301],[148.007,45.308],[148.003,45.319],[147.997,45.324],[147.995,45.33],[148.001,45.337],[147.984,45.351],[147.978,45.361],[147.975,45.373],[147.969,45.384],[147.975,45.386],[147.965,45.395],[147.962,45.413],[147.964,45.42],[147.957,45.421],[147.946,45.425],[147.942,45.43],[147.925,45.438],[147.904,45.43],[147.896,45.423],[147.888,45.413],[147.877,45.407],[147.872,45.397],[147.863,45.387],[147.858,45.377],[147.849,45.367],[147.855,45.354],[147.852,45.346],[147.853,45.338],[147.859,45.329],[147.857,45.321],[147.862,45.316],[147.866,45.304],[147.872,45.296],[147.867,45.281],[147.87,45.276],[147.866,45.265],[147.88,45.26],[147.882,45.251],[147.876,45.242],[147.868,45.233],[147.872,45.229],[147.87,45.224],[147.861,45.22],[147.854,45.211],[147.838,45.208],[147.835,45.212],[147.827,45.217],[147.815,45.217],[147.804,45.21],[147.797,45.208],[147.779,45.209],[147.766,45.195],[147.758,45.197],[147.735,45.194],[147.731,45.189],[147.732,45.182],[147.729,45.177],[147.721,45.173],[147.729,45.172],[147.746,45.159],[147.913,45.032],[147.917,45.029],[147.916,44.972]]]]}}]}