{"type":"FeatureCollection","features":[{"type":"Feature","properties":{"name":"盛岡市","code":"03201"},"geometry":{"type":"MultiPolygon","coordinates":[[[[141.434,39.881],[141.434,39.878],[141.432,39.869],[141.431,39.864],[141.433,39.857],[141.428,39.85],[141.423,39.848],[141.415,39.852],[141.408,39.853],[141.405,39.851],[141.4,39.85],[141.395,39.849],[141.391,39.848],[141.386,39.849],[141.378,39.85],[141.372,39.852],[141.369,39.851],[141.365,39.853],[141.359,39.85],[141.356,39.849],[141.352,39.849],[141.345,39.847],[141.341,39.848],[141.335,39.849],[141.332,39.844],[141.332,39.841],[141.328,39.839],[141.325,39.835],[141.32,39.835],[141.316,39.834],[141.311,39.836],[141.309,39.841],[141.305,39.844],[141.3,39.846],[141.295,39.845],[141.293,39.842],[141.288,39.841],[141.286,39.848],[141.287,39.853],[141.293,39.857],[141.294,39.861],[141.289,39.862],[141.286,39.864],[141.28,39.867],[141.278,39.872],[141.277,39.877],[141.277,39.881],[141.276,39.885],[141.275,39.889],[141.275,39.893],[141.27,39.893],[141.27,39.898],[141.269,39.902],[141.263,39.903],[141.258,39.904],[141.254,39.904],[141.249,39.903],[141.246,39.904],[141.245,39.9],[141.242,39.902],[141.237,39.903],[141.233,39.901],[141.23,39.905],[141.225,39.906],[141.221,39.903],[141.217,39.904],[141.212,39.906],[141.206,39.908],[141.199,39.908],[141.195,39.906],[141.197,39.91],[141.196,39.913],[141.192,39.914],[141.191,39.917],[141.188,39.926],[141.184,39.928],[141.177,39.928],[141.173,39.929],[141.169,39.93],[141.165,39.93],[141.161,39.929],[141.158,39.927],[141.158,39.924],[141.159,39.918],[141.162,39.914],[141.167,39.91],[141.169,39.903],[141.165,39.905],[141.161,39.903],[141.156,39.899],[141.151,39.898],[141.146,39.894],[141.143,39.89],[141.137,39.887],[141.133,39.882],[141.13,39.883],[141.121,39.884],[141.116,39.883],[141.112,39.882],[141.108,39.879],[141.103,39.88],[141.1,39.879],[141.104,39.868],[141.107,39.864],[141.11,39.86],[141.111,39.854],[141.111,39.845],[141.116,39.843],[141.121,39.843],[141.127,39.843],[141.13,39.837],[141.134,39.83],[141.135,39.827],[141.142,39.824],[141.147,39.827],[141.15,39.825],[141.155,39.822],[141.152,39.817],[141.154,39.812],[141.149,39.81],[141.152,39.807],[141.156,39.808],[141.162,39.808],[141.161,39.803],[141.165,39.802],[141.163,39.798],[141.165,39.789],[141.168,39.78],[141.165,39.777],[141.166,39.772],[141.164,39.767],[141.16,39.767],[141.155,39.767],[141.151,39.766],[141.148,39.771],[141.141,39.771],[141.131,39.768],[141.126,39.765],[141.122,39.76],[141.122,39.756],[141.118,39.754],[141.118,39.75],[141.123,39.75],[141.119,39.749],[141.111,39.745],[141.107,39.741],[141.106,39.736],[141.102,39.731],[141.098,39.728],[141.099,39.723],[141.089,39.725],[141.088,39.722],[141.081,39.723],[141.078,39.727],[141.074,39.728],[141.071,39.73],[141.068,39.727],[141.073,39.725],[141.076,39.725],[141.081,39.722],[141.079,39.716],[141.079,39.712],[141.079,39.708],[141.084,39.706],[141.078,39.704],[141.076,39.7],[141.07,39.698],[141.064,39.697],[141.058,39.695],[141.053,39.693],[141.048,39.69],[141.045,39.692],[141.039,39.695],[141.036,39.7],[141.031,39.7],[141.027,39.7],[141.024,39.699],[141.02,39.697],[141.015,39.693],[141.013,39.689],[141.016,39.688],[141.011,39.688],[141.012,39.684],[141.018,39.682],[141.015,39.679],[141.009,39.677],[141.005,39.671],[141.0,39.669],[140.996,39.666],[141.001,39.663],[141.005,39.663],[141.009,39.662],[141.012,39.659],[141.012,39.655],[141.014,39.651],[141.019,39.649],[141.023,39.649],[141.031,39.651],[141.036,39.653],[141.04,39.655],[141.038,39.659],[141.038,39.662],[141.044,39.66],[141.046,39.656],[141.05,39.654],[141.049,39.65],[141.049,39.645],[141.055,39.642],[141.058,39.642],[141.062,39.64],[141.064,39.636],[141.068,39.634],[141.071,39.635],[141.074,39.634],[141.078,39.637],[141.086,39.635],[141.09,39.635],[141.095,39.635],[141.098,39.634],[141.107,39.637],[141.108,39.641],[141.116,39.642],[141.118,39.645],[141.124,39.649],[141.128,39.651],[141.133,39.651],[141.136,39.643],[141.14,39.644],[141.143,39.641],[141.148,39.638],[141.153,39.636],[141.173,39.632],[141.177,39.632],[141.18,39.629],[141.181,39.626],[141.181,39.62],[141.184,39.617],[141.186,39.614],[141.193,39.611],[141.193,39.607],[141.194,39.604],[141.197,39.599],[141.201,39.602],[141.211,39.603],[141.221,39.606],[141.225,39.606],[141.229,39.606],[141.24,39.603],[141.243,39.599],[141.246,39.597],[141.251,39.593],[141.255,39.59],[141.262,39.585],[141.268,39.583],[141.273,39.582],[141.273,39.586],[141.277,39.59],[141.28,39.592],[141.278,39.596],[141.278,39.599],[141.278,39.604],[141.282,39.605],[141.287,39.607],[141.291,39.6],[141.294,39.596],[141.297,39.593],[141.298,39.589],[141.303,39.587],[141.305,39.584],[141.307,39.581],[141.308,39.577],[141.305,39.572],[141.309,39.572],[141.314,39.572],[141.319,39.575],[141.322,39.573],[141.325,39.571],[141.332,39.569],[141.337,39.567],[141.343,39.568],[141.347,39.568],[141.352,39.567],[141.358,39.571],[141.362,39.574],[141.369,39.574],[141.375,39.574],[141.38,39.574],[141.386,39.574],[141.389,39.576],[141.395,39.576],[141.4,39.577],[141.403,39.577],[141.407,39.576],[141.414,39.573],[141.417,39.566],[141.423,39.565],[141.428,39.566],[141.432,39.567],[141.436,39.57],[141.434,39.575],[141.433,39.58],[141.432,39.583],[141.427,39.585],[141.424,39.587],[141.419,39.59],[141.413,39.597],[141.409,39.599],[141.406,39.603],[141.4,39.605],[141.393,39.61],[141.39,39.61],[141.385,39.612],[141.381,39.613],[141.375,39.616],[141.37,39.617],[141.362,39.62],[141.357,39.622],[141.354,39.625],[141.347,39.627],[141.343,39.63],[141.341,39.635],[141.34,39.64],[141.337,39.642],[141.342,39.645],[141.346,39.648],[141.345,39.651],[141.35,39.654],[141.351,39.658],[141.357,39.661],[141.361,39.666],[141.365,39.668],[141.373,39.67],[141.378,39.672],[141.384,39.672],[141.39,39.676],[141.393,39.68],[141.396,39.681],[141.398,39.685],[141.402,39.686],[141.406,39.688],[141.409,39.692],[141.409,39.696],[141.409,39.701],[141.405,39.703],[141.4,39.706],[141.396,39.707],[141.395,39.713],[141.396,39.717],[141.4,39.72],[141.397,39.723],[141.395,39.729],[141.397,39.735],[141.401,39.737],[141.402,39.742],[141.399,39.745],[141.402,39.751],[141.404,39.755],[141.408,39.757],[141.41,39.76],[141.416,39.759],[141.421,39.757],[141.425,39.758],[141.43,39.757],[141.435,39.758],[141.439,39.76],[141.446,39.765],[141.45,39.766],[141.456,39.766],[141.46,39.767],[141.468,39.764],[141.474,39.765],[141.478,39.769],[141.478,39.775],[141.485,39.777],[141.487,39.78],[141.488,39.784],[141.489,39.788],[141.495,39.793],[141.499,39.794],[141.5,39.798],[141.501,39.801],[141.5,39.805],[141.498,39.808],[141.503,39.81],[141.507,39.808],[141.512,39.808],[141.516,39.809],[141.522,39.807],[141.525,39.811],[141.526,39.816],[141.52,39.819],[141.518,39.827],[141.518,39.831],[141.517,39.836],[141.514,39.84],[141.513,39.843],[141.512,39.846],[141.507,39.85],[141.505,39.855],[141.504,39.861],[141.507,39.871],[141.506,39.875],[141.506,39.879],[141.5,39.878],[141.493,39.881],[141.484,39.883],[141.48,39.877],[141.474,39.875],[141.47,39.874],[141.464,39.876],[141.459,39.88],[141.454,39.881],[141.45,39.883],[141.447,39.883],[141.442,39.884],[141.438,39.882],[141.434,39.881]]]]}},{"type":"Feature","properties":{"name":"宮古市","code":"03202"},"geometry":{"type":"MultiPolygon","coordinates":[[[[141.42,39.564],[141.424,39.561],[141.427,39.557],[141.432,39.554],[141.437,39.555],[141.445,39.556],[141.449,39.557],[141.453,39.559],[141.459,39.558],[141.462,39.558],[141.471,39.559],[141.477,39.559],[141.483,39.558],[141.489,39.558],[141.493,39.557],[141.493,39.553],[141.494,39.548],[141.497,39.544],[141.496,39.541],[141.501,39.536],[141.504,39.535],[141.511,39.532],[141.517,39.529],[141.522,39.527],[141.526,39.525],[141.532,39.525],[141.538,39.524],[141.544,39.525],[141.549,39.525],[141.552,39.526],[141.552,39.523],[141.559,39.521],[141.565,39.517],[141.57,39.513],[141.575,39.513],[141.577,39.509],[141.58,39.506],[141.584,39.504],[141.59,39.501],[141.593,39.498],[141.595,39.494],[141.598,39.49],[141.607,39.489],[141.611,39.489],[141.61,39.484],[141.611,39.478],[141.615,39.475],[141.622,39.472],[141.625,39.469],[141.629,39.467],[141.629,39.464],[141.63,39.46],[141.637,39.455],[141.641,39.455],[141.647,39.453],[141.651,39.452],[141.655,39.456],[141.659,39.456],[141.661,39.452],[141.669,39.448],[141.675,39.444],[141.678,39.442],[141.681,39.439],[141.685,39.439],[141.691,39.443],[141.695,39.444],[141.698,39.443],[141.702,39.444],[141.709,39.445],[141.714,39.445],[141.717,39.446],[141.721,39.446],[141.716,39.453],[141.715,39.458],[141.715,39.463],[141.712,39.464],[141.709,39.469],[141.708,39.472],[141.705,39.476],[141.704,39.482],[141.705,39.487],[141.704,39.492],[141.705,39.495],[141.707,39.499],[141.71,39.504],[141.715,39.507],[141.72,39.508],[141.725,39.507],[141.728,39.507],[141.733,39.509],[141.736,39.511],[141.738,39.514],[141.739,39.518],[141.739,39.521],[141.74,39.525],[141.742,39.528],[141.746,39.529],[141.748,39.533],[141.75,39.536],[141.754,39.54],[141.758,39.541],[141.763,39.542],[141.767,39.542],[141.772,39.543],[141.777,39.545],[141.786,39.548],[141.796,39.548],[141.799,39.55],[141.804,39.551],[141.808,39.552],[141.814,39.553],[141.817,39.554],[141.822,39.554],[141.828,39.55],[141.835,39.55],[141.839,39.552],[141.845,39.554],[141.848,39.556],[141.852,39.557],[141.86,39.559],[141.864,39.559],[141.869,39.562],[141.874,39.562],[141.878,39.563],[141.883,39.558],[141.887,39.555],[141.892,39.553],[141.895,39.55],[141.9,39.548],[141.904,39.548],[141.908,39.548],[141.914,39.548],[141.918,39.55],[141.921,39.551],[141.928,39.552],[141.931,39.551],[141.938,39.552],[141.944,39.552],[141.95,39.55],[141.953,39.547],[141.956,39.545],[141.963,39.545],[141.967,39.545],[141.971,39.544],[141.973,39.539],[141.977,39.533],[141.98,39.528],[141.982,39.524],[141.981,39.52],[141.985,39.52],[141.99,39.518],[141.992,39.515],[141.997,39.512],[142.003,39.506],[142.007,39.502],[142.011,39.5],[142.015,39.501],[142.018,39.501],[142.022,39.503],[142.026,39.506],[142.028,39.51],[142.03,39.515],[142.031,39.519],[142.03,39.525],[142.033,39.529],[142.038,39.532],[142.041,39.531],[142.045,39.531],[142.048,39.529],[142.051,39.526],[142.055,39.524],[142.058,39.523],[142.058,39.528],[142.053,39.529],[142.052,39.532],[142.056,39.533],[142.06,39.534],[142.066,39.534],[142.067,39.539],[142.07,39.542],[142.072,39.545],[142.07,39.55],[142.069,39.553],[142.068,39.556],[142.068,39.561],[142.065,39.562],[142.061,39.562],[142.057,39.562],[142.058,39.566],[142.057,39.569],[142.058,39.574],[142.054,39.575],[142.05,39.573],[142.044,39.573],[142.04,39.574],[142.036,39.572],[142.038,39.576],[142.034,39.574],[142.029,39.576],[142.027,39.579],[142.03,39.583],[142.03,39.587],[142.03,39.59],[142.031,39.593],[142.031,39.598],[142.028,39.6],[142.025,39.604],[142.026,39.607],[142.032,39.61],[142.026,39.613],[142.023,39.616],[142.024,39.619],[142.023,39.625],[142.023,39.63],[142.026,39.63],[142.023,39.635],[142.027,39.637],[142.026,39.642],[142.028,39.646],[142.024,39.649],[142.023,39.653],[142.021,39.656],[142.016,39.654],[142.013,39.651],[142.01,39.648],[142.006,39.643],[142.005,39.638],[142.0,39.634],[141.994,39.627],[141.988,39.62],[141.985,39.616],[141.981,39.614],[141.977,39.612],[141.974,39.607],[141.971,39.603],[141.968,39.599],[141.965,39.596],[141.963,39.592],[141.959,39.588],[141.954,39.586],[141.948,39.588],[141.948,39.592],[141.945,39.596],[141.947,39.6],[141.95,39.598],[141.95,39.602],[141.954,39.604],[141.957,39.604],[141.958,39.608],[141.964,39.611],[141.963,39.618],[141.965,39.621],[141.97,39.623],[141.969,39.631],[141.966,39.635],[141.972,39.634],[141.966,39.637],[141.971,39.638],[141.968,39.642],[141.97,39.646],[141.974,39.643],[141.981,39.645],[141.98,39.651],[141.976,39.653],[141.971,39.651],[141.97,39.654],[141.974,39.657],[141.971,39.662],[141.974,39.663],[141.975,39.668],[141.98,39.672],[141.981,39.676],[141.984,39.679],[141.986,39.683],[141.985,39.687],[141.975,39.687],[141.972,39.689],[141.968,39.688],[141.97,39.692],[141.972,39.695],[141.972,39.699],[141.975,39.703],[141.977,39.707],[141.98,39.707],[141.984,39.71],[141.986,39.713],[141.983,39.716],[141.984,39.723],[141.983,39.726],[141.977,39.726],[141.974,39.728],[141.971,39.731],[141.975,39.733],[141.98,39.733],[141.985,39.734],[141.986,39.738],[141.986,39.742],[141.989,39.746],[141.995,39.748],[142.0,39.749],[141.998,39.753],[141.992,39.753],[141.989,39.757],[141.988,39.762],[141.99,39.767],[141.996,39.772],[142.003,39.774],[142.0,39.778],[141.997,39.778],[141.993,39.781],[141.989,39.787],[141.984,39.788],[141.984,39.791],[141.986,39.795],[141.987,39.8],[141.983,39.803],[141.983,39.807],[141.986,39.811],[141.984,39.814],[141.988,39.814],[141.991,39.82],[141.987,39.825],[141.986,39.83],[141.98,39.828],[141.977,39.831],[141.976,39.828],[141.974,39.825],[141.971,39.825],[141.965,39.822],[141.961,39.822],[141.956,39.823],[141.949,39.821],[141.942,39.821],[141.939,39.816],[141.937,39.812],[141.928,39.809],[141.923,39.808],[141.92,39.808],[141.915,39.808],[141.912,39.809],[141.91,39.804],[141.909,39.8],[141.905,39.799],[141.9,39.798],[141.896,39.796],[141.893,39.795],[141.889,39.793],[141.889,39.789],[141.893,39.79],[141.897,39.789],[141.903,39.787],[141.906,39.782],[141.904,39.778],[141.905,39.772],[141.9,39.77],[141.899,39.767],[141.895,39.763],[141.892,39.759],[141.889,39.756],[141.884,39.754],[141.88,39.752],[141.876,39.75],[141.873,39.749],[141.868,39.748],[141.861,39.748],[141.857,39.748],[141.85,39.747],[141.848,39.743],[141.85,39.739],[141.846,39.736],[141.843,39.737],[141.838,39.739],[141.836,39.735],[141.831,39.734],[141.826,39.73],[141.821,39.731],[141.818,39.731],[141.812,39.729],[141.807,39.725],[141.803,39.723],[141.803,39.72],[141.796,39.724],[141.791,39.725],[141.786,39.728],[141.781,39.727],[141.779,39.73],[141.774,39.735],[141.769,39.735],[141.764,39.734],[141.76,39.733],[141.757,39.732],[141.752,39.735],[141.748,39.736],[141.744,39.74],[141.741,39.742],[141.737,39.747],[141.737,39.751],[141.73,39.749],[141.723,39.747],[141.717,39.747],[141.712,39.75],[141.707,39.753],[141.701,39.753],[141.698,39.752],[141.695,39.75],[141.69,39.747],[141.688,39.744],[141.681,39.742],[141.675,39.745],[141.67,39.75],[141.666,39.751],[141.661,39.752],[141.657,39.754],[141.649,39.754],[141.646,39.756],[141.642,39.755],[141.633,39.756],[141.627,39.755],[141.626,39.75],[141.626,39.746],[141.624,39.741],[141.622,39.735],[141.619,39.735],[141.616,39.734],[141.613,39.732],[141.61,39.73],[141.607,39.729],[141.607,39.722],[141.603,39.715],[141.604,39.712],[141.601,39.709],[141.598,39.709],[141.594,39.711],[141.589,39.71],[141.586,39.71],[141.581,39.71],[141.579,39.713],[141.575,39.714],[141.571,39.717],[141.566,39.719],[141.563,39.715],[141.557,39.711],[141.553,39.705],[141.542,39.704],[141.538,39.704],[141.533,39.705],[141.528,39.703],[141.521,39.704],[141.516,39.705],[141.512,39.704],[141.505,39.705],[141.497,39.707],[141.493,39.705],[141.487,39.703],[141.487,39.7],[141.48,39.696],[141.476,39.691],[141.472,39.689],[141.47,39.684],[141.468,39.681],[141.465,39.68],[141.459,39.681],[141.452,39.679],[141.449,39.68],[141.445,39.679],[141.442,39.679],[141.436,39.677],[141.433,39.677],[141.429,39.677],[141.423,39.679],[141.422,39.682],[141.419,39.686],[141.416,39.687],[141.411,39.691],[141.406,39.688],[141.402,39.686],[141.398,39.685],[141.396,39.681],[141.393,39.68],[141.39,39.676],[141.387,39.673],[141.378,39.672],[141.375,39.67],[141.367,39.668],[141.361,39.666],[141.357,39.661],[141.352,39.659],[141.349,39.654],[141.345,39.651],[141.346,39.648],[141.342,39.645],[141.337,39.642],[141.34,39.64],[141.339,39.636],[141.342,39.633],[141.347,39.627],[141.351,39.625],[141.356,39.624],[141.362,39.62],[141.369,39.619],[141.375,39.616],[141.379,39.615],[141.385,39.612],[141.39,39.61],[141.393,39.61],[141.398,39.606],[141.406,39.603],[141.409,39.599],[141.413,39.597],[141.416,39.591],[141.424,39.587],[141.427,39.585],[141.432,39.583],[141.433,39.58],[141.433,39.576],[141.436,39.57],[141.432,39.567],[141.428,39.566],[141.423,39.565]]]]}},{"type":"Feature","properties":{"name":"釜石市","code":"03211"},"geometry":{"type":"MultiPolygon","coordinates":[[[[141.982,39.309],[141.978,39.308],[141.979,39.305],[141.984,39.303],[141.987,39.305],[141.984,39.307]]],[[[141.921,39.182],[141.92,39.186],[141.915,39.186],[141.911,39.186],[141.908,39.186],[141.902,39.183],[141.898,39.185],[141.895,39.185],[141.893,39.182],[141.89,39.182],[141.886,39.185],[141.883,39.185],[141.88,39.191],[141.874,39.192],[141.868,39.191],[141.869,39.197],[141.872,39.197],[141.87,39.2],[141.866,39.2],[141.865,39.204],[141.871,39.207],[141.875,39.206],[141.88,39.203],[141.884,39.202],[141.888,39.199],[141.893,39.2],[141.894,39.204],[141.889,39.209],[141.893,39.208],[141.897,39.208],[141.901,39.207],[141.904,39.205],[141.909,39.208],[141.913,39.21],[141.916,39.214],[141.921,39.215],[141.925,39.215],[141.926,39.22],[141.934,39.223],[141.939,39.223],[141.943,39.218],[141.946,39.218],[141.952,39.221],[141.954,39.224],[141.949,39.228],[141.95,39.236],[141.946,39.237],[141.945,39.24],[141.949,39.242],[141.954,39.245],[141.959,39.245],[141.962,39.246],[141.966,39.245],[141.971,39.248],[141.971,39.251],[141.968,39.251],[141.96,39.251],[141.957,39.249],[141.948,39.248],[141.944,39.248],[141.941,39.248],[141.939,39.244],[141.933,39.242],[141.931,39.245],[141.925,39.243],[141.924,39.239],[141.92,39.238],[141.917,39.241],[141.913,39.241],[141.914,39.245],[141.908,39.247],[141.902,39.249],[141.898,39.249],[141.894,39.248],[141.889,39.249],[141.894,39.249],[141.903,39.253],[141.903,39.257],[141.899,39.258],[141.899,39.262],[141.896,39.265],[141.892,39.268],[141.887,39.269],[141.888,39.273],[141.895,39.272],[141.901,39.272],[141.906,39.272],[141.91,39.269],[141.914,39.267],[141.914,39.271],[141.917,39.267],[141.92,39.269],[141.924,39.266],[141.928,39.267],[141.929,39.27],[141.926,39.274],[141.921,39.28],[141.927,39.282],[141.926,39.285],[141.921,39.286],[141.917,39.286],[141.915,39.289],[141.911,39.289],[141.905,39.291],[141.908,39.295],[141.903,39.298],[141.898,39.3],[141.895,39.299],[141.889,39.301],[141.89,39.305],[141.895,39.306],[141.901,39.308],[141.906,39.309],[141.909,39.305],[141.912,39.306],[141.915,39.306],[141.92,39.308],[141.929,39.309],[141.934,39.31],[141.941,39.31],[141.942,39.313],[141.945,39.314],[141.95,39.315],[141.956,39.314],[141.964,39.315],[141.97,39.313],[141.971,39.317],[141.974,39.319],[141.977,39.322],[141.975,39.326],[141.978,39.329],[141.979,39.333],[141.983,39.339],[141.986,39.34],[141.99,39.343],[141.992,39.347],[141.996,39.349],[141.99,39.349],[141.987,39.348],[141.982,39.346],[141.98,39.343],[141.978,39.339],[141.972,39.338],[141.968,39.337],[141.962,39.337],[141.958,39.337],[141.952,39.338],[141.948,39.336],[141.945,39.333],[141.944,39.33],[141.939,39.329],[141.935,39.33],[141.931,39.332],[141.925,39.333],[141.921,39.331],[141.916,39.327],[141.912,39.324],[141.911,39.329],[141.906,39.327],[141.903,39.327],[141.9,39.331],[141.896,39.332],[141.897,39.336],[141.9,39.34],[141.906,39.341],[141.909,39.344],[141.913,39.345],[141.907,39.348],[141.904,39.349],[141.899,39.349],[141.896,39.349],[141.891,39.347],[141.884,39.344],[141.878,39.345],[141.874,39.348],[141.869,39.351],[141.866,39.354],[141.859,39.357],[141.855,39.357],[141.852,39.357],[141.848,39.359],[141.846,39.364],[141.841,39.367],[141.835,39.368],[141.829,39.366],[141.826,39.368],[141.82,39.371],[141.815,39.373],[141.811,39.373],[141.803,39.373],[141.793,39.371],[141.788,39.375],[141.791,39.38],[141.784,39.382],[141.779,39.385],[141.775,39.39],[141.771,39.39],[141.765,39.387],[141.761,39.389],[141.757,39.39],[141.75,39.392],[141.745,39.394],[141.747,39.397],[141.744,39.4],[141.743,39.404],[141.742,39.408],[141.742,39.411],[141.738,39.41],[141.734,39.409],[141.728,39.409],[141.724,39.409],[141.72,39.406],[141.715,39.407],[141.711,39.409],[141.706,39.407],[141.701,39.41],[141.692,39.412],[141.688,39.41],[141.681,39.406],[141.678,39.406],[141.673,39.404],[141.667,39.401],[141.671,39.4],[141.669,39.396],[141.666,39.394],[141.661,39.391],[141.662,39.387],[141.664,39.383],[141.663,39.377],[141.658,39.376],[141.657,39.371],[141.656,39.366],[141.656,39.362],[141.654,39.359],[141.654,39.355],[141.658,39.353],[141.661,39.352],[141.661,39.348],[141.661,39.342],[141.663,39.335],[141.666,39.329],[141.666,39.325],[141.661,39.321],[141.666,39.318],[141.671,39.318],[141.676,39.316],[141.681,39.316],[141.689,39.316],[141.693,39.316],[141.693,39.312],[141.691,39.308],[141.687,39.304],[141.684,39.299],[141.683,39.295],[141.689,39.292],[141.69,39.288],[141.691,39.283],[141.694,39.279],[141.698,39.274],[141.699,39.271],[141.697,39.267],[141.702,39.265],[141.706,39.264],[141.706,39.261],[141.705,39.255],[141.705,39.251],[141.706,39.244],[141.708,39.241],[141.71,39.237],[141.711,39.233],[141.706,39.229],[141.704,39.226],[141.702,39.221],[141.702,39.218],[141.706,39.217],[141.712,39.217],[141.716,39.216],[141.721,39.21],[141.725,39.206],[141.727,39.199],[141.73,39.196],[141.729,39.192],[141.731,39.188],[141.734,39.186],[141.739,39.183],[141.742,39.178],[141.746,39.174],[141.751,39.174],[141.759,39.178],[141.764,39.179],[141.77,39.179],[141.774,39.179],[141.778,39.179],[141.782,39.18],[141.785,39.181],[141.791,39.18],[141.795,39.177],[141.799,39.178],[141.803,39.177],[141.808,39.179],[141.811,39.176],[141.816,39.176],[141.82,39.176],[141.824,39.176],[141.828,39.179],[141.834,39.177],[141.838,39.177],[141.843,39.176],[141.848,39.175],[141.854,39.175],[141.857,39.176],[141.865,39.172],[141.871,39.17],[141.876,39.17],[141.88,39.168],[141.884,39.168],[141.894,39.169],[141.898,39.172],[141.903,39.174],[141.91,39.179],[141.916,39.179],[141.921,39.182]]]]}},{"type":"Feature","properties":{"name":"下閉伊郡山田町","code":"03482"},"geometry":{"type":"MultiPolygon","coordinates":[[[[141.748,39.529],[141.753,39.527],[141.759,39.526],[141.763,39.519],[141.77,39.518],[141.775,39.516],[141.782,39.514],[141.782,39.51],[141.786,39.507],[141.793,39.502],[141.798,39.499],[141.799,39.495],[141.806,39.49],[141.807,39.485],[141.81,39.482],[141.814,39.478],[141.814,39.473],[141.815,39.469],[141.82,39.464],[141.828,39.463],[141.834,39.462],[141.84,39.46],[141.84,39.456],[141.843,39.451],[141.847,39.45],[141.85,39.448],[141.853,39.442],[141.859,39.439],[141.861,39.435],[141.86,39.432],[141.862,39.425],[141.866,39.42],[141.869,39.419],[141.873,39.418],[141.876,39.416],[141.88,39.413],[141.883,39.408],[141.887,39.405],[141.891,39.403],[141.893,39.4],[141.897,39.399],[141.901,39.401],[141.906,39.402],[141.909,39.402],[141.914,39.4],[141.923,39.401],[141.93,39.406],[141.934,39.402],[141.938,39.403],[141.944,39.403],[141.947,39.402],[141.953,39.399],[141.957,39.404],[141.962,39.408],[141.963,39.411],[141.967,39.414],[141.97,39.419],[141.973,39.422],[141.974,39.426],[141.981,39.427],[141.985,39.418],[141.982,39.415],[141.981,39.41],[141.994,39.409],[141.997,39.41],[142.001,39.411],[142.005,39.411],[142.006,39.414],[142.01,39.415],[142.007,39.42],[142.008,39.425],[142.011,39.426],[142.016,39.425],[142.02,39.421],[142.023,39.419],[142.029,39.416],[142.034,39.418],[142.038,39.424],[142.042,39.426],[142.041,39.431],[142.042,39.434],[142.038,39.437],[142.043,39.44],[142.039,39.443],[142.039,39.447],[142.042,39.448],[142.048,39.45],[142.048,39.456],[142.052,39.46],[142.054,39.463],[142.06,39.469],[142.057,39.474],[142.052,39.476],[142.049,39.481],[142.052,39.484],[142.049,39.482],[142.043,39.483],[142.036,39.482],[142.033,39.48],[142.029,39.476],[142.022,39.472],[142.017,39.47],[142.012,39.467],[142.009,39.465],[142.004,39.458],[142.002,39.455],[142.003,39.449],[142.003,39.445],[141.998,39.45],[141.991,39.45],[141.984,39.445],[141.981,39.441],[141.974,39.439],[141.973,39.443],[141.972,39.448],[141.967,39.448],[141.963,39.448],[141.962,39.454],[141.957,39.457],[141.962,39.459],[141.957,39.46],[141.954,39.466],[141.954,39.472],[141.958,39.476],[141.965,39.477],[141.969,39.48],[141.978,39.482],[141.981,39.481],[141.988,39.483],[141.991,39.484],[141.996,39.481],[142.001,39.479],[142.005,39.48],[142.009,39.476],[142.012,39.48],[142.01,39.485],[142.009,39.489],[142.009,39.494],[142.013,39.498],[142.009,39.502],[142.006,39.505],[141.999,39.51],[141.994,39.513],[141.992,39.517],[141.986,39.518],[141.981,39.52],[141.982,39.524],[141.98,39.528],[141.977,39.53],[141.975,39.537],[141.971,39.542],[141.967,39.545],[141.963,39.545],[141.958,39.545],[141.953,39.547],[141.95,39.55],[141.946,39.55],[141.938,39.552],[141.931,39.551],[141.928,39.552],[141.921,39.551],[141.918,39.55],[141.914,39.548],[141.908,39.548],[141.904,39.548],[141.9,39.548],[141.897,39.55],[141.892,39.552],[141.887,39.555],[141.883,39.558],[141.878,39.563],[141.874,39.562],[141.869,39.562],[141.865,39.561],[141.862,39.559],[141.855,39.558],[141.848,39.556],[141.845,39.554],[141.842,39.554],[141.837,39.551],[141.828,39.55],[141.825,39.552],[141.82,39.554],[141.814,39.553],[141.809,39.552],[141.806,39.551],[141.801,39.55],[141.796,39.548],[141.786,39.548],[141.778,39.546],[141.774,39.543],[141.77,39.542],[141.763,39.542],[141.758,39.541],[141.754,39.54],[141.751,39.537],[141.748,39.533],[141.748,39.529]]]]}},{"type":"Feature","properties":{"name":"下閉伊郡岩泉町","code":"03483"},"geometry":{"type":"MultiPolygon","coordinates":[[[[141.409,39.692],[141.416,39.687],[141.419,39.686],[141.422,39.682],[141.423,39.679],[141.426,39.677],[141.433,39.677],[141.436,39.677],[141.439,39.678],[141.445,39.679],[141.449,39.68],[141.452,39.679],[141.456,39.68],[141.465,39.68],[141.468,39.681],[141.47,39.684],[141.472,39.689],[141.476,39.691],[141.48,39.696],[141.485,39.698],[141.487,39.703],[141.49,39.704],[141.497,39.707],[141.505,39.705],[141.51,39.705],[141.516,39.705],[141.521,39.704],[141.526,39.703],[141.533,39.704],[141.538,39.704],[141.542,39.704],[141.55,39.704],[141.556,39.708],[141.562,39.714],[141.563,39.718],[141.569,39.719],[141.573,39.716],[141.578,39.715],[141.581,39.71],[141.586,39.71],[141.589,39.71],[141.594,39.711],[141.598,39.709],[141.601,39.709],[141.604,39.712],[141.603,39.715],[141.608,39.721],[141.608,39.727],[141.61,39.73],[141.613,39.732],[141.616,39.734],[141.619,39.735],[141.622,39.735],[141.624,39.738],[141.624,39.744],[141.626,39.75],[141.626,39.753],[141.633,39.756],[141.642,39.755],[141.646,39.756],[141.649,39.754],[141.656,39.755],[141.661,39.752],[141.666,39.751],[141.67,39.75],[141.675,39.745],[141.679,39.744],[141.688,39.744],[141.69,39.747],[141.695,39.75],[141.698,39.752],[141.701,39.753],[141.707,39.753],[141.71,39.751],[141.714,39.75],[141.72,39.745],[141.727,39.749],[141.734,39.751],[141.738,39.749],[141.739,39.744],[141.744,39.74],[141.748,39.736],[141.752,39.735],[141.757,39.732],[141.76,39.733],[141.764,39.734],[141.769,39.735],[141.774,39.735],[141.779,39.731],[141.781,39.728],[141.786,39.728],[141.791,39.725],[141.794,39.724],[141.801,39.718],[141.803,39.722],[141.805,39.725],[141.811,39.728],[141.815,39.73],[141.821,39.731],[141.826,39.73],[141.831,39.734],[141.836,39.735],[141.837,39.738],[141.842,39.739],[141.846,39.736],[141.849,39.737],[141.85,39.742],[141.85,39.747],[141.855,39.747],[141.861,39.748],[141.867,39.749],[141.873,39.749],[141.876,39.75],[141.88,39.75],[141.883,39.753],[141.887,39.754],[141.889,39.758],[141.893,39.761],[141.897,39.764],[141.9,39.768],[141.905,39.772],[141.905,39.775],[141.906,39.781],[141.903,39.785],[141.899,39.789],[141.895,39.789],[141.889,39.789],[141.889,39.793],[141.893,39.795],[141.896,39.796],[141.9,39.797],[141.904,39.797],[141.908,39.798],[141.909,39.802],[141.91,39.807],[141.915,39.808],[141.92,39.808],[141.923,39.808],[141.927,39.809],[141.935,39.809],[141.939,39.816],[141.94,39.82],[141.949,39.822],[141.954,39.822],[141.961,39.822],[141.965,39.822],[141.968,39.825],[141.974,39.825],[141.976,39.828],[141.977,39.831],[141.98,39.837],[141.981,39.84],[141.976,39.842],[141.977,39.846],[141.974,39.85],[141.976,39.853],[141.975,39.859],[141.976,39.862],[141.978,39.867],[141.977,39.871],[141.973,39.876],[141.971,39.881],[141.971,39.885],[141.968,39.885],[141.964,39.885],[141.96,39.887],[141.954,39.886],[141.944,39.882],[141.941,39.879],[141.935,39.876],[141.928,39.87],[141.924,39.868],[141.92,39.867],[141.918,39.862],[141.912,39.861],[141.908,39.859],[141.904,39.859],[141.9,39.859],[141.896,39.857],[141.892,39.858],[141.894,39.862],[141.888,39.866],[141.885,39.87],[141.881,39.873],[141.882,39.869],[141.882,39.865],[141.888,39.863],[141.883,39.863],[141.877,39.862],[141.871,39.863],[141.868,39.867],[141.864,39.867],[141.86,39.868],[141.857,39.868],[141.854,39.87],[141.849,39.87],[141.842,39.873],[141.841,39.876],[141.837,39.879],[141.834,39.882],[141.83,39.89],[141.829,39.894],[141.83,39.898],[141.828,39.901],[141.823,39.901],[141.819,39.901],[141.815,39.9],[141.814,39.897],[141.811,39.894],[141.807,39.895],[141.805,39.898],[141.802,39.897],[141.798,39.896],[141.795,39.896],[141.79,39.895],[141.783,39.894],[141.776,39.894],[141.771,39.898],[141.776,39.902],[141.777,39.909],[141.778,39.915],[141.779,39.918],[141.78,39.923],[141.781,39.928],[141.785,39.932],[141.785,39.937],[141.785,39.942],[141.783,39.945],[141.787,39.949],[141.789,39.953],[141.79,39.957],[141.793,39.963],[141.795,39.967],[141.797,39.971],[141.797,39.975],[141.801,39.979],[141.8,39.985],[141.799,39.989],[141.794,39.994],[141.795,39.997],[141.796,40.003],[141.801,40.006],[141.81,40.01],[141.811,40.014],[141.764,40.024],[141.76,40.025],[141.758,40.032],[141.754,40.031],[141.75,40.029],[141.746,40.028],[141.743,40.024],[141.739,40.023],[141.739,40.016],[141.734,40.017],[141.731,40.016],[141.728,40.012],[141.723,40.01],[141.72,40.012],[141.716,40.014],[141.712,40.015],[141.705,40.009],[141.697,40.012],[141.695,40.017],[141.691,40.018],[141.688,40.018],[141.684,40.017],[141.681,40.015],[141.676,40.015],[141.672,40.011],[141.663,40.011],[141.659,40.008],[141.655,40.009],[141.649,40.011],[141.649,40.014],[141.646,40.017],[141.641,40.02],[141.637,40.018],[141.632,40.02],[141.627,40.023],[141.623,40.025],[141.619,40.026],[141.612,40.029],[141.609,40.028],[141.605,40.026],[141.598,40.025],[141.594,40.028],[141.59,40.03],[141.587,40.035],[141.583,40.039],[141.579,40.041],[141.576,40.043],[141.57,40.045],[141.564,40.046],[141.557,40.045],[141.553,40.045],[141.55,40.047],[141.545,40.048],[141.54,40.048],[141.536,40.047],[141.533,40.047],[141.532,40.043],[141.528,40.04],[141.53,40.034],[141.538,40.031],[141.543,40.027],[141.548,40.023],[141.549,40.019],[141.549,40.014],[141.552,40.011],[141.557,40.005],[141.562,40.003],[141.568,39.997],[141.57,39.992],[141.571,39.989],[141.575,39.985],[141.577,39.981],[141.579,39.977],[141.581,39.973],[141.584,39.969],[141.585,39.965],[141.585,39.961],[141.589,39.959],[141.588,39.955],[141.585,39.954],[141.583,39.95],[141.582,39.946],[141.581,39.941],[141.578,39.939],[141.574,39.936],[141.57,39.934],[141.565,39.931],[141.559,39.929],[141.56,39.926],[141.561,39.922],[141.564,39.916],[141.563,39.913],[141.558,39.909],[141.555,39.907],[141.552,39.904],[141.549,39.904],[141.544,39.906],[141.538,39.906],[141.534,39.908],[141.529,39.908],[141.52,39.91],[141.516,39.911],[141.51,39.907],[141.503,39.903],[141.499,39.905],[141.493,39.905],[141.49,39.904],[141.485,39.9],[141.482,39.896],[141.482,39.892],[141.487,39.892],[141.488,39.886],[141.484,39.883],[141.492,39.882],[141.499,39.878],[141.506,39.879],[141.506,39.875],[141.507,39.871],[141.507,39.864],[141.504,39.856],[141.507,39.85],[141.512,39.846],[141.513,39.843],[141.514,39.84],[141.517,39.836],[141.518,39.831],[141.518,39.827],[141.521,39.822],[141.523,39.817],[141.527,39.813],[141.524,39.808],[141.516,39.809],[141.512,39.808],[141.507,39.808],[141.503,39.81],[141.498,39.808],[141.5,39.805],[141.501,39.801],[141.5,39.798],[141.499,39.794],[141.495,39.793],[141.49,39.791],[141.488,39.784],[141.487,39.78],[141.485,39.777],[141.478,39.776],[141.478,39.772],[141.476,39.767],[141.471,39.765],[141.46,39.767],[141.456,39.766],[141.452,39.767],[141.446,39.765],[141.441,39.761],[141.435,39.758],[141.43,39.757],[141.425,39.758],[141.422,39.756],[141.418,39.757],[141.41,39.76],[141.408,39.757],[141.404,39.755],[141.402,39.751],[141.397,39.747],[141.402,39.743],[141.401,39.737],[141.397,39.735],[141.395,39.729],[141.398,39.726],[141.4,39.72],[141.396,39.717],[141.396,39.714],[141.395,39.709],[141.4,39.706],[141.405,39.703],[141.409,39.703],[141.409,39.696],[141.409,39.692]]]]}},{"type":"Feature","properties":{"name":"大船渡市","code":"03203"},"geometry":{"type":"MultiPolygon","coordinates":[[[[141.728,39.203],[141.723,39.202],[141.718,39.2],[141.713,39.195],[141.71,39.19],[141.704,39.188],[141.697,39.185],[141.692,39.184],[141.687,39.183],[141.683,39.182],[141.681,39.177],[141.672,39.176],[141.664,39.174],[141.658,39.177],[141.654,39.177],[141.649,39.178],[141.648,39.174],[141.642,39.173],[141.638,39.168],[141.643,39.165],[141.643,39.161],[141.639,39.157],[141.633,39.154],[141.632,39.149],[141.631,39.145],[141.631,39.139],[141.625,39.136],[141.623,39.132],[141.619,39.129],[141.62,39.126],[141.617,39.121],[141.617,39.115],[141.623,39.114],[141.626,39.108],[141.625,39.103],[141.624,39.098],[141.628,39.096],[141.631,39.094],[141.63,39.09],[141.63,39.087],[141.63,39.083],[141.633,39.079],[141.638,39.077],[141.641,39.073],[141.645,39.065],[141.647,39.061],[141.65,39.058],[141.655,39.055],[141.658,39.056],[141.661,39.059],[141.664,39.065],[141.67,39.068],[141.673,39.068],[141.677,39.068],[141.682,39.067],[141.685,39.063],[141.68,39.06],[141.679,39.056],[141.681,39.053],[141.68,39.05],[141.682,39.044],[141.683,39.04],[141.685,39.034],[141.688,39.029],[141.688,39.024],[141.689,39.019],[141.693,39.015],[141.697,39.011],[141.699,39.006],[141.702,39.0],[141.705,38.996],[141.708,38.993],[141.711,38.99],[141.714,38.987],[141.712,38.991],[141.711,38.996],[141.717,38.998],[141.72,38.997],[141.724,38.991],[141.727,38.991],[141.731,38.99],[141.735,38.988],[141.739,38.989],[141.743,38.989],[141.742,38.994],[141.741,38.999],[141.738,39.001],[141.738,39.004],[141.733,39.01],[141.732,39.013],[141.728,39.014],[141.723,39.019],[141.721,39.016],[141.718,39.017],[141.715,39.017],[141.717,39.02],[141.712,39.022],[141.71,39.025],[141.714,39.028],[141.716,39.032],[141.722,39.037],[141.725,39.041],[141.724,39.045],[141.723,39.049],[141.723,39.056],[141.726,39.061],[141.722,39.065],[141.728,39.067],[141.73,39.071],[141.734,39.068],[141.738,39.065],[141.737,39.061],[141.733,39.053],[141.739,39.055],[141.741,39.051],[141.736,39.049],[141.734,39.045],[141.736,39.041],[141.737,39.035],[141.732,39.034],[141.737,39.032],[141.732,39.028],[141.728,39.028],[141.729,39.025],[141.733,39.023],[141.739,39.023],[141.743,39.025],[141.746,39.024],[141.75,39.02],[141.753,39.021],[141.761,39.019],[141.764,39.022],[141.764,39.025],[141.766,39.029],[141.768,39.034],[141.774,39.031],[141.78,39.028],[141.783,39.029],[141.784,39.032],[141.787,39.034],[141.791,39.036],[141.794,39.041],[141.798,39.041],[141.795,39.035],[141.794,39.032],[141.796,39.028],[141.8,39.024],[141.805,39.027],[141.81,39.026],[141.816,39.024],[141.825,39.027],[141.829,39.025],[141.832,39.025],[141.835,39.025],[141.839,39.026],[141.844,39.026],[141.847,39.026],[141.853,39.029],[141.85,39.031],[141.849,39.036],[141.846,39.038],[141.842,39.04],[141.837,39.042],[141.829,39.045],[141.823,39.047],[141.819,39.049],[141.816,39.052],[141.814,39.057],[141.819,39.06],[141.822,39.059],[141.826,39.06],[141.833,39.059],[141.839,39.061],[141.842,39.06],[141.846,39.06],[141.851,39.059],[141.856,39.061],[141.859,39.062],[141.864,39.061],[141.867,39.062],[141.871,39.063],[141.875,39.063],[141.871,39.066],[141.871,39.069],[141.868,39.072],[141.863,39.071],[141.86,39.072],[141.856,39.072],[141.85,39.073],[141.844,39.076],[141.841,39.076],[141.837,39.074],[141.832,39.075],[141.825,39.075],[141.821,39.077],[141.821,39.081],[141.823,39.084],[141.818,39.087],[141.813,39.086],[141.809,39.09],[141.81,39.093],[141.815,39.095],[141.812,39.099],[141.811,39.104],[141.814,39.105],[141.811,39.112],[141.816,39.115],[141.821,39.114],[141.824,39.112],[141.83,39.109],[141.833,39.106],[141.839,39.104],[141.842,39.104],[141.848,39.104],[141.852,39.105],[141.858,39.105],[141.861,39.102],[141.863,39.097],[141.867,39.097],[141.87,39.097],[141.874,39.094],[141.878,39.093],[141.878,39.088],[141.88,39.084],[141.883,39.088],[141.887,39.09],[141.892,39.093],[141.894,39.097],[141.899,39.098],[141.904,39.102],[141.91,39.103],[141.915,39.104],[141.918,39.105],[141.913,39.108],[141.908,39.109],[141.906,39.113],[141.905,39.117],[141.902,39.117],[141.898,39.12],[141.893,39.118],[141.89,39.117],[141.886,39.115],[141.876,39.117],[141.872,39.118],[141.87,39.122],[141.871,39.125],[141.872,39.13],[141.864,39.133],[141.857,39.135],[141.852,39.136],[141.848,39.141],[141.841,39.144],[141.837,39.145],[141.84,39.149],[141.842,39.153],[141.846,39.155],[141.85,39.157],[141.855,39.158],[141.861,39.157],[141.866,39.153],[141.869,39.154],[141.873,39.154],[141.878,39.156],[141.883,39.155],[141.887,39.156],[141.892,39.159],[141.897,39.161],[141.898,39.164],[141.908,39.17],[141.915,39.172],[141.922,39.177],[141.921,39.181],[141.916,39.179],[141.91,39.179],[141.906,39.177],[141.9,39.173],[141.895,39.171],[141.884,39.168],[141.88,39.168],[141.876,39.17],[141.871,39.17],[141.866,39.17],[141.86,39.175],[141.856,39.176],[141.848,39.175],[141.843,39.176],[141.838,39.177],[141.834,39.177],[141.83,39.18],[141.825,39.178],[141.82,39.176],[141.816,39.176],[141.811,39.176],[141.808,39.179],[141.805,39.177],[141.799,39.178],[141.795,39.177],[141.791,39.18],[141.785,39.181],[141.782,39.18],[141.778,39.179],[141.774,39.179],[141.77,39.179],[141.764,39.179],[141.759,39.178],[141.754,39.176],[141.746,39.174],[141.742,39.178],[141.739,39.183],[141.736,39.184],[141.731,39.188],[141.729,39.192],[141.73,39.196],[141.727,39.199],[141.728,39.203]]]]}},{"type":"Feature","properties":{"name":"下閉伊郡田野畑村","code":"03484"},"geometry":{"type":"MultiPolygon","coordinates":[[[[141.96,39.887],[141.955,39.891],[141.953,39.895],[141.951,39.901],[141.95,39.905],[141.95,39.908],[141.945,39.915],[141.942,39.916],[141.94,39.92],[141.941,39.924],[141.94,39.927],[141.942,39.931],[141.939,39.931],[141.942,39.935],[141.94,39.939],[141.943,39.94],[141.943,39.944],[141.949,39.946],[141.955,39.946],[141.96,39.945],[141.958,39.949],[141.962,39.952],[141.957,39.954],[141.958,39.958],[141.956,39.962],[141.955,39.967],[141.954,39.971],[141.955,39.978],[141.955,39.982],[141.953,39.987],[141.95,39.99],[141.946,39.988],[141.937,39.987],[141.934,39.985],[141.932,39.979],[141.928,39.977],[141.922,39.974],[141.916,39.977],[141.908,39.976],[141.905,39.976],[141.9,39.974],[141.895,39.971],[141.893,39.967],[141.888,39.968],[141.885,39.966],[141.881,39.963],[141.877,39.962],[141.874,39.967],[141.874,39.97],[141.872,39.974],[141.871,39.977],[141.868,39.979],[141.861,39.977],[141.856,39.976],[141.852,39.975],[141.849,39.972],[141.846,39.974],[141.842,39.976],[141.838,39.972],[141.831,39.973],[141.823,39.973],[141.819,39.975],[141.814,39.975],[141.807,39.976],[141.803,39.977],[141.799,39.977],[141.796,39.973],[141.796,39.968],[141.794,39.965],[141.793,39.958],[141.791,39.954],[141.789,39.951],[141.784,39.948],[141.782,39.943],[141.787,39.939],[141.785,39.932],[141.781,39.928],[141.78,39.923],[141.779,39.918],[141.778,39.915],[141.777,39.911],[141.776,39.905],[141.771,39.9],[141.774,39.896],[141.78,39.893],[141.787,39.894],[141.793,39.896],[141.798,39.896],[141.802,39.897],[141.805,39.898],[141.807,39.895],[141.811,39.894],[141.814,39.897],[141.815,39.9],[141.819,39.901],[141.823,39.901],[141.828,39.901],[141.83,39.898],[141.829,39.894],[141.83,39.89],[141.831,39.885],[141.837,39.879],[141.842,39.878],[141.842,39.873],[141.847,39.872],[141.851,39.87],[141.857,39.868],[141.86,39.868],[141.864,39.867],[141.868,39.867],[141.871,39.863],[141.878,39.86],[141.881,39.862],[141.888,39.863],[141.882,39.865],[141.882,39.869],[141.881,39.873],[141.885,39.87],[141.888,39.866],[141.892,39.864],[141.892,39.858],[141.896,39.857],[141.9,39.859],[141.904,39.859],[141.908,39.859],[141.912,39.861],[141.917,39.861],[141.918,39.864],[141.924,39.868],[141.928,39.87],[141.933,39.874],[141.941,39.879],[141.945,39.882],[141.951,39.883],[141.957,39.886]]]]}},{"type":"Feature","properties":{"name":"下閉伊郡普代村","code":"03485"},"geometry":{"type":"MultiPolygon","coordinates":[[[[141.799,39.977],[141.803,39.977],[141.807,39.976],[141.813,39.976],[141.819,39.975],[141.823,39.973],[141.829,39.972],[141.835,39.972],[141.841,39.974],[141.846,39.976],[141.849,39.972],[141.852,39.975],[141.856,39.976],[141.861,39.977],[141.868,39.979],[141.871,39.98],[141.872,39.976],[141.874,39.97],[141.874,39.967],[141.877,39.962],[141.881,39.962],[141.883,39.965],[141.887,39.968],[141.891,39.966],[141.895,39.971],[141.9,39.974],[141.905,39.976],[141.908,39.976],[141.916,39.977],[141.919,39.976],[141.925,39.975],[141.929,39.978],[141.931,39.982],[141.937,39.987],[141.943,39.988],[141.948,39.989],[141.947,39.993],[141.945,39.997],[141.94,39.999],[141.938,40.006],[141.935,40.01],[141.931,40.01],[141.927,40.009],[141.924,40.008],[141.916,40.008],[141.913,40.009],[141.91,40.011],[141.905,40.011],[141.902,40.015],[141.899,40.017],[141.897,40.022],[141.896,40.025],[141.892,40.029],[141.887,40.031],[141.885,40.036],[141.883,40.039],[141.879,40.046],[141.875,40.049],[141.871,40.048],[141.869,40.053],[141.866,40.052],[141.86,40.053],[141.856,40.054],[141.852,40.053],[141.849,40.051],[141.844,40.046],[141.84,40.041],[141.843,40.038],[141.841,40.032],[141.839,40.028],[141.835,40.021],[141.832,40.019],[141.828,40.018],[141.824,40.018],[141.82,40.018],[141.816,40.016],[141.812,40.013],[141.802,40.008],[141.797,40.005],[141.794,39.999],[141.794,39.994],[141.799,39.991],[141.801,39.988],[141.8,39.982],[141.799,39.977]]]]}},{"type":"Feature","properties":{"name":"花巻市","code":"03205"},"geometry":{"type":"MultiPolygon","coordinates":[[[[141.305,39.572],[141.302,39.571],[141.295,39.567],[141.295,39.564],[141.298,39.56],[141.293,39.56],[141.288,39.554],[141.287,39.551],[141.286,39.544],[141.287,39.541],[141.288,39.536],[141.29,39.533],[141.289,39.529],[141.284,39.525],[141.285,39.521],[141.287,39.517],[141.292,39.516],[141.296,39.509],[141.292,39.507],[141.288,39.504],[141.287,39.499],[141.288,39.495],[141.283,39.491],[141.282,39.486],[141.278,39.483],[141.274,39.483],[141.27,39.484],[141.265,39.483],[141.261,39.487],[141.26,39.49],[141.257,39.49],[141.252,39.488],[141.249,39.487],[141.243,39.488],[141.237,39.487],[141.234,39.487],[141.23,39.486],[141.225,39.487],[141.22,39.488],[141.216,39.49],[141.212,39.49],[141.209,39.492],[141.205,39.493],[141.196,39.499],[141.192,39.5],[141.186,39.503],[141.18,39.505],[141.174,39.505],[141.171,39.505],[141.168,39.506],[141.169,39.509],[141.164,39.509],[141.156,39.508],[141.151,39.509],[141.147,39.511],[141.143,39.511],[141.136,39.511],[141.118,39.509],[141.112,39.507],[141.107,39.507],[141.103,39.508],[141.098,39.51],[141.095,39.514],[141.091,39.516],[141.086,39.515],[141.082,39.521],[141.078,39.525],[141.082,39.528],[141.077,39.529],[141.074,39.527],[141.071,39.524],[141.066,39.523],[141.06,39.525],[141.055,39.528],[141.052,39.527],[141.046,39.527],[141.042,39.527],[141.037,39.526],[141.033,39.528],[141.026,39.525],[141.023,39.526],[141.019,39.527],[141.015,39.529],[141.011,39.529],[141.01,39.534],[141.006,39.537],[141.0,39.538],[140.994,39.54],[140.991,39.539],[140.988,39.543],[140.982,39.542],[140.979,39.542],[140.976,39.544],[140.972,39.546],[140.969,39.545],[140.968,39.542],[140.964,39.541],[140.961,39.537],[140.959,39.533],[140.956,39.532],[140.952,39.532],[140.946,39.532],[140.943,39.535],[140.938,39.536],[140.935,39.538],[140.927,39.539],[140.926,39.542],[140.923,39.544],[140.918,39.543],[140.915,39.541],[140.91,39.54],[140.904,39.537],[140.9,39.533],[140.896,39.534],[140.893,39.533],[140.892,39.529],[140.889,39.527],[140.886,39.523],[140.883,39.52],[140.886,39.514],[140.887,39.511],[140.886,39.508],[140.881,39.504],[140.879,39.501],[140.883,39.496],[140.88,39.492],[140.884,39.489],[140.885,39.486],[140.885,39.482],[140.888,39.478],[140.887,39.475],[140.89,39.473],[140.895,39.471],[140.901,39.468],[140.905,39.467],[140.905,39.463],[140.901,39.459],[140.899,39.455],[140.901,39.451],[140.901,39.446],[140.903,39.442],[140.905,39.438],[140.906,39.435],[140.91,39.432],[140.909,39.427],[140.911,39.42],[140.906,39.417],[140.903,39.414],[140.902,39.41],[140.902,39.406],[140.906,39.401],[140.908,39.398],[140.91,39.395],[140.908,39.391],[140.907,39.386],[140.912,39.383],[140.911,39.378],[140.912,39.373],[140.913,39.37],[140.915,39.367],[140.921,39.365],[140.927,39.363],[140.929,39.36],[140.935,39.359],[140.939,39.359],[140.943,39.362],[140.949,39.362],[140.956,39.36],[140.959,39.36],[140.966,39.356],[140.97,39.356],[140.973,39.359],[140.977,39.356],[140.981,39.352],[140.987,39.35],[140.995,39.346],[141.004,39.345],[141.009,39.342],[141.012,39.342],[141.017,39.343],[141.021,39.342],[141.026,39.339],[141.036,39.339],[141.041,39.336],[141.046,39.335],[141.052,39.33],[141.056,39.328],[141.061,39.326],[141.06,39.33],[141.059,39.335],[141.055,39.338],[141.058,39.343],[141.061,39.345],[141.07,39.347],[141.07,39.351],[141.074,39.35],[141.076,39.355],[141.081,39.354],[141.081,39.358],[141.087,39.359],[141.092,39.363],[141.098,39.358],[141.103,39.358],[141.111,39.355],[141.116,39.351],[141.122,39.351],[141.126,39.351],[141.13,39.351],[141.142,39.35],[141.144,39.353],[141.149,39.353],[141.152,39.353],[141.156,39.353],[141.16,39.354],[141.166,39.354],[141.167,39.358],[141.165,39.365],[141.163,39.368],[141.161,39.371],[141.168,39.373],[141.17,39.368],[141.169,39.362],[141.176,39.363],[141.178,39.366],[141.182,39.367],[141.178,39.362],[141.181,39.358],[141.182,39.354],[141.186,39.35],[141.189,39.347],[141.19,39.34],[141.188,39.337],[141.186,39.332],[141.189,39.327],[141.183,39.323],[141.181,39.319],[141.182,39.316],[141.186,39.317],[141.192,39.32],[141.198,39.318],[141.204,39.316],[141.209,39.31],[141.213,39.31],[141.219,39.309],[141.223,39.311],[141.227,39.312],[141.231,39.311],[141.234,39.311],[141.235,39.307],[141.239,39.309],[141.244,39.312],[141.247,39.313],[141.252,39.314],[141.257,39.314],[141.262,39.313],[141.268,39.315],[141.277,39.316],[141.283,39.317],[141.286,39.317],[141.293,39.318],[141.297,39.313],[141.298,39.309],[141.301,39.306],[141.303,39.301],[141.302,39.296],[141.305,39.295],[141.308,39.292],[141.304,39.286],[141.303,39.28],[141.303,39.277],[141.308,39.278],[141.32,39.283],[141.326,39.283],[141.329,39.279],[141.334,39.277],[141.333,39.272],[141.337,39.267],[141.341,39.264],[141.346,39.263],[141.352,39.262],[141.356,39.261],[141.361,39.263],[141.362,39.266],[141.367,39.269],[141.37,39.276],[141.37,39.28],[141.368,39.283],[141.365,39.287],[141.361,39.288],[141.352,39.291],[141.349,39.297],[141.347,39.302],[141.347,39.306],[141.349,39.31],[141.351,39.314],[141.347,39.314],[141.344,39.317],[141.339,39.322],[141.332,39.327],[141.33,39.334],[141.325,39.335],[141.324,39.343],[141.329,39.344],[141.332,39.346],[141.329,39.348],[141.328,39.352],[141.328,39.356],[141.323,39.357],[141.32,39.354],[141.314,39.354],[141.31,39.353],[141.308,39.358],[141.301,39.361],[141.3,39.366],[141.301,39.369],[141.301,39.373],[141.301,39.377],[141.302,39.383],[141.307,39.385],[141.307,39.39],[141.31,39.391],[141.314,39.395],[141.312,39.398],[141.31,39.402],[141.315,39.404],[141.317,39.409],[141.321,39.411],[141.322,39.416],[141.327,39.417],[141.331,39.419],[141.335,39.419],[141.342,39.417],[141.347,39.418],[141.35,39.42],[141.357,39.423],[141.361,39.427],[141.367,39.43],[141.374,39.43],[141.378,39.431],[141.381,39.431],[141.385,39.432],[141.387,39.436],[141.389,39.442],[141.392,39.446],[141.396,39.448],[141.399,39.449],[141.402,39.447],[141.406,39.451],[141.41,39.454],[141.415,39.453],[141.42,39.458],[141.425,39.463],[141.432,39.466],[141.436,39.465],[141.439,39.467],[141.437,39.473],[141.437,39.479],[141.436,39.483],[141.438,39.488],[141.436,39.491],[141.437,39.495],[141.439,39.5],[141.445,39.502],[141.445,39.508],[141.446,39.512],[141.449,39.519],[141.453,39.522],[141.457,39.524],[141.462,39.526],[141.468,39.529],[141.473,39.532],[141.476,39.532],[141.481,39.533],[141.487,39.533],[141.493,39.531],[141.496,39.53],[141.489,39.558],[141.483,39.558],[141.477,39.559],[141.473,39.559],[141.462,39.558],[141.459,39.558],[141.455,39.558],[141.451,39.558],[141.445,39.556],[141.44,39.556],[141.432,39.554],[141.429,39.555],[141.424,39.561],[141.42,39.564],[141.414,39.571],[141.41,39.575],[141.403,39.577],[141.4,39.577],[141.397,39.576],[141.39,39.576],[141.386,39.574],[141.38,39.574],[141.375,39.574],[141.371,39.576],[141.364,39.573],[141.358,39.571],[141.355,39.57],[141.35,39.568],[141.344,39.569],[141.337,39.567],[141.333,39.567],[141.325,39.571],[141.322,39.573],[141.319,39.575],[141.315,39.573],[141.309,39.572],[141.305,39.572]]]]}},{"type":"Feature","properties":{"name":"北上市","code":"03206"},"geometry":{"type":"MultiPolygon","coordinates":[[[[140.884,39.48],[140.88,39.481],[140.877,39.477],[140.873,39.471],[140.871,39.464],[140.87,39.46],[140.867,39.459],[140.866,39.455],[140.869,39.452],[140.866,39.448],[140.862,39.444],[140.856,39.439],[140.854,39.436],[140.85,39.432],[140.845,39.436],[140.844,39.439],[140.84,39.437],[140.836,39.435],[140.83,39.433],[140.825,39.432],[140.828,39.428],[140.826,39.425],[140.824,39.42],[140.818,39.419],[140.818,39.415],[140.819,39.411],[140.823,39.41],[140.826,39.404],[140.829,39.402],[140.837,39.403],[140.841,39.399],[140.845,39.395],[140.848,39.394],[140.845,39.391],[140.844,39.386],[140.845,39.382],[140.849,39.381],[140.852,39.378],[140.857,39.377],[140.859,39.373],[140.859,39.368],[140.861,39.364],[140.865,39.363],[140.87,39.36],[140.873,39.354],[140.874,39.35],[140.874,39.345],[140.874,39.337],[140.879,39.335],[140.883,39.332],[140.886,39.328],[140.888,39.324],[140.89,39.321],[140.892,39.317],[140.895,39.313],[140.895,39.31],[140.895,39.306],[140.891,39.304],[140.893,39.295],[140.893,39.291],[140.897,39.287],[140.897,39.283],[140.893,39.282],[140.891,39.278],[140.888,39.274],[140.885,39.27],[140.887,39.266],[140.882,39.265],[140.877,39.262],[140.879,39.259],[140.879,39.256],[140.877,39.253],[140.881,39.25],[140.885,39.248],[140.886,39.245],[140.89,39.242],[140.89,39.238],[140.887,39.232],[140.882,39.23],[140.88,39.227],[140.875,39.223],[140.869,39.219],[140.864,39.215],[140.861,39.213],[140.858,39.213],[140.855,39.21],[140.856,39.203],[140.859,39.202],[140.856,39.197],[140.854,39.192],[140.856,39.186],[140.856,39.183],[140.857,39.179],[140.863,39.176],[140.872,39.175],[140.879,39.176],[140.883,39.179],[140.886,39.18],[140.891,39.182],[140.893,39.186],[140.897,39.187],[140.902,39.192],[140.907,39.193],[140.911,39.195],[140.919,39.195],[140.919,39.201],[140.924,39.203],[140.926,39.206],[140.927,39.211],[140.928,39.214],[140.93,39.217],[140.934,39.219],[140.933,39.223],[140.936,39.225],[140.94,39.225],[140.943,39.23],[140.946,39.232],[140.951,39.231],[140.954,39.234],[140.957,39.233],[140.96,39.231],[140.963,39.233],[140.972,39.235],[140.975,39.235],[140.98,39.236],[140.985,39.236],[140.988,39.237],[140.994,39.237],[140.998,39.238],[141.005,39.242],[141.011,39.243],[141.032,39.255],[141.036,39.252],[141.04,39.25],[141.04,39.255],[141.043,39.256],[141.047,39.256],[141.05,39.258],[141.057,39.257],[141.052,39.255],[141.052,39.252],[141.06,39.251],[141.071,39.25],[141.074,39.249],[141.075,39.246],[141.074,39.242],[141.077,39.242],[141.08,39.239],[141.085,39.234],[141.089,39.231],[141.093,39.229],[141.096,39.229],[141.1,39.231],[141.104,39.23],[141.111,39.236],[141.116,39.236],[141.119,39.237],[141.128,39.239],[141.133,39.239],[141.143,39.242],[141.142,39.248],[141.145,39.252],[141.148,39.252],[141.149,39.255],[141.154,39.255],[141.16,39.253],[141.166,39.255],[141.167,39.258],[141.168,39.262],[141.169,39.267],[141.173,39.269],[141.178,39.27],[141.182,39.271],[141.188,39.272],[141.189,39.276],[141.194,39.276],[141.197,39.274],[141.2,39.273],[141.207,39.269],[141.211,39.265],[141.217,39.263],[141.224,39.262],[141.226,39.265],[141.23,39.267],[141.233,39.266],[141.237,39.267],[141.244,39.269],[141.248,39.27],[141.254,39.272],[141.25,39.277],[141.25,39.281],[141.247,39.286],[141.244,39.289],[141.241,39.291],[141.238,39.294],[141.241,39.298],[141.237,39.301],[141.237,39.306],[141.234,39.31],[141.231,39.311],[141.227,39.312],[141.223,39.311],[141.219,39.309],[141.215,39.307],[141.209,39.31],[141.206,39.313],[141.2,39.316],[141.194,39.319],[141.189,39.318],[141.185,39.316],[141.181,39.317],[141.182,39.323],[141.186,39.325],[141.187,39.33],[141.186,39.334],[141.189,39.338],[141.191,39.344],[141.187,39.347],[141.185,39.353],[141.181,39.356],[141.178,39.361],[141.181,39.364],[141.178,39.366],[141.176,39.363],[141.171,39.36],[141.169,39.366],[141.169,39.37],[141.164,39.373],[141.163,39.368],[141.165,39.365],[141.166,39.36],[141.167,39.357],[141.16,39.354],[141.157,39.351],[141.152,39.353],[141.149,39.353],[141.144,39.353],[141.142,39.35],[141.13,39.351],[141.126,39.351],[141.122,39.351],[141.116,39.351],[141.112,39.353],[141.103,39.358],[141.099,39.359],[141.093,39.361],[141.088,39.362],[141.082,39.361],[141.081,39.354],[141.076,39.355],[141.076,39.351],[141.07,39.351],[141.07,39.347],[141.063,39.346],[141.057,39.345],[141.057,39.34],[141.059,39.335],[141.06,39.33],[141.061,39.326],[141.056,39.328],[141.052,39.33],[141.048,39.333],[141.042,39.338],[141.038,39.338],[141.029,39.338],[141.021,39.342],[141.017,39.343],[141.012,39.342],[141.009,39.342],[141.004,39.345],[140.996,39.346],[140.989,39.349],[140.981,39.352],[140.979,39.355],[140.973,39.359],[140.97,39.356],[140.966,39.356],[140.96,39.358],[140.956,39.36],[140.949,39.362],[140.943,39.362],[140.939,39.359],[140.935,39.359],[140.929,39.36],[140.927,39.363],[140.923,39.365],[140.916,39.365],[140.913,39.37],[140.912,39.373],[140.911,39.378],[140.912,39.383],[140.907,39.386],[140.908,39.391],[140.91,39.395],[140.908,39.398],[140.906,39.401],[140.902,39.406],[140.903,39.409],[140.903,39.414],[140.906,39.417],[140.909,39.419],[140.909,39.424],[140.908,39.429],[140.908,39.434],[140.905,39.437],[140.904,39.441],[140.902,39.445],[140.902,39.449],[140.898,39.453],[140.901,39.459],[140.905,39.463],[140.907,39.466],[140.901,39.468],[140.898,39.469],[140.893,39.472],[140.888,39.472],[140.888,39.476],[140.884,39.48]]]]}},{"type":"Feature","properties":{"name":"久慈市","code":"03207"},"geometry":{"type":"MultiPolygon","coordinates":[[[[141.757,40.032],[141.758,40.036],[141.759,40.039],[141.76,40.045],[141.754,40.049],[141.75,40.051],[141.746,40.056],[141.742,40.059],[141.739,40.063],[141.739,40.069],[141.735,40.074],[141.734,40.079],[141.737,40.085],[141.739,40.089],[141.74,40.093],[141.745,40.096],[141.749,40.099],[141.753,40.101],[141.758,40.102],[141.761,40.107],[141.764,40.109],[141.767,40.112],[141.771,40.114],[141.772,40.111],[141.778,40.11],[141.781,40.11],[141.786,40.114],[141.79,40.119],[141.794,40.119],[141.8,40.117],[141.81,40.116],[141.814,40.117],[141.817,40.116],[141.816,40.119],[141.816,40.124],[141.817,40.129],[141.821,40.134],[141.828,40.135],[141.831,40.136],[141.838,40.133],[141.842,40.131],[141.845,40.133],[141.849,40.135],[141.852,40.134],[141.856,40.133],[141.863,40.132],[141.867,40.134],[141.87,40.135],[141.874,40.14],[141.876,40.143],[141.871,40.148],[141.869,40.152],[141.865,40.155],[141.862,40.158],[141.86,40.162],[141.855,40.167],[141.847,40.169],[141.841,40.172],[141.836,40.176],[141.833,40.178],[141.829,40.179],[141.823,40.18],[141.819,40.179],[141.815,40.182],[141.81,40.183],[141.807,40.183],[141.804,40.183],[141.799,40.19],[141.794,40.19],[141.794,40.195],[141.797,40.192],[141.8,40.191],[141.803,40.194],[141.802,40.197],[141.806,40.197],[141.801,40.199],[141.799,40.205],[141.801,40.209],[141.805,40.211],[141.807,40.215],[141.813,40.212],[141.811,40.216],[141.816,40.218],[141.82,40.221],[141.827,40.22],[141.831,40.221],[141.831,40.225],[141.83,40.228],[141.832,40.234],[141.83,40.238],[141.826,40.243],[141.823,40.246],[141.824,40.25],[141.821,40.254],[141.819,40.26],[141.82,40.263],[141.817,40.265],[141.816,40.269],[141.812,40.275],[141.809,40.278],[141.805,40.284],[141.803,40.287],[141.799,40.29],[141.798,40.294],[141.794,40.296],[141.789,40.296],[141.789,40.292],[141.786,40.291],[141.783,40.291],[141.779,40.285],[141.779,40.281],[141.775,40.28],[141.77,40.277],[141.764,40.275],[141.766,40.271],[141.761,40.273],[141.754,40.274],[141.749,40.273],[141.742,40.275],[141.739,40.273],[141.732,40.27],[141.734,40.267],[141.731,40.264],[141.728,40.258],[141.728,40.253],[141.726,40.25],[141.728,40.245],[141.724,40.244],[141.718,40.243],[141.708,40.242],[141.702,40.242],[141.699,40.241],[141.694,40.241],[141.688,40.242],[141.684,40.241],[141.677,40.24],[141.677,40.236],[141.682,40.229],[141.681,40.225],[141.687,40.218],[141.682,40.219],[141.676,40.218],[141.673,40.218],[141.669,40.218],[141.664,40.216],[141.66,40.216],[141.654,40.215],[141.648,40.215],[141.645,40.215],[141.64,40.216],[141.632,40.216],[141.626,40.218],[141.621,40.218],[141.617,40.219],[141.617,40.222],[141.613,40.224],[141.606,40.225],[141.603,40.225],[141.6,40.226],[141.597,40.227],[141.591,40.229],[141.586,40.232],[141.581,40.232],[141.575,40.229],[141.57,40.231],[141.566,40.232],[141.562,40.23],[141.559,40.231],[141.553,40.233],[141.547,40.233],[141.543,40.229],[141.539,40.23],[141.534,40.227],[141.528,40.231],[141.524,40.234],[141.521,40.232],[141.518,40.228],[141.517,40.223],[141.512,40.222],[141.507,40.221],[141.502,40.216],[141.502,40.211],[141.495,40.208],[141.493,40.204],[141.494,40.198],[141.493,40.193],[141.488,40.191],[141.482,40.189],[141.485,40.186],[141.486,40.182],[141.488,40.179],[141.484,40.175],[141.482,40.171],[141.479,40.168],[141.481,40.163],[141.477,40.16],[141.476,40.155],[141.476,40.15],[141.474,40.147],[141.47,40.143],[141.466,40.143],[141.463,40.138],[141.461,40.135],[141.457,40.136],[141.457,40.132],[141.461,40.123],[141.462,40.119],[141.464,40.112],[141.465,40.109],[141.469,40.106],[141.474,40.106],[141.48,40.104],[141.484,40.103],[141.484,40.099],[141.486,40.093],[141.486,40.089],[141.49,40.087],[141.493,40.084],[141.496,40.083],[141.497,40.079],[141.502,40.078],[141.506,40.08],[141.513,40.08],[141.518,40.079],[141.52,40.076],[141.523,40.075],[141.525,40.071],[141.526,40.065],[141.526,40.062],[141.525,40.056],[141.529,40.051],[141.533,40.047],[141.536,40.047],[141.54,40.048],[141.545,40.048],[141.55,40.047],[141.553,40.045],[141.557,40.045],[141.561,40.044],[141.568,40.047],[141.576,40.043],[141.579,40.041],[141.583,40.039],[141.587,40.035],[141.59,40.03],[141.594,40.028],[141.597,40.026],[141.603,40.026],[141.609,40.028],[141.612,40.029],[141.617,40.026],[141.623,40.028],[141.625,40.023],[141.63,40.021],[141.635,40.019],[141.641,40.02],[141.644,40.02],[141.649,40.014],[141.649,40.011],[141.655,40.009],[141.659,40.008],[141.663,40.011],[141.671,40.01],[141.676,40.015],[141.681,40.015],[141.684,40.017],[141.688,40.018],[141.691,40.018],[141.695,40.017],[141.697,40.012],[141.703,40.011],[141.71,40.012],[141.715,40.014],[141.72,40.012],[141.723,40.01],[141.727,40.012],[141.729,40.016],[141.734,40.017],[141.738,40.016],[141.739,40.022],[141.743,40.024],[141.746,40.028],[141.75,40.029],[141.754,40.031],[141.757,40.032]]]]}},{"type":"Feature","properties":{"name":"遠野市","code":"03208"},"geometry":{"type":"MultiPolygon","coordinates":[[[[141.489,39.558],[141.496,39.53],[141.493,39.531],[141.489,39.532],[141.481,39.533],[141.476,39.532],[141.473,39.532],[141.468,39.529],[141.462,39.526],[141.459,39.525],[141.455,39.523],[141.449,39.519],[141.445,39.513],[141.445,39.508],[141.446,39.505],[141.439,39.5],[141.437,39.495],[141.436,39.491],[141.438,39.488],[141.437,39.484],[141.434,39.481],[141.437,39.473],[141.44,39.468],[141.436,39.465],[141.432,39.466],[141.427,39.465],[141.42,39.46],[141.417,39.454],[141.411,39.454],[141.406,39.451],[141.402,39.447],[141.399,39.449],[141.396,39.448],[141.392,39.446],[141.388,39.444],[141.388,39.438],[141.386,39.434],[141.381,39.431],[141.378,39.431],[141.374,39.43],[141.367,39.43],[141.361,39.427],[141.357,39.423],[141.351,39.421],[141.347,39.418],[141.342,39.417],[141.338,39.417],[141.334,39.419],[141.328,39.418],[141.322,39.416],[141.321,39.411],[141.317,39.409],[141.317,39.406],[141.31,39.402],[141.312,39.398],[141.314,39.395],[141.31,39.391],[141.307,39.39],[141.307,39.385],[141.302,39.384],[141.302,39.38],[141.3,39.376],[141.3,39.372],[141.3,39.366],[141.3,39.362],[141.307,39.359],[141.308,39.354],[141.314,39.354],[141.318,39.354],[141.323,39.357],[141.328,39.356],[141.328,39.352],[141.326,39.349],[141.33,39.348],[141.329,39.344],[141.325,39.345],[141.324,39.337],[141.328,39.335],[141.332,39.33],[141.337,39.324],[141.343,39.32],[141.347,39.314],[141.351,39.314],[141.349,39.31],[141.347,39.306],[141.347,39.302],[141.347,39.298],[141.351,39.294],[141.358,39.288],[141.362,39.286],[141.366,39.285],[141.37,39.283],[141.371,39.278],[141.368,39.271],[141.362,39.268],[141.361,39.263],[141.357,39.26],[141.363,39.257],[141.366,39.255],[141.37,39.254],[141.374,39.253],[141.378,39.25],[141.383,39.247],[141.38,39.243],[141.382,39.239],[141.383,39.235],[141.386,39.231],[141.388,39.228],[141.398,39.216],[141.403,39.21],[141.405,39.204],[141.402,39.201],[141.407,39.202],[141.412,39.2],[141.417,39.197],[141.425,39.195],[141.434,39.195],[141.437,39.194],[141.441,39.192],[141.444,39.201],[141.452,39.199],[141.456,39.2],[141.462,39.205],[141.468,39.208],[141.472,39.209],[141.479,39.21],[141.476,39.215],[141.478,39.218],[141.481,39.221],[141.481,39.224],[141.482,39.228],[141.48,39.231],[141.478,39.234],[141.483,39.235],[141.486,39.236],[141.493,39.24],[141.496,39.24],[141.499,39.237],[141.503,39.234],[141.506,39.237],[141.51,39.237],[141.514,39.241],[141.516,39.246],[141.519,39.247],[141.524,39.245],[141.529,39.245],[141.533,39.245],[141.536,39.245],[141.541,39.243],[141.544,39.247],[141.547,39.25],[141.551,39.251],[141.557,39.253],[141.559,39.257],[141.562,39.26],[141.566,39.26],[141.57,39.26],[141.574,39.259],[141.58,39.254],[141.581,39.25],[141.586,39.25],[141.588,39.247],[141.592,39.245],[141.597,39.245],[141.601,39.248],[141.603,39.252],[141.611,39.252],[141.615,39.249],[141.619,39.25],[141.623,39.249],[141.628,39.247],[141.632,39.251],[141.635,39.252],[141.639,39.251],[141.643,39.25],[141.653,39.245],[141.659,39.243],[141.662,39.246],[141.662,39.251],[141.666,39.253],[141.672,39.253],[141.678,39.257],[141.684,39.259],[141.688,39.263],[141.691,39.266],[141.695,39.266],[141.699,39.271],[141.698,39.274],[141.697,39.277],[141.693,39.281],[141.692,39.286],[141.689,39.292],[141.684,39.293],[141.684,39.299],[141.685,39.302],[141.69,39.306],[141.691,39.309],[141.695,39.315],[141.689,39.316],[141.684,39.317],[141.676,39.316],[141.671,39.318],[141.666,39.318],[141.661,39.321],[141.666,39.325],[141.666,39.329],[141.665,39.332],[141.66,39.34],[141.66,39.346],[141.66,39.35],[141.654,39.355],[141.654,39.359],[141.656,39.362],[141.656,39.366],[141.655,39.369],[141.656,39.374],[141.661,39.376],[141.662,39.381],[141.663,39.384],[141.664,39.389],[141.663,39.392],[141.669,39.396],[141.671,39.4],[141.667,39.401],[141.67,39.405],[141.678,39.406],[141.681,39.406],[141.685,39.407],[141.689,39.411],[141.699,39.411],[141.704,39.41],[141.708,39.407],[141.715,39.407],[141.72,39.406],[141.723,39.408],[141.728,39.409],[141.732,39.408],[141.738,39.41],[141.742,39.411],[141.744,39.415],[141.743,39.42],[141.742,39.423],[141.736,39.424],[141.733,39.426],[141.729,39.427],[141.724,39.426],[141.721,39.428],[141.723,39.431],[141.722,39.437],[141.72,39.444],[141.714,39.445],[141.709,39.445],[141.704,39.444],[141.698,39.443],[141.695,39.444],[141.691,39.443],[141.688,39.44],[141.681,39.439],[141.678,39.442],[141.675,39.444],[141.669,39.446],[141.663,39.45],[141.659,39.456],[141.655,39.456],[141.651,39.452],[141.647,39.453],[141.643,39.455],[141.637,39.455],[141.632,39.457],[141.63,39.462],[141.629,39.467],[141.625,39.469],[141.622,39.472],[141.617,39.473],[141.614,39.477],[141.609,39.481],[141.611,39.489],[141.607,39.489],[141.601,39.488],[141.598,39.488],[141.597,39.493],[141.593,39.498],[141.59,39.498],[141.584,39.504],[141.58,39.506],[141.577,39.509],[141.575,39.513],[141.572,39.514],[141.567,39.514],[141.559,39.521],[141.552,39.523],[141.552,39.526],[141.549,39.525],[141.544,39.525],[141.538,39.524],[141.535,39.525],[141.529,39.524],[141.523,39.525],[141.519,39.526],[141.511,39.532],[141.504,39.535],[141.501,39.536],[141.496,39.541],[141.497,39.544],[141.494,39.548],[141.493,39.553],[141.493,39.556],[141.489,39.558]]]]}},{"type":"Feature","properties":{"name":"一関市","code":"03209"},"geometry":{"type":"MultiPolygon","coordinates":[[[[141.463,39.102],[141.458,39.103],[141.455,39.104],[141.451,39.107],[141.447,39.106],[141.443,39.108],[141.439,39.11],[141.434,39.111],[141.425,39.109],[141.421,39.109],[141.414,39.107],[141.41,39.112],[141.408,39.116],[141.406,39.119],[141.409,39.122],[141.41,39.125],[141.41,39.129],[141.407,39.134],[141.402,39.139],[141.397,39.138],[141.393,39.141],[141.39,39.145],[141.39,39.148],[141.394,39.152],[141.394,39.155],[141.392,39.158],[141.385,39.162],[141.383,39.158],[141.38,39.155],[141.378,39.152],[141.375,39.15],[141.372,39.149],[141.368,39.149],[141.365,39.151],[141.361,39.149],[141.356,39.147],[141.354,39.143],[141.353,39.139],[141.357,39.135],[141.356,39.131],[141.351,39.131],[141.344,39.134],[141.34,39.139],[141.335,39.138],[141.331,39.136],[141.327,39.132],[141.319,39.132],[141.316,39.131],[141.312,39.133],[141.305,39.132],[141.303,39.126],[141.304,39.122],[141.302,39.119],[141.305,39.117],[141.305,39.113],[141.304,39.108],[141.303,39.102],[141.307,39.096],[141.309,39.092],[141.313,39.087],[141.314,39.083],[141.31,39.083],[141.304,39.083],[141.297,39.084],[141.291,39.086],[141.287,39.09],[141.284,39.09],[141.278,39.09],[141.273,39.091],[141.269,39.091],[141.267,39.088],[141.262,39.085],[141.26,39.081],[141.256,39.082],[141.253,39.082],[141.252,39.077],[141.251,39.071],[141.243,39.071],[141.241,39.066],[141.238,39.063],[141.232,39.062],[141.229,39.062],[141.224,39.058],[141.218,39.059],[141.215,39.057],[141.213,39.053],[141.21,39.053],[141.207,39.049],[141.205,39.045],[141.207,39.04],[141.2,39.04],[141.202,39.036],[141.204,39.032],[141.2,39.031],[141.195,39.03],[141.187,39.028],[141.184,39.027],[141.184,39.024],[141.182,39.02],[141.178,39.018],[141.181,39.015],[141.184,39.012],[141.186,39.009],[141.188,39.004],[141.192,39.0],[141.189,38.998],[141.186,38.995],[141.184,38.986],[141.179,38.987],[141.174,38.985],[141.169,38.984],[141.166,38.985],[141.163,38.984],[141.158,38.98],[141.155,38.976],[141.151,38.977],[141.149,38.98],[141.14,38.978],[141.138,38.974],[141.135,38.973],[141.131,38.97],[141.127,38.968],[141.128,38.964],[141.131,38.959],[141.123,38.957],[141.117,38.954],[141.111,38.95],[141.107,38.951],[141.109,38.957],[141.112,38.959],[141.113,38.963],[141.112,38.967],[141.107,38.968],[141.103,38.965],[141.098,38.968],[141.092,38.967],[141.088,38.965],[141.085,38.963],[141.079,38.963],[141.076,38.962],[141.073,38.961],[141.069,38.963],[141.065,38.964],[141.062,38.959],[141.057,38.963],[141.052,38.967],[141.046,38.968],[141.041,38.968],[141.036,38.968],[141.029,38.968],[141.023,38.972],[141.016,38.973],[141.014,38.976],[141.013,38.98],[141.009,38.981],[141.006,38.985],[141.002,38.988],[140.997,38.987],[140.994,38.988],[140.991,38.988],[140.988,38.991],[140.984,38.997],[140.98,38.998],[140.972,38.995],[140.963,38.997],[140.958,38.997],[140.952,38.994],[140.948,38.993],[140.945,38.993],[140.94,38.993],[140.932,38.991],[140.928,38.992],[140.924,38.994],[140.92,38.995],[140.919,38.999],[140.917,39.005],[140.917,39.01],[140.917,39.014],[140.916,39.017],[140.912,39.022],[140.908,39.024],[140.908,39.028],[140.907,39.032],[140.907,39.037],[140.901,39.042],[140.901,39.046],[140.897,39.047],[140.893,39.049],[140.889,39.047],[140.884,39.045],[140.879,39.045],[140.87,39.043],[140.865,39.047],[140.861,39.044],[140.862,39.039],[140.858,39.039],[140.854,39.036],[140.848,39.029],[140.843,39.026],[140.843,39.021],[140.839,39.021],[140.835,39.022],[140.831,39.023],[140.825,39.02],[140.818,39.019],[140.815,39.017],[140.809,39.014],[140.806,39.014],[140.802,39.016],[140.797,39.016],[140.792,39.015],[140.788,39.017],[140.783,39.016],[140.78,39.014],[140.779,39.008],[140.774,39.005],[140.769,39.003],[140.764,39.0],[140.765,38.997],[140.768,38.995],[140.764,38.989],[140.764,38.986],[140.768,38.983],[140.769,38.979],[140.774,38.973],[140.775,38.969],[140.772,38.964],[140.774,38.958],[140.782,38.958],[140.787,38.961],[140.791,38.962],[140.794,38.964],[140.799,38.963],[140.805,38.963],[140.81,38.963],[140.813,38.964],[140.819,38.964],[140.824,38.964],[140.829,38.962],[140.834,38.958],[140.838,38.955],[140.841,38.951],[140.849,38.947],[140.856,38.943],[140.862,38.942],[140.866,38.94],[140.872,38.935],[140.874,38.932],[140.881,38.93],[140.885,38.927],[140.893,38.927],[140.898,38.928],[140.903,38.929],[140.907,38.928],[140.91,38.927],[140.912,38.924],[140.913,38.921],[140.916,38.916],[140.92,38.916],[140.925,38.921],[140.928,38.921],[140.931,38.92],[140.934,38.916],[140.938,38.915],[140.943,38.915],[140.946,38.912],[140.949,38.911],[140.955,38.909],[140.962,38.906],[140.962,38.902],[140.967,38.9],[140.97,38.895],[140.973,38.89],[140.972,38.887],[140.975,38.886],[140.98,38.884],[140.984,38.88],[140.984,38.876],[140.987,38.875],[140.994,38.877],[140.995,38.88],[140.999,38.881],[141.002,38.881],[141.006,38.879],[141.01,38.882],[141.013,38.881],[141.016,38.884],[141.021,38.886],[141.022,38.883],[141.025,38.883],[141.03,38.883],[141.033,38.88],[141.037,38.877],[141.04,38.877],[141.044,38.877],[141.048,38.881],[141.052,38.883],[141.058,38.882],[141.061,38.884],[141.065,38.882],[141.069,38.881],[141.073,38.88],[141.079,38.881],[141.085,38.884],[141.089,38.884],[141.092,38.887],[141.095,38.886],[141.099,38.885],[141.102,38.885],[141.102,38.881],[141.108,38.878],[141.111,38.879],[141.116,38.879],[141.12,38.88],[141.124,38.88],[141.128,38.88],[141.133,38.878],[141.139,38.877],[141.141,38.874],[141.144,38.87],[141.146,38.867],[141.147,38.863],[141.147,38.86],[141.147,38.856],[141.14,38.851],[141.133,38.845],[141.13,38.84],[141.125,38.837],[141.12,38.835],[141.117,38.836],[141.113,38.838],[141.109,38.837],[141.106,38.838],[141.103,38.833],[141.104,38.828],[141.105,38.823],[141.109,38.825],[141.114,38.823],[141.118,38.825],[141.124,38.825],[141.126,38.822],[141.124,38.817],[141.128,38.816],[141.13,38.813],[141.136,38.813],[141.14,38.814],[141.141,38.809],[141.141,38.804],[141.141,38.8],[141.141,38.796],[141.139,38.791],[141.148,38.784],[141.152,38.785],[141.159,38.783],[141.164,38.782],[141.167,38.778],[141.171,38.779],[141.176,38.781],[141.181,38.785],[141.185,38.781],[141.19,38.778],[141.196,38.777],[141.201,38.771],[141.206,38.769],[141.208,38.765],[141.207,38.762],[141.207,38.758],[141.209,38.754],[141.215,38.751],[141.223,38.749],[141.233,38.748],[141.237,38.749],[141.229,38.752],[141.235,38.756],[141.242,38.756],[141.248,38.758],[141.253,38.761],[141.257,38.761],[141.257,38.765],[141.256,38.771],[141.258,38.774],[141.261,38.778],[141.263,38.782],[141.263,38.786],[141.267,38.787],[141.269,38.793],[141.272,38.797],[141.278,38.794],[141.282,38.794],[141.284,38.797],[141.293,38.795],[141.298,38.793],[141.302,38.793],[141.304,38.798],[141.304,38.802],[141.303,38.805],[141.307,38.809],[141.308,38.814],[141.307,38.819],[141.309,38.822],[141.312,38.822],[141.317,38.823],[141.32,38.819],[141.324,38.817],[141.328,38.814],[141.333,38.811],[141.335,38.807],[141.339,38.806],[141.344,38.809],[141.348,38.81],[141.353,38.812],[141.358,38.811],[141.362,38.808],[141.366,38.809],[141.371,38.807],[141.372,38.804],[141.376,38.801],[141.378,38.797],[141.383,38.798],[141.387,38.8],[141.394,38.8],[141.397,38.795],[141.397,38.791],[141.401,38.789],[141.404,38.789],[141.411,38.786],[141.415,38.786],[141.416,38.78],[141.413,38.775],[141.411,38.771],[141.41,38.768],[141.415,38.768],[141.421,38.771],[141.423,38.775],[141.421,38.778],[141.425,38.781],[141.43,38.781],[141.435,38.783],[141.44,38.786],[141.436,38.787],[141.434,38.79],[141.433,38.794],[141.435,38.799],[141.436,38.806],[141.431,38.807],[141.429,38.811],[141.433,38.811],[141.437,38.813],[141.441,38.811],[141.446,38.81],[141.452,38.812],[141.457,38.812],[141.455,38.816],[141.455,38.821],[141.454,38.825],[141.452,38.828],[141.452,38.831],[141.45,38.837],[141.453,38.843],[141.455,38.847],[141.459,38.851],[141.464,38.853],[141.466,38.857],[141.456,38.86],[141.453,38.863],[141.453,38.867],[141.452,38.87],[141.451,38.875],[141.454,38.879],[141.459,38.882],[141.466,38.885],[141.465,38.891],[141.467,38.895],[141.471,38.895],[141.476,38.899],[141.48,38.902],[141.485,38.905],[141.489,38.907],[141.49,38.911],[141.492,38.915],[141.491,38.919],[141.49,38.924],[141.488,38.928],[141.486,38.932],[141.486,38.936],[141.49,38.943],[141.492,38.949],[141.494,38.955],[141.49,38.957],[141.489,38.961],[141.489,38.968],[141.485,38.976],[141.482,38.979],[141.479,38.983],[141.476,38.984],[141.47,38.986],[141.467,38.987],[141.465,38.991],[141.469,38.993],[141.471,38.997],[141.468,39.001],[141.468,39.005],[141.472,39.007],[141.473,39.01],[141.473,39.013],[141.471,39.019],[141.466,39.024],[141.463,39.029],[141.462,39.035],[141.46,39.038],[141.461,39.043],[141.465,39.045],[141.467,39.048],[141.469,39.052],[141.476,39.053],[141.48,39.056],[141.48,39.059],[141.478,39.064],[141.479,39.07],[141.48,39.075],[141.481,39.081],[141.475,39.087],[141.471,39.089],[141.466,39.092],[141.463,39.095],[141.464,39.099]]]]}},{"type":"Feature","properties":{"name":"陸前高田市","code":"03210"},"geometry":{"type":"MultiPolygon","coordinates":[[[[141.626,39.112],[141.622,39.112],[141.615,39.11],[141.608,39.106],[141.603,39.104],[141.599,39.102],[141.594,39.103],[141.591,39.102],[141.586,39.104],[141.582,39.108],[141.58,39.111],[141.574,39.11],[141.569,39.111],[141.559,39.112],[141.559,39.108],[141.557,39.105],[141.554,39.101],[141.548,39.096],[141.544,39.097],[141.539,39.101],[141.534,39.103],[141.528,39.103],[141.528,39.1],[141.525,39.095],[141.519,39.099],[141.516,39.106],[141.517,39.109],[141.509,39.114],[141.504,39.113],[141.499,39.111],[141.494,39.11],[141.49,39.113],[141.484,39.115],[141.48,39.12],[141.476,39.125],[141.467,39.125],[141.466,39.121],[141.468,39.117],[141.467,39.113],[141.468,39.109],[141.464,39.106],[141.463,39.102],[141.463,39.098],[141.464,39.094],[141.47,39.09],[141.475,39.087],[141.479,39.083],[141.483,39.076],[141.479,39.07],[141.478,39.064],[141.48,39.059],[141.48,39.056],[141.476,39.053],[141.472,39.053],[141.467,39.05],[141.465,39.045],[141.461,39.043],[141.46,39.038],[141.462,39.035],[141.462,39.031],[141.466,39.026],[141.47,39.02],[141.471,39.016],[141.474,39.012],[141.472,39.008],[141.468,39.005],[141.468,39.001],[141.471,38.997],[141.469,38.993],[141.464,38.992],[141.467,38.987],[141.47,38.988],[141.474,38.984],[141.479,38.983],[141.482,38.979],[141.485,38.983],[141.484,38.986],[141.486,38.99],[141.487,38.994],[141.49,38.997],[141.497,38.999],[141.5,38.999],[141.507,39.0],[141.512,39.002],[141.518,39.002],[141.517,38.998],[141.519,38.995],[141.523,38.991],[141.532,38.995],[141.537,38.995],[141.541,38.995],[141.544,38.995],[141.548,38.996],[141.553,38.995],[141.557,38.996],[141.56,38.994],[141.563,38.994],[141.567,38.996],[141.571,38.991],[141.575,38.987],[141.58,38.987],[141.584,38.989],[141.592,38.987],[141.597,38.986],[141.601,38.986],[141.605,38.985],[141.614,38.978],[141.619,38.974],[141.624,38.971],[141.629,38.97],[141.633,38.972],[141.631,38.976],[141.627,38.982],[141.625,38.986],[141.629,38.99],[141.625,38.991],[141.628,38.995],[141.624,38.999],[141.627,39.002],[141.631,39.004],[141.64,39.007],[141.645,39.007],[141.652,39.006],[141.656,39.006],[141.659,39.002],[141.662,39.002],[141.667,39.005],[141.673,39.004],[141.678,39.001],[141.683,38.997],[141.679,38.995],[141.674,38.993],[141.672,38.99],[141.668,38.989],[141.669,38.985],[141.666,38.982],[141.669,38.978],[141.672,38.974],[141.676,38.973],[141.676,38.969],[141.683,38.969],[141.685,38.966],[141.689,38.965],[141.688,38.96],[141.688,38.956],[141.692,38.956],[141.692,38.952],[141.689,38.95],[141.692,38.946],[141.696,38.947],[141.698,38.944],[141.702,38.941],[141.702,38.938],[141.705,38.939],[141.706,38.942],[141.715,38.947],[141.712,38.95],[141.715,38.952],[141.721,38.953],[141.726,38.952],[141.723,38.957],[141.723,38.963],[141.718,38.964],[141.712,38.968],[141.708,38.968],[141.702,38.965],[141.698,38.968],[141.696,38.971],[141.698,38.976],[141.702,38.978],[141.708,38.979],[141.708,38.983],[141.712,38.983],[141.715,38.981],[141.716,38.984],[141.711,38.99],[141.708,38.993],[141.705,38.996],[141.702,39.0],[141.702,39.004],[141.697,39.011],[141.694,39.015],[141.691,39.017],[141.689,39.022],[141.688,39.029],[141.688,39.032],[141.683,39.04],[141.682,39.044],[141.68,39.048],[141.681,39.053],[141.679,39.056],[141.68,39.06],[141.683,39.062],[141.684,39.066],[141.677,39.068],[141.673,39.068],[141.67,39.068],[141.666,39.066],[141.661,39.061],[141.658,39.056],[141.655,39.055],[141.65,39.058],[141.647,39.061],[141.645,39.065],[141.642,39.072],[141.638,39.075],[141.633,39.079],[141.63,39.083],[141.63,39.087],[141.63,39.09],[141.631,39.094],[141.628,39.096],[141.624,39.098],[141.623,39.102],[141.625,39.105],[141.626,39.112]]]]}},{"type":"Feature","properties":{"name":"二戸市","code":"03213"},"geometry":{"type":"MultiPolygon","coordinates":[[[[141.351,40.331],[141.351,40.335],[141.348,40.335],[141.348,40.339],[141.344,40.342],[141.338,40.342],[141.334,40.346],[141.336,40.35],[141.337,40.355],[141.336,40.36],[141.333,40.361],[141.328,40.363],[141.324,40.367],[141.324,40.37],[141.321,40.37],[141.316,40.373],[141.31,40.367],[141.306,40.366],[141.299,40.366],[141.295,40.364],[141.295,40.359],[141.292,40.358],[141.293,40.354],[141.289,40.349],[141.281,40.346],[141.277,40.344],[141.272,40.346],[141.267,40.349],[141.262,40.349],[141.26,40.346],[141.26,40.342],[141.257,40.342],[141.248,40.341],[141.245,40.337],[141.24,40.335],[141.236,40.331],[141.232,40.328],[141.226,40.328],[141.224,40.325],[141.222,40.32],[141.219,40.315],[141.209,40.314],[141.204,40.312],[141.2,40.309],[141.191,40.308],[141.186,40.308],[141.183,40.309],[141.179,40.31],[141.172,40.31],[141.169,40.307],[141.162,40.306],[141.158,40.304],[141.154,40.301],[141.151,40.301],[141.146,40.3],[141.138,40.3],[141.134,40.295],[141.131,40.294],[141.127,40.293],[141.124,40.291],[141.12,40.29],[141.116,40.286],[141.111,40.284],[141.107,40.282],[141.104,40.281],[141.1,40.28],[141.11,40.261],[141.104,40.256],[141.097,40.255],[141.093,40.254],[141.088,40.252],[141.085,40.252],[141.079,40.252],[141.072,40.25],[141.068,40.247],[141.064,40.242],[141.061,40.24],[141.056,40.237],[141.052,40.237],[141.047,40.237],[141.042,40.236],[141.037,40.233],[141.033,40.23],[141.03,40.228],[141.027,40.227],[141.026,40.222],[141.03,40.217],[141.03,40.213],[141.032,40.207],[141.027,40.205],[141.028,40.2],[141.028,40.196],[141.03,40.19],[141.03,40.184],[141.029,40.18],[141.026,40.175],[141.028,40.171],[141.026,40.168],[141.032,40.164],[141.033,40.161],[141.035,40.157],[141.042,40.154],[141.048,40.152],[141.053,40.15],[141.056,40.146],[141.061,40.144],[141.061,40.141],[141.068,40.14],[141.077,40.138],[141.08,40.141],[141.086,40.138],[141.089,40.138],[141.093,40.138],[141.097,40.137],[141.104,40.137],[141.107,40.134],[141.109,40.131],[141.109,40.123],[141.114,40.12],[141.119,40.118],[141.123,40.115],[141.124,40.111],[141.125,40.104],[141.13,40.099],[141.128,40.096],[141.132,40.095],[141.138,40.096],[141.143,40.096],[141.147,40.095],[141.152,40.093],[141.156,40.089],[141.16,40.089],[141.164,40.092],[141.166,40.097],[141.162,40.101],[141.164,40.105],[141.168,40.107],[141.174,40.11],[141.176,40.113],[141.18,40.114],[141.183,40.118],[141.187,40.123],[141.188,40.126],[141.19,40.129],[141.19,40.133],[141.188,40.139],[141.186,40.144],[141.187,40.149],[141.186,40.153],[141.185,40.159],[141.183,40.162],[141.185,40.169],[141.188,40.174],[141.192,40.177],[141.193,40.182],[141.193,40.187],[141.192,40.191],[141.198,40.194],[141.205,40.195],[141.206,40.198],[141.21,40.199],[141.213,40.202],[141.216,40.207],[141.222,40.2],[141.225,40.2],[141.226,40.204],[141.23,40.206],[141.233,40.206],[141.237,40.207],[141.243,40.213],[141.244,40.217],[141.249,40.219],[141.253,40.222],[141.26,40.222],[141.261,40.226],[141.263,40.23],[141.262,40.237],[141.266,40.24],[141.269,40.247],[141.268,40.25],[141.272,40.248],[141.278,40.244],[141.281,40.245],[141.286,40.248],[141.289,40.249],[141.293,40.25],[141.298,40.249],[141.301,40.244],[141.31,40.241],[141.315,40.239],[141.32,40.237],[141.324,40.238],[141.329,40.236],[141.332,40.233],[141.334,40.23],[141.34,40.23],[141.344,40.23],[141.35,40.226],[141.357,40.224],[141.362,40.23],[141.365,40.229],[141.368,40.23],[141.372,40.231],[141.375,40.233],[141.383,40.235],[141.386,40.235],[141.384,40.241],[141.383,40.248],[141.383,40.252],[141.382,40.257],[141.38,40.261],[141.377,40.262],[141.375,40.267],[141.374,40.271],[141.371,40.276],[141.37,40.28],[141.368,40.284],[141.368,40.288],[141.366,40.292],[141.365,40.296],[141.364,40.299],[141.359,40.3],[141.355,40.3],[141.355,40.303],[141.353,40.307],[141.354,40.311],[141.355,40.315],[141.354,40.32],[141.353,40.324],[141.35,40.329]]]]}},{"type":"Feature","properties":{"name":"八幡平市","code":"03214"},"geometry":{"type":"MultiPolygon","coordinates":[[[[141.156,39.927],[141.152,39.93],[141.148,39.935],[141.145,39.939],[141.141,39.943],[141.134,39.947],[141.129,39.945],[141.131,39.949],[141.128,39.954],[141.132,39.958],[141.14,39.962],[141.149,39.967],[141.149,39.971],[141.143,39.975],[141.14,39.979],[141.137,39.983],[141.134,39.989],[141.129,39.994],[141.13,39.998],[141.128,40.007],[141.127,40.01],[141.128,40.016],[141.125,40.021],[141.123,40.025],[141.124,40.029],[141.126,40.039],[141.131,40.04],[141.136,40.045],[141.146,40.049],[141.149,40.052],[141.149,40.056],[141.148,40.062],[141.152,40.067],[141.15,40.071],[141.155,40.073],[141.157,40.079],[141.162,40.084],[141.158,40.089],[141.153,40.091],[141.148,40.093],[141.143,40.096],[141.14,40.095],[141.132,40.095],[141.128,40.096],[141.13,40.099],[141.125,40.104],[141.125,40.11],[141.123,40.115],[141.119,40.118],[141.115,40.118],[141.11,40.122],[141.109,40.131],[141.107,40.134],[141.104,40.137],[141.099,40.136],[141.095,40.137],[141.089,40.138],[141.086,40.138],[141.08,40.141],[141.077,40.138],[141.069,40.138],[141.062,40.14],[141.061,40.144],[141.058,40.145],[141.053,40.15],[141.048,40.152],[141.044,40.152],[141.038,40.155],[141.035,40.159],[141.032,40.164],[141.029,40.167],[141.028,40.171],[141.026,40.175],[141.029,40.18],[141.03,40.184],[141.029,40.187],[141.028,40.196],[141.028,40.2],[141.027,40.205],[141.032,40.207],[141.031,40.211],[141.028,40.215],[141.028,40.22],[141.024,40.221],[141.016,40.22],[141.013,40.218],[141.006,40.218],[141.002,40.221],[140.996,40.219],[140.993,40.221],[140.988,40.222],[140.984,40.221],[140.98,40.22],[140.976,40.224],[140.972,40.227],[140.969,40.227],[140.969,40.231],[140.966,40.235],[140.965,40.24],[140.959,40.241],[140.955,40.245],[140.952,40.247],[140.947,40.247],[140.943,40.244],[140.94,40.24],[140.941,40.237],[140.941,40.232],[140.942,40.229],[140.938,40.227],[140.934,40.226],[140.931,40.226],[140.924,40.226],[140.918,40.223],[140.911,40.223],[140.905,40.222],[140.904,40.218],[140.899,40.216],[140.899,40.212],[140.898,40.209],[140.892,40.202],[140.89,40.198],[140.892,40.192],[140.88,40.183],[140.873,40.178],[140.868,40.178],[140.864,40.175],[140.86,40.173],[140.86,40.169],[140.864,40.164],[140.867,40.162],[140.875,40.161],[140.882,40.159],[140.882,40.156],[140.882,40.151],[140.877,40.146],[140.875,40.143],[140.875,40.14],[140.871,40.137],[140.867,40.132],[140.873,40.124],[140.871,40.118],[140.879,40.115],[140.879,40.111],[140.88,40.107],[140.877,40.102],[140.877,40.098],[140.875,40.095],[140.872,40.091],[140.867,40.089],[140.863,40.085],[140.859,40.086],[140.854,40.084],[140.852,40.081],[140.851,40.078],[140.847,40.075],[140.847,40.065],[140.851,40.061],[140.85,40.058],[140.851,40.053],[140.855,40.047],[140.854,40.042],[140.855,40.039],[140.852,40.034],[140.852,40.029],[140.852,40.026],[140.856,40.022],[140.853,40.018],[140.855,40.014],[140.852,40.012],[140.849,40.008],[140.848,40.004],[140.851,40.0],[140.851,39.996],[140.849,39.989],[140.848,39.981],[140.847,39.976],[140.846,39.972],[140.847,39.966],[140.849,39.962],[140.848,39.958],[140.852,39.958],[140.857,39.953],[140.857,39.95],[140.857,39.944],[140.853,39.942],[140.853,39.938],[140.853,39.934],[140.857,39.931],[140.856,39.926],[140.859,39.92],[140.863,39.918],[140.868,39.912],[140.868,39.908],[140.868,39.902],[140.873,39.896],[140.876,39.891],[140.879,39.886],[140.879,39.878],[140.878,39.874],[140.882,39.872],[140.884,39.867],[140.887,39.865],[140.888,39.861],[140.893,39.856],[140.897,39.851],[140.899,39.847],[140.906,39.846],[140.912,39.846],[140.915,39.847],[140.921,39.845],[140.924,39.842],[140.93,39.842],[140.935,39.841],[140.94,39.84],[140.945,39.842],[140.949,39.846],[140.953,39.847],[140.955,39.85],[140.962,39.851],[140.967,39.852],[140.973,39.845],[140.978,39.843],[140.981,39.844],[140.987,39.844],[140.991,39.844],[140.997,39.846],[141.0,39.843],[141.001,39.853],[141.027,39.86],[141.033,39.863],[141.057,39.868],[141.06,39.864],[141.066,39.865],[141.07,39.864],[141.077,39.862],[141.08,39.863],[141.083,39.865],[141.083,39.868],[141.085,39.872],[141.086,39.875],[141.092,39.877],[141.097,39.879],[141.103,39.88],[141.108,39.879],[141.112,39.882],[141.116,39.883],[141.121,39.884],[141.13,39.883],[141.133,39.882],[141.137,39.887],[141.141,39.89],[141.146,39.894],[141.149,39.898],[141.154,39.9],[141.158,39.901],[141.163,39.905],[141.168,39.903],[141.169,39.908],[141.162,39.914],[141.159,39.918],[141.158,39.922],[141.156,39.927]]]]}},{"type":"Feature","properties":{"name":"奥州市","code":"03215"},"geometry":{"type":"MultiPolygon","coordinates":[[[[141.237,39.306],[141.236,39.303],[141.238,39.299],[141.239,39.296],[141.241,39.291],[141.244,39.289],[141.245,39.286],[141.25,39.281],[141.25,39.277],[141.254,39.273],[141.248,39.27],[141.244,39.269],[141.237,39.267],[141.233,39.266],[141.23,39.267],[141.226,39.265],[141.224,39.262],[141.217,39.263],[141.212,39.264],[141.208,39.267],[141.202,39.271],[141.197,39.274],[141.194,39.276],[141.189,39.276],[141.188,39.272],[141.182,39.271],[141.178,39.27],[141.173,39.269],[141.169,39.267],[141.168,39.262],[141.167,39.258],[141.166,39.255],[141.162,39.252],[141.156,39.255],[141.151,39.256],[141.148,39.252],[141.145,39.252],[141.142,39.25],[141.145,39.244],[141.134,39.24],[141.128,39.237],[141.12,39.236],[141.116,39.236],[141.111,39.236],[141.104,39.231],[141.105,39.227],[141.114,39.226],[141.123,39.225],[141.127,39.223],[141.13,39.22],[141.13,39.21],[141.127,39.205],[141.126,39.199],[141.13,39.195],[141.136,39.195],[141.139,39.196],[141.143,39.191],[141.139,39.19],[141.133,39.187],[141.125,39.188],[141.118,39.186],[141.108,39.182],[141.106,39.179],[141.101,39.175],[141.098,39.173],[141.096,39.17],[141.088,39.163],[141.081,39.16],[141.078,39.159],[141.074,39.158],[141.06,39.151],[141.043,39.147],[141.038,39.142],[141.034,39.135],[141.031,39.132],[141.028,39.132],[141.02,39.13],[141.014,39.13],[141.01,39.132],[141.007,39.134],[140.999,39.134],[140.995,39.134],[140.991,39.136],[140.983,39.138],[140.98,39.142],[140.974,39.143],[140.968,39.146],[140.965,39.147],[140.963,39.15],[140.922,39.168],[140.913,39.171],[140.908,39.172],[140.903,39.173],[140.899,39.173],[140.897,39.176],[140.891,39.182],[140.887,39.181],[140.883,39.179],[140.88,39.176],[140.874,39.174],[140.866,39.175],[140.858,39.176],[140.853,39.176],[140.849,39.173],[140.846,39.171],[140.842,39.169],[140.839,39.167],[140.833,39.165],[140.826,39.169],[140.827,39.174],[140.824,39.176],[140.82,39.176],[140.816,39.176],[140.809,39.178],[140.805,39.177],[140.799,39.175],[140.793,39.174],[140.788,39.173],[140.786,39.167],[140.78,39.167],[140.776,39.168],[140.773,39.165],[140.771,39.161],[140.766,39.155],[140.764,39.151],[140.76,39.146],[140.756,39.144],[140.753,39.142],[140.749,39.138],[140.751,39.133],[140.756,39.133],[140.759,39.132],[140.763,39.129],[140.767,39.127],[140.77,39.124],[140.767,39.12],[140.76,39.118],[140.756,39.118],[140.756,39.115],[140.762,39.111],[140.761,39.106],[140.758,39.1],[140.757,39.094],[140.753,39.091],[140.752,39.088],[140.759,39.085],[140.763,39.081],[140.767,39.081],[140.772,39.079],[140.775,39.08],[140.779,39.082],[140.783,39.079],[140.79,39.078],[140.793,39.077],[140.798,39.078],[140.802,39.078],[140.801,39.074],[140.804,39.072],[140.804,39.067],[140.801,39.065],[140.8,39.06],[140.805,39.058],[140.81,39.058],[140.806,39.055],[140.803,39.05],[140.799,39.046],[140.794,39.042],[140.796,39.036],[140.793,39.032],[140.795,39.029],[140.791,39.024],[140.786,39.022],[140.788,39.017],[140.792,39.015],[140.797,39.016],[140.802,39.016],[140.806,39.014],[140.809,39.014],[140.813,39.015],[140.817,39.018],[140.823,39.02],[140.829,39.022],[140.835,39.022],[140.839,39.021],[140.843,39.021],[140.843,39.026],[140.848,39.029],[140.851,39.036],[140.855,39.038],[140.86,39.039],[140.861,39.044],[140.865,39.047],[140.869,39.045],[140.876,39.043],[140.883,39.044],[140.887,39.046],[140.891,39.047],[140.895,39.05],[140.901,39.046],[140.901,39.042],[140.906,39.038],[140.906,39.035],[140.908,39.031],[140.908,39.026],[140.912,39.022],[140.916,39.017],[140.917,39.014],[140.917,39.01],[140.917,39.005],[140.92,39.001],[140.92,38.998],[140.924,38.994],[140.928,38.992],[140.932,38.991],[140.94,38.993],[140.943,38.993],[140.948,38.993],[140.952,38.994],[140.955,38.995],[140.962,38.996],[140.972,38.995],[140.977,38.995],[140.983,38.997],[140.987,38.994],[140.988,38.989],[140.993,38.989],[140.997,38.987],[141.002,38.988],[141.006,38.985],[141.01,38.988],[141.013,38.988],[141.016,38.988],[141.02,38.99],[141.026,38.992],[141.028,38.996],[141.035,38.998],[141.045,39.001],[141.048,39.001],[141.052,39.0],[141.055,39.0],[141.059,39.001],[141.065,39.003],[141.07,39.002],[141.074,39.002],[141.077,39.003],[141.082,39.003],[141.087,39.003],[141.09,39.004],[141.096,39.004],[141.1,39.006],[141.108,39.005],[141.111,39.006],[141.111,39.009],[141.111,39.013],[141.11,39.016],[141.11,39.019],[141.105,39.019],[141.104,39.029],[141.108,39.027],[141.112,39.023],[141.119,39.018],[141.12,39.014],[141.123,39.014],[141.128,39.013],[141.134,39.02],[141.138,39.021],[141.141,39.019],[141.145,39.018],[141.157,39.014],[141.161,39.013],[141.167,39.015],[141.174,39.017],[141.178,39.018],[141.182,39.02],[141.184,39.024],[141.184,39.027],[141.187,39.028],[141.193,39.029],[141.198,39.03],[141.201,39.032],[141.205,39.034],[141.199,39.038],[141.204,39.041],[141.205,39.045],[141.207,39.049],[141.21,39.053],[141.213,39.053],[141.215,39.057],[141.218,39.059],[141.222,39.059],[141.227,39.06],[141.232,39.062],[141.237,39.062],[141.24,39.064],[141.243,39.071],[141.249,39.071],[141.25,39.074],[141.253,39.082],[141.256,39.082],[141.26,39.081],[141.262,39.085],[141.267,39.088],[141.269,39.091],[141.273,39.091],[141.278,39.09],[141.282,39.089],[141.287,39.09],[141.291,39.086],[141.297,39.084],[141.304,39.083],[141.309,39.083],[141.314,39.083],[141.313,39.087],[141.31,39.092],[141.307,39.096],[141.306,39.1],[141.303,39.106],[141.303,39.11],[141.306,39.114],[141.302,39.119],[141.304,39.122],[141.303,39.126],[141.302,39.132],[141.31,39.133],[141.316,39.131],[141.319,39.132],[141.324,39.132],[141.33,39.134],[141.335,39.138],[141.34,39.139],[141.344,39.134],[141.351,39.131],[141.355,39.131],[141.357,39.135],[141.353,39.139],[141.354,39.143],[141.356,39.147],[141.361,39.149],[141.365,39.151],[141.368,39.149],[141.372,39.149],[141.375,39.15],[141.378,39.152],[141.38,39.155],[141.383,39.158],[141.383,39.162],[141.385,39.166],[141.388,39.169],[141.388,39.172],[141.384,39.177],[141.389,39.181],[141.386,39.185],[141.382,39.186],[141.376,39.186],[141.377,39.192],[141.384,39.193],[141.387,39.193],[141.392,39.194],[141.397,39.2],[141.402,39.201],[141.407,39.204],[141.403,39.21],[141.398,39.216],[141.39,39.227],[141.386,39.231],[141.383,39.235],[141.382,39.239],[141.38,39.243],[141.383,39.247],[141.379,39.25],[141.374,39.253],[141.37,39.254],[141.366,39.255],[141.363,39.257],[141.358,39.259],[141.353,39.263],[141.346,39.263],[141.341,39.264],[141.337,39.267],[141.333,39.272],[141.334,39.275],[141.331,39.278],[141.326,39.283],[141.32,39.283],[141.31,39.279],[141.304,39.277],[141.303,39.28],[141.303,39.284],[141.309,39.289],[141.306,39.293],[141.302,39.296],[141.301,39.299],[141.301,39.304],[141.298,39.307],[141.299,39.312],[141.295,39.317],[141.288,39.319],[141.284,39.317],[141.279,39.317],[141.27,39.314],[141.265,39.314],[141.258,39.315],[141.252,39.314],[141.249,39.315],[141.244,39.312],[141.241,39.311],[141.237,39.306]]]]}},{"type":"Feature","properties":{"name":"滝沢市","code":"03216"},"geometry":{"type":"MultiPolygon","coordinates":[[[[141.099,39.879],[141.095,39.877],[141.086,39.875],[141.085,39.872],[141.083,39.868],[141.083,39.865],[141.08,39.863],[141.077,39.862],[141.072,39.863],[141.066,39.865],[141.06,39.864],[141.058,39.868],[141.033,39.863],[141.027,39.86],[141.001,39.853],[141.0,39.843],[141.001,39.837],[141.003,39.833],[141.006,39.829],[141.01,39.826],[141.009,39.823],[141.008,39.818],[141.004,39.812],[141.004,39.809],[141.004,39.796],[141.003,39.789],[141.003,39.776],[141.008,39.775],[141.014,39.771],[141.017,39.769],[141.022,39.765],[141.02,39.761],[141.02,39.757],[141.021,39.753],[141.021,39.749],[141.017,39.744],[141.015,39.741],[141.014,39.737],[141.015,39.732],[141.017,39.727],[141.017,39.722],[141.016,39.718],[141.019,39.716],[141.021,39.712],[141.021,39.708],[141.024,39.705],[141.028,39.705],[141.037,39.706],[141.036,39.702],[141.033,39.702],[141.038,39.696],[141.045,39.692],[141.048,39.69],[141.051,39.691],[141.058,39.695],[141.064,39.697],[141.07,39.698],[141.074,39.699],[141.077,39.702],[141.084,39.704],[141.081,39.707],[141.078,39.71],[141.079,39.716],[141.081,39.722],[141.077,39.723],[141.073,39.725],[141.068,39.727],[141.071,39.73],[141.074,39.728],[141.078,39.727],[141.081,39.723],[141.088,39.722],[141.089,39.725],[141.099,39.723],[141.099,39.727],[141.1,39.731],[141.105,39.734],[141.105,39.738],[141.105,39.742],[141.111,39.743],[141.117,39.747],[141.122,39.748],[141.118,39.75],[141.118,39.754],[141.122,39.756],[141.122,39.76],[141.126,39.763],[141.129,39.768],[141.141,39.77],[141.147,39.772],[141.151,39.766],[141.155,39.767],[141.16,39.767],[141.164,39.767],[141.166,39.772],[141.164,39.775],[141.167,39.778],[141.166,39.787],[141.162,39.796],[141.166,39.801],[141.162,39.802],[141.162,39.806],[141.158,39.808],[141.152,39.807],[141.148,39.808],[141.154,39.812],[141.152,39.817],[141.156,39.821],[141.15,39.823],[141.149,39.826],[141.142,39.824],[141.137,39.825],[141.134,39.825],[141.134,39.83],[141.13,39.837],[141.127,39.843],[141.124,39.842],[141.116,39.843],[141.112,39.843],[141.111,39.852],[141.11,39.86],[141.107,39.864],[141.104,39.868],[141.1,39.877]]]]}},{"type":"Feature","properties":{"name":"岩手郡雫石町","code":"03301"},"geometry":{"type":"MultiPolygon","coordinates":[[[[141.03,39.702],[141.036,39.702],[141.037,39.706],[141.028,39.705],[141.024,39.705],[141.021,39.708],[141.021,39.712],[141.019,39.716],[141.016,39.718],[141.017,39.722],[141.017,39.727],[141.015,39.732],[141.014,39.737],[141.015,39.741],[141.017,39.744],[141.021,39.749],[141.021,39.753],[141.02,39.757],[141.021,39.76],[141.022,39.765],[141.017,39.769],[141.014,39.771],[141.01,39.773],[141.003,39.776],[141.003,39.789],[141.004,39.796],[141.004,39.807],[141.004,39.812],[141.007,39.817],[141.009,39.822],[141.01,39.826],[141.006,39.829],[141.003,39.833],[141.001,39.837],[141.0,39.841],[140.997,39.846],[140.991,39.844],[140.987,39.844],[140.981,39.844],[140.978,39.843],[140.973,39.845],[140.968,39.849],[140.962,39.851],[140.958,39.851],[140.953,39.847],[140.949,39.846],[140.945,39.842],[140.942,39.842],[140.935,39.841],[140.93,39.842],[140.924,39.842],[140.921,39.845],[140.918,39.847],[140.912,39.846],[140.906,39.846],[140.899,39.847],[140.897,39.851],[140.893,39.854],[140.89,39.859],[140.888,39.863],[140.884,39.867],[140.882,39.872],[140.878,39.874],[140.874,39.873],[140.87,39.871],[140.866,39.872],[140.857,39.87],[140.853,39.866],[140.848,39.868],[140.843,39.871],[140.842,39.875],[140.838,39.876],[140.832,39.875],[140.835,39.879],[140.832,39.882],[140.829,39.883],[140.826,39.886],[140.822,39.883],[140.818,39.882],[140.814,39.879],[140.807,39.879],[140.8,39.882],[140.797,39.878],[140.791,39.874],[140.788,39.874],[140.785,39.871],[140.782,39.868],[140.783,39.863],[140.787,39.859],[140.784,39.856],[140.787,39.853],[140.789,39.849],[140.787,39.844],[140.786,39.84],[140.786,39.837],[140.783,39.831],[140.784,39.828],[140.788,39.826],[140.787,39.823],[140.792,39.822],[140.798,39.819],[140.801,39.817],[140.809,39.817],[140.813,39.818],[140.816,39.816],[140.823,39.815],[140.825,39.81],[140.829,39.81],[140.832,39.807],[140.838,39.805],[140.842,39.805],[140.844,39.801],[140.847,39.798],[140.848,39.793],[140.844,39.791],[140.84,39.789],[140.835,39.781],[140.83,39.779],[140.826,39.774],[140.822,39.775],[140.818,39.768],[140.817,39.764],[140.811,39.76],[140.805,39.757],[140.806,39.748],[140.802,39.744],[140.798,39.741],[140.788,39.738],[140.781,39.738],[140.775,39.735],[140.779,39.733],[140.782,39.731],[140.783,39.727],[140.789,39.723],[140.789,39.719],[140.79,39.716],[140.793,39.713],[140.794,39.71],[140.799,39.711],[140.805,39.711],[140.81,39.708],[140.809,39.703],[140.81,39.698],[140.813,39.694],[140.823,39.688],[140.819,39.684],[140.818,39.68],[140.819,39.675],[140.822,39.67],[140.823,39.665],[140.821,39.659],[140.821,39.654],[140.822,39.65],[140.818,39.647],[140.815,39.646],[140.814,39.642],[140.812,39.637],[140.808,39.633],[140.809,39.627],[140.808,39.624],[140.803,39.619],[140.805,39.613],[140.8,39.606],[140.795,39.603],[140.8,39.6],[140.806,39.592],[140.814,39.59],[140.818,39.59],[140.824,39.592],[140.828,39.593],[140.834,39.593],[140.837,39.594],[140.842,39.59],[140.845,39.587],[140.848,39.585],[140.852,39.583],[140.855,39.582],[140.86,39.576],[140.856,39.573],[140.857,39.569],[140.86,39.562],[140.866,39.558],[140.868,39.555],[140.868,39.551],[140.872,39.55],[140.871,39.547],[140.874,39.542],[140.877,39.539],[140.877,39.536],[140.871,39.533],[140.87,39.529],[140.874,39.527],[140.874,39.523],[140.879,39.522],[140.88,39.518],[140.883,39.518],[140.886,39.523],[140.889,39.527],[140.892,39.529],[140.893,39.533],[140.896,39.534],[140.9,39.533],[140.904,39.537],[140.908,39.538],[140.914,39.539],[140.918,39.543],[140.923,39.544],[140.926,39.542],[140.927,39.539],[140.935,39.538],[140.938,39.536],[140.943,39.535],[140.946,39.532],[140.951,39.532],[140.956,39.532],[140.959,39.533],[140.961,39.537],[140.963,39.54],[140.968,39.542],[140.969,39.545],[140.972,39.546],[140.968,39.548],[140.964,39.552],[140.966,39.555],[140.965,39.559],[140.964,39.562],[140.964,39.565],[140.965,39.568],[140.967,39.572],[140.968,39.575],[140.97,39.579],[140.974,39.579],[140.979,39.579],[140.983,39.58],[140.988,39.579],[140.99,39.575],[140.995,39.574],[141.0,39.577],[141.004,39.575],[141.007,39.574],[141.014,39.572],[141.018,39.573],[141.027,39.574],[141.03,39.575],[141.034,39.577],[141.039,39.58],[141.037,39.583],[141.038,39.587],[141.04,39.591],[141.046,39.589],[141.049,39.591],[141.054,39.59],[141.06,39.587],[141.062,39.594],[141.062,39.597],[141.059,39.6],[141.056,39.604],[141.054,39.608],[141.05,39.611],[141.048,39.615],[141.053,39.618],[141.057,39.622],[141.054,39.626],[141.051,39.629],[141.045,39.63],[141.044,39.636],[141.049,39.64],[141.055,39.642],[141.049,39.645],[141.047,39.648],[141.049,39.651],[141.046,39.656],[141.044,39.66],[141.04,39.662],[141.041,39.656],[141.036,39.653],[141.031,39.653],[141.023,39.649],[141.019,39.649],[141.014,39.651],[141.012,39.655],[141.012,39.659],[141.009,39.662],[141.005,39.663],[141.001,39.663],[140.996,39.666],[141.0,39.669],[141.004,39.67],[141.007,39.676],[141.013,39.679],[141.018,39.682],[141.015,39.683],[141.011,39.688],[141.016,39.685],[141.013,39.689],[141.014,39.692],[141.02,39.697],[141.024,39.699],[141.027,39.7]]]]}},{"type":"Feature","properties":{"name":"岩手郡葛巻町","code":"03302"},"geometry":{"type":"MultiPolygon","coordinates":[[[[141.484,39.883],[141.487,39.884],[141.486,39.889],[141.482,39.892],[141.482,39.896],[141.485,39.9],[141.49,39.904],[141.493,39.905],[141.496,39.905],[141.503,39.903],[141.508,39.906],[141.514,39.91],[141.52,39.91],[141.527,39.911],[141.534,39.908],[141.538,39.906],[141.542,39.905],[141.546,39.904],[141.55,39.903],[141.555,39.906],[141.558,39.909],[141.563,39.913],[141.564,39.916],[141.561,39.922],[141.56,39.926],[141.559,39.929],[141.564,39.93],[141.57,39.934],[141.574,39.936],[141.578,39.939],[141.581,39.941],[141.582,39.946],[141.583,39.95],[141.585,39.954],[141.588,39.955],[141.589,39.959],[141.585,39.961],[141.585,39.965],[141.585,39.968],[141.584,39.972],[141.579,39.977],[141.579,39.981],[141.575,39.983],[141.572,39.987],[141.571,39.99],[141.568,39.995],[141.562,40.003],[141.557,40.005],[141.554,40.008],[141.549,40.014],[141.549,40.019],[141.548,40.023],[141.543,40.027],[141.539,40.029],[141.533,40.032],[141.529,40.038],[141.532,40.043],[141.533,40.047],[141.529,40.051],[141.528,40.055],[141.525,40.059],[141.526,40.065],[141.525,40.068],[141.525,40.074],[141.522,40.075],[141.518,40.079],[141.513,40.08],[141.508,40.079],[141.504,40.079],[141.498,40.078],[141.496,40.083],[141.493,40.084],[141.49,40.087],[141.486,40.087],[141.486,40.091],[141.483,40.097],[141.484,40.103],[141.48,40.104],[141.476,40.106],[141.469,40.106],[141.465,40.109],[141.464,40.112],[141.462,40.117],[141.459,40.116],[141.453,40.112],[141.451,40.108],[141.446,40.106],[141.44,40.103],[141.437,40.105],[141.428,40.104],[141.427,40.109],[141.424,40.107],[141.417,40.108],[141.413,40.108],[141.411,40.112],[141.412,40.116],[141.409,40.117],[141.408,40.121],[141.406,40.124],[141.401,40.129],[141.396,40.131],[141.391,40.133],[141.386,40.134],[141.386,40.138],[141.389,40.143],[141.392,40.147],[141.395,40.148],[141.397,40.151],[141.393,40.153],[141.388,40.152],[141.384,40.152],[141.38,40.151],[141.377,40.151],[141.373,40.15],[141.37,40.151],[141.366,40.152],[141.361,40.149],[141.357,40.145],[141.354,40.144],[141.349,40.144],[141.345,40.146],[141.342,40.145],[141.338,40.143],[141.335,40.139],[141.332,40.139],[141.329,40.135],[141.331,40.132],[141.332,40.128],[141.335,40.128],[141.341,40.131],[141.346,40.129],[141.344,40.126],[141.342,40.122],[141.339,40.117],[141.336,40.112],[141.337,40.108],[141.34,40.104],[141.341,40.099],[141.34,40.095],[141.345,40.09],[141.348,40.087],[141.352,40.081],[141.352,40.077],[141.356,40.076],[141.359,40.074],[141.365,40.071],[141.361,40.066],[141.354,40.063],[141.349,40.061],[141.345,40.062],[141.343,40.058],[141.338,40.056],[141.334,40.056],[141.33,40.059],[141.326,40.056],[141.323,40.056],[141.319,40.055],[141.313,40.052],[141.309,40.054],[141.305,40.056],[141.299,40.057],[141.293,40.06],[141.29,40.06],[141.29,40.055],[141.289,40.05],[141.293,40.047],[141.297,40.043],[141.296,40.035],[141.292,40.033],[141.287,40.031],[141.296,40.027],[141.299,40.023],[141.296,40.021],[141.297,40.016],[141.301,40.015],[141.305,40.011],[141.306,40.007],[141.307,40.002],[141.303,39.999],[141.303,39.996],[141.306,39.991],[141.311,39.988],[141.317,39.985],[141.324,39.982],[141.33,39.979],[141.335,39.977],[141.337,39.973],[141.345,39.972],[141.348,39.972],[141.353,39.972],[141.358,39.972],[141.361,39.972],[141.372,39.971],[141.377,39.971],[141.378,39.966],[141.381,39.962],[141.377,39.957],[141.378,39.953],[141.375,39.95],[141.373,39.947],[141.378,39.941],[141.382,39.938],[141.384,39.934],[141.384,39.93],[141.389,39.926],[141.393,39.924],[141.396,39.922],[141.397,39.918],[141.403,39.915],[141.402,39.911],[141.401,39.907],[141.398,39.906],[141.4,39.902],[141.4,39.897],[141.406,39.897],[141.405,39.894],[141.402,39.89],[141.407,39.889],[141.411,39.889],[141.419,39.886],[141.426,39.882],[141.43,39.882],[141.434,39.881],[141.438,39.882],[141.442,39.884],[141.447,39.883],[141.45,39.883],[141.454,39.881],[141.459,39.88],[141.462,39.878],[141.468,39.875],[141.473,39.874],[141.479,39.875],[141.481,39.88]]]]}},{"type":"Feature","properties":{"name":"岩手郡岩手町","code":"03303"},"geometry":{"type":"MultiPolygon","coordinates":[[[[141.434,39.881],[141.43,39.882],[141.426,39.882],[141.421,39.887],[141.413,39.888],[141.407,39.889],[141.402,39.89],[141.405,39.894],[141.406,39.897],[141.4,39.897],[141.4,39.902],[141.398,39.906],[141.401,39.907],[141.402,39.911],[141.402,39.914],[141.397,39.918],[141.396,39.922],[141.393,39.924],[141.389,39.926],[141.386,39.929],[141.382,39.932],[141.385,39.936],[141.38,39.939],[141.375,39.944],[141.374,39.948],[141.378,39.953],[141.377,39.957],[141.381,39.962],[141.378,39.966],[141.377,39.971],[141.372,39.971],[141.361,39.972],[141.358,39.972],[141.355,39.973],[141.351,39.972],[141.345,39.972],[141.337,39.973],[141.336,39.977],[141.332,39.977],[141.327,39.981],[141.317,39.985],[141.313,39.986],[141.306,39.989],[141.306,39.993],[141.303,39.999],[141.307,40.002],[141.305,40.006],[141.305,40.011],[141.301,40.015],[141.297,40.016],[141.296,40.021],[141.299,40.023],[141.296,40.027],[141.29,40.029],[141.282,40.037],[141.277,40.042],[141.274,40.042],[141.269,40.042],[141.262,40.044],[141.254,40.042],[141.25,40.044],[141.247,40.046],[141.247,40.049],[141.244,40.054],[141.238,40.054],[141.234,40.055],[141.23,40.058],[141.225,40.059],[141.219,40.058],[141.212,40.059],[141.206,40.059],[141.202,40.058],[141.189,40.061],[141.184,40.065],[141.179,40.067],[141.171,40.075],[141.166,40.079],[141.162,40.079],[141.159,40.081],[141.156,40.074],[141.15,40.071],[141.151,40.068],[141.148,40.062],[141.147,40.059],[141.148,40.055],[141.149,40.05],[141.136,40.045],[141.133,40.042],[141.128,40.04],[141.125,40.032],[141.124,40.027],[141.124,40.023],[141.126,40.018],[141.127,40.013],[141.125,40.009],[141.131,40.001],[141.129,39.995],[141.131,39.992],[141.136,39.984],[141.141,39.981],[141.141,39.976],[141.147,39.973],[141.15,39.969],[141.142,39.963],[141.135,39.96],[141.13,39.954],[141.128,39.95],[141.129,39.947],[141.133,39.947],[141.139,39.945],[141.145,39.939],[141.148,39.935],[141.152,39.93],[141.156,39.927],[141.161,39.929],[141.165,39.93],[141.169,39.93],[141.173,39.929],[141.177,39.928],[141.181,39.927],[141.185,39.926],[141.192,39.919],[141.192,39.914],[141.196,39.913],[141.197,39.91],[141.195,39.906],[141.199,39.908],[141.206,39.908],[141.211,39.907],[141.216,39.906],[141.218,39.901],[141.225,39.906],[141.228,39.906],[141.231,39.903],[141.237,39.903],[141.241,39.903],[141.245,39.9],[141.246,39.904],[141.249,39.903],[141.254,39.904],[141.258,39.904],[141.262,39.905],[141.268,39.903],[141.27,39.898],[141.27,39.893],[141.275,39.893],[141.275,39.89],[141.275,39.886],[141.276,39.882],[141.277,39.877],[141.277,39.873],[141.278,39.868],[141.284,39.864],[141.289,39.862],[141.293,39.862],[141.295,39.859],[141.289,39.855],[141.287,39.849],[141.287,39.844],[141.292,39.841],[141.295,39.845],[141.3,39.846],[141.303,39.846],[141.31,39.843],[141.309,39.837],[141.315,39.835],[141.32,39.835],[141.325,39.835],[141.328,39.838],[141.332,39.841],[141.332,39.844],[141.335,39.849],[141.34,39.85],[141.342,39.846],[141.35,39.848],[141.356,39.849],[141.359,39.85],[141.365,39.853],[141.369,39.851],[141.372,39.852],[141.375,39.849],[141.383,39.848],[141.389,39.847],[141.392,39.848],[141.397,39.849],[141.403,39.85],[141.407,39.851],[141.413,39.854],[141.42,39.851],[141.426,39.85],[141.432,39.855],[141.431,39.864],[141.432,39.869],[141.434,39.878],[141.434,39.881]]]]}},{"type":"Feature","properties":{"name":"紫波郡紫波町","code":"03321"},"geometry":{"type":"MultiPolygon","coordinates":[[[[141.197,39.597],[141.197,39.593],[141.191,39.588],[141.184,39.585],[141.18,39.583],[141.175,39.582],[141.174,39.579],[141.171,39.579],[141.169,39.583],[141.166,39.585],[141.167,39.581],[141.16,39.582],[141.157,39.582],[141.152,39.584],[141.145,39.583],[141.143,39.579],[141.139,39.578],[141.136,39.579],[141.139,39.576],[141.146,39.577],[141.143,39.574],[141.135,39.573],[141.13,39.572],[141.135,39.575],[141.128,39.578],[141.123,39.58],[141.126,39.582],[141.125,39.586],[141.12,39.587],[141.117,39.588],[141.117,39.585],[141.114,39.58],[141.105,39.58],[141.101,39.58],[141.098,39.585],[141.094,39.589],[141.093,39.595],[141.089,39.595],[141.085,39.595],[141.081,39.596],[141.077,39.598],[141.072,39.603],[141.066,39.598],[141.062,39.598],[141.061,39.595],[141.06,39.587],[141.057,39.589],[141.051,39.591],[141.046,39.589],[141.042,39.591],[141.04,39.588],[141.037,39.583],[141.039,39.58],[141.034,39.577],[141.03,39.575],[141.027,39.574],[141.019,39.574],[141.015,39.573],[141.01,39.571],[141.004,39.575],[141.0,39.577],[140.995,39.574],[140.99,39.575],[140.988,39.579],[140.983,39.58],[140.979,39.579],[140.974,39.579],[140.971,39.58],[140.968,39.575],[140.967,39.572],[140.965,39.568],[140.964,39.565],[140.964,39.562],[140.965,39.559],[140.966,39.555],[140.964,39.552],[140.968,39.548],[140.972,39.546],[140.976,39.544],[140.979,39.542],[140.982,39.542],[140.986,39.544],[140.989,39.541],[140.994,39.54],[140.999,39.539],[141.006,39.537],[141.01,39.534],[141.011,39.529],[141.015,39.529],[141.019,39.527],[141.023,39.526],[141.026,39.525],[141.031,39.526],[141.037,39.526],[141.04,39.526],[141.046,39.527],[141.052,39.527],[141.055,39.528],[141.06,39.525],[141.064,39.524],[141.068,39.522],[141.074,39.527],[141.077,39.529],[141.082,39.528],[141.078,39.525],[141.082,39.524],[141.084,39.518],[141.083,39.514],[141.088,39.514],[141.092,39.515],[141.098,39.511],[141.103,39.508],[141.107,39.507],[141.11,39.506],[141.116,39.508],[141.136,39.511],[141.143,39.511],[141.147,39.511],[141.151,39.509],[141.156,39.508],[141.164,39.509],[141.169,39.509],[141.168,39.506],[141.171,39.505],[141.174,39.505],[141.18,39.505],[141.183,39.503],[141.192,39.5],[141.196,39.499],[141.202,39.495],[141.209,39.492],[141.212,39.49],[141.216,39.49],[141.22,39.488],[141.225,39.487],[141.23,39.486],[141.234,39.487],[141.237,39.487],[141.241,39.487],[141.247,39.487],[141.252,39.488],[141.257,39.49],[141.26,39.49],[141.261,39.487],[141.265,39.483],[141.27,39.484],[141.274,39.483],[141.278,39.483],[141.282,39.486],[141.283,39.49],[141.287,39.494],[141.288,39.499],[141.288,39.504],[141.292,39.507],[141.296,39.509],[141.292,39.516],[141.287,39.517],[141.285,39.521],[141.284,39.525],[141.289,39.529],[141.29,39.533],[141.288,39.536],[141.289,39.54],[141.286,39.544],[141.286,39.548],[141.288,39.554],[141.291,39.558],[141.295,39.56],[141.298,39.563],[141.294,39.566],[141.3,39.569],[141.305,39.572],[141.308,39.577],[141.309,39.581],[141.305,39.584],[141.303,39.587],[141.3,39.588],[141.298,39.592],[141.294,39.596],[141.291,39.6],[141.289,39.605],[141.284,39.608],[141.281,39.603],[141.278,39.599],[141.278,39.596],[141.28,39.592],[141.277,39.59],[141.274,39.587],[141.272,39.584],[141.268,39.583],[141.264,39.586],[141.255,39.589],[141.252,39.591],[141.249,39.595],[141.243,39.599],[141.24,39.603],[141.231,39.606],[141.225,39.606],[141.221,39.606],[141.213,39.604],[141.204,39.601],[141.199,39.601],[141.197,39.597]]]]}},{"type":"Feature","properties":{"name":"紫波郡矢巾町","code":"03322"},"geometry":{"type":"MultiPolygon","coordinates":[[[[141.055,39.642],[141.052,39.641],[141.047,39.637],[141.045,39.63],[141.048,39.63],[141.054,39.626],[141.057,39.622],[141.053,39.618],[141.048,39.616],[141.05,39.611],[141.054,39.608],[141.057,39.605],[141.059,39.6],[141.062,39.598],[141.066,39.598],[141.07,39.603],[141.077,39.598],[141.08,39.597],[141.085,39.595],[141.089,39.595],[141.093,39.595],[141.092,39.59],[141.098,39.585],[141.098,39.58],[141.105,39.58],[141.112,39.58],[141.117,39.585],[141.117,39.588],[141.12,39.587],[141.125,39.586],[141.126,39.582],[141.123,39.581],[141.128,39.579],[141.134,39.578],[141.13,39.574],[141.135,39.573],[141.141,39.573],[141.146,39.575],[141.142,39.577],[141.136,39.576],[141.141,39.578],[141.145,39.581],[141.15,39.582],[141.155,39.584],[141.16,39.582],[141.167,39.579],[141.166,39.585],[141.169,39.583],[141.171,39.579],[141.174,39.579],[141.175,39.582],[141.18,39.583],[141.184,39.585],[141.191,39.588],[141.196,39.591],[141.196,39.595],[141.197,39.599],[141.194,39.604],[141.193,39.607],[141.193,39.611],[141.188,39.613],[141.184,39.617],[141.181,39.62],[141.181,39.626],[141.18,39.629],[141.177,39.632],[141.173,39.632],[141.156,39.633],[141.151,39.634],[141.148,39.638],[141.146,39.641],[141.14,39.644],[141.136,39.643],[141.133,39.651],[141.128,39.651],[141.124,39.649],[141.118,39.645],[141.116,39.642],[141.108,39.641],[141.107,39.637],[141.101,39.634],[141.095,39.635],[141.09,39.635],[141.086,39.635],[141.08,39.636],[141.074,39.634],[141.071,39.635],[141.068,39.634],[141.064,39.636],[141.062,39.64],[141.058,39.642],[141.055,39.642]]]]}},{"type":"Feature","properties":{"name":"和賀郡西和賀町","code":"03366"},"geometry":{"type":"MultiPolygon","coordinates":[[[[140.883,39.518],[140.88,39.518],[140.879,39.522],[140.874,39.523],[140.874,39.527],[140.87,39.529],[140.871,39.533],[140.876,39.534],[140.876,39.538],[140.876,39.542],[140.871,39.547],[140.872,39.55],[140.868,39.551],[140.868,39.555],[140.866,39.558],[140.863,39.563],[140.857,39.569],[140.856,39.573],[140.86,39.576],[140.857,39.58],[140.852,39.583],[140.848,39.585],[140.845,39.587],[140.842,39.59],[140.84,39.594],[140.834,39.593],[140.828,39.593],[140.824,39.592],[140.82,39.591],[140.814,39.59],[140.807,39.591],[140.801,39.597],[140.796,39.603],[140.793,39.603],[140.787,39.603],[140.782,39.604],[140.779,39.6],[140.779,39.596],[140.781,39.592],[140.775,39.591],[140.772,39.59],[140.767,39.588],[140.762,39.585],[140.761,39.581],[140.758,39.577],[140.754,39.571],[140.751,39.57],[140.747,39.569],[140.74,39.565],[140.737,39.565],[140.73,39.566],[140.727,39.559],[140.727,39.556],[140.733,39.55],[140.736,39.549],[140.74,39.547],[140.74,39.541],[140.741,39.536],[140.738,39.526],[140.738,39.523],[140.733,39.522],[140.727,39.52],[140.725,39.517],[140.721,39.514],[140.724,39.511],[140.723,39.504],[140.72,39.505],[140.717,39.501],[140.714,39.499],[140.713,39.494],[140.717,39.489],[140.719,39.485],[140.723,39.483],[140.722,39.479],[140.716,39.479],[140.713,39.477],[140.709,39.475],[140.706,39.472],[140.702,39.47],[140.696,39.466],[140.69,39.465],[140.687,39.46],[140.683,39.457],[140.681,39.453],[140.678,39.449],[140.678,39.445],[140.682,39.442],[140.686,39.437],[140.686,39.43],[140.685,39.425],[140.683,39.422],[140.681,39.418],[140.677,39.419],[140.671,39.418],[140.666,39.417],[140.662,39.415],[140.658,39.414],[140.659,39.409],[140.663,39.408],[140.664,39.404],[140.659,39.401],[140.657,39.397],[140.656,39.394],[140.653,39.391],[140.658,39.389],[140.661,39.386],[140.665,39.385],[140.67,39.384],[140.675,39.386],[140.679,39.383],[140.679,39.379],[140.678,39.373],[140.676,39.368],[140.682,39.364],[140.685,39.362],[140.688,39.359],[140.693,39.358],[140.691,39.355],[140.688,39.351],[140.688,39.348],[140.692,39.345],[140.696,39.345],[140.7,39.343],[140.703,39.344],[140.704,39.34],[140.706,39.337],[140.709,39.33],[140.706,39.329],[140.7,39.329],[140.698,39.325],[140.698,39.322],[140.694,39.32],[140.693,39.316],[140.697,39.31],[140.694,39.305],[140.694,39.3],[140.698,39.3],[140.702,39.3],[140.705,39.3],[140.708,39.297],[140.712,39.297],[140.717,39.297],[140.719,39.291],[140.718,39.287],[140.718,39.283],[140.717,39.278],[140.718,39.274],[140.723,39.272],[140.728,39.27],[140.733,39.266],[140.736,39.267],[140.74,39.263],[140.746,39.261],[140.751,39.263],[140.753,39.258],[140.757,39.255],[140.761,39.255],[140.765,39.253],[140.769,39.252],[140.77,39.249],[140.776,39.244],[140.781,39.24],[140.789,39.238],[140.786,39.235],[140.786,39.231],[140.788,39.227],[140.783,39.225],[140.774,39.223],[140.77,39.223],[140.769,39.219],[140.766,39.216],[140.764,39.211],[140.768,39.205],[140.767,39.201],[140.765,39.198],[140.769,39.195],[140.779,39.195],[140.785,39.191],[140.789,39.189],[140.795,39.19],[140.8,39.188],[140.806,39.183],[140.808,39.178],[140.816,39.176],[140.82,39.176],[140.824,39.176],[140.827,39.175],[140.826,39.169],[140.832,39.165],[140.838,39.167],[140.842,39.169],[140.846,39.171],[140.849,39.173],[140.853,39.176],[140.858,39.177],[140.856,39.183],[140.856,39.186],[140.855,39.191],[140.856,39.196],[140.86,39.2],[140.856,39.203],[140.855,39.208],[140.858,39.213],[140.861,39.213],[140.864,39.215],[140.866,39.219],[140.873,39.221],[140.88,39.227],[140.882,39.23],[140.887,39.231],[140.89,39.238],[140.89,39.242],[140.886,39.245],[140.885,39.248],[140.881,39.25],[140.877,39.253],[140.879,39.256],[140.879,39.259],[140.877,39.262],[140.882,39.265],[140.885,39.265],[140.886,39.268],[140.886,39.272],[140.889,39.275],[140.893,39.279],[140.897,39.283],[140.897,39.287],[140.895,39.29],[140.893,39.295],[140.889,39.302],[140.896,39.304],[140.895,39.31],[140.895,39.313],[140.892,39.317],[140.89,39.321],[140.888,39.324],[140.888,39.328],[140.883,39.332],[140.879,39.335],[140.874,39.337],[140.873,39.342],[140.873,39.348],[140.873,39.354],[140.872,39.357],[140.865,39.363],[140.861,39.364],[140.859,39.368],[140.858,39.371],[140.859,39.376],[140.854,39.379],[140.849,39.381],[140.845,39.382],[140.844,39.386],[140.844,39.389],[140.848,39.394],[140.845,39.395],[140.841,39.399],[140.837,39.403],[140.832,39.403],[140.826,39.404],[140.823,39.408],[140.821,39.411],[140.817,39.413],[140.817,39.418],[140.824,39.42],[140.826,39.425],[140.828,39.428],[140.824,39.43],[140.829,39.431],[140.833,39.433],[140.838,39.438],[140.842,39.439],[140.845,39.436],[140.85,39.432],[140.854,39.436],[140.856,39.439],[140.862,39.441],[140.863,39.447],[140.867,39.449],[140.868,39.453],[140.867,39.457],[140.87,39.46],[140.871,39.464],[140.872,39.468],[140.877,39.475],[140.88,39.479],[140.884,39.48],[140.884,39.484],[140.885,39.489],[140.88,39.49],[140.883,39.493],[140.881,39.499],[140.881,39.504],[140.886,39.508],[140.889,39.51],[140.886,39.514],[140.883,39.518]]]]}},{"type":"Feature","properties":{"name":"胆沢郡金ケ崎町","code":"03381"},"geometry":{"type":"MultiPolygon","coordinates":[[[[140.891,39.182],[140.895,39.178],[140.897,39.174],[140.901,39.171],[140.906,39.173],[140.913,39.171],[140.919,39.17],[140.963,39.15],[140.965,39.147],[140.968,39.146],[140.974,39.143],[140.98,39.142],[140.983,39.138],[140.991,39.136],[140.995,39.134],[140.999,39.134],[141.007,39.134],[141.01,39.132],[141.014,39.13],[141.02,39.13],[141.025,39.132],[141.031,39.132],[141.034,39.135],[141.038,39.142],[141.043,39.147],[141.06,39.151],[141.074,39.158],[141.078,39.159],[141.081,39.16],[141.086,39.163],[141.096,39.169],[141.1,39.172],[141.101,39.176],[141.104,39.177],[141.108,39.181],[141.118,39.186],[141.125,39.188],[141.133,39.187],[141.139,39.19],[141.143,39.191],[141.141,39.194],[141.136,39.195],[141.13,39.195],[141.126,39.199],[141.127,39.205],[141.13,39.21],[141.13,39.218],[141.127,39.223],[141.123,39.225],[141.117,39.226],[141.107,39.227],[141.104,39.23],[141.101,39.23],[141.096,39.229],[141.093,39.229],[141.089,39.231],[141.085,39.232],[141.083,39.238],[141.078,39.24],[141.074,39.242],[141.075,39.246],[141.074,39.249],[141.071,39.25],[141.061,39.25],[141.055,39.25],[141.052,39.251],[141.052,39.255],[141.057,39.257],[141.052,39.259],[141.047,39.257],[141.043,39.256],[141.04,39.255],[141.04,39.25],[141.036,39.25],[141.032,39.252],[141.014,39.245],[141.005,39.242],[140.998,39.238],[140.994,39.237],[140.988,39.237],[140.985,39.236],[140.98,39.236],[140.976,39.236],[140.972,39.235],[140.966,39.235],[140.961,39.233],[140.957,39.233],[140.954,39.234],[140.951,39.231],[140.946,39.232],[140.943,39.23],[140.942,39.226],[140.936,39.225],[140.933,39.223],[140.935,39.22],[140.93,39.217],[140.928,39.214],[140.927,39.211],[140.926,39.208],[140.924,39.203],[140.919,39.201],[140.92,39.196],[140.911,39.195],[140.907,39.193],[140.902,39.193],[140.898,39.19],[140.893,39.186],[140.891,39.182]]]]}},{"type":"Feature","properties":{"name":"西磐井郡平泉町","code":"03402"},"geometry":{"type":"MultiPolygon","coordinates":[[[[141.178,39.018],[141.174,39.017],[141.169,39.018],[141.162,39.013],[141.157,39.014],[141.148,39.016],[141.141,39.019],[141.138,39.021],[141.134,39.02],[141.128,39.013],[141.123,39.014],[141.12,39.014],[141.119,39.018],[141.114,39.022],[141.108,39.027],[141.104,39.029],[141.105,39.02],[141.11,39.019],[141.11,39.016],[141.111,39.013],[141.111,39.009],[141.111,39.006],[141.108,39.005],[141.1,39.006],[141.096,39.004],[141.091,39.007],[141.087,39.003],[141.082,39.003],[141.077,39.003],[141.074,39.002],[141.07,39.002],[141.065,39.003],[141.061,39.0],[141.058,38.999],[141.052,39.0],[141.048,39.001],[141.045,39.001],[141.038,39.0],[141.031,38.997],[141.026,38.992],[141.02,38.991],[141.016,38.988],[141.013,38.988],[141.01,38.988],[141.006,38.985],[141.01,38.982],[141.013,38.98],[141.014,38.976],[141.016,38.973],[141.021,38.973],[141.027,38.97],[141.036,38.968],[141.04,38.967],[141.043,38.967],[141.05,38.966],[141.057,38.965],[141.061,38.961],[141.065,38.964],[141.069,38.963],[141.073,38.961],[141.076,38.962],[141.079,38.963],[141.083,38.964],[141.088,38.965],[141.092,38.967],[141.095,38.968],[141.101,38.965],[141.105,38.966],[141.11,38.969],[141.111,38.964],[141.113,38.96],[141.109,38.957],[141.108,38.954],[141.11,38.95],[141.115,38.954],[141.121,38.957],[141.128,38.957],[141.129,38.963],[141.127,38.968],[141.132,38.969],[141.136,38.971],[141.141,38.976],[141.147,38.98],[141.151,38.977],[141.155,38.976],[141.158,38.98],[141.163,38.982],[141.166,38.985],[141.169,38.984],[141.174,38.985],[141.179,38.987],[141.184,38.986],[141.186,38.993],[141.188,38.996],[141.192,39.0],[141.19,39.003],[141.186,39.009],[141.184,39.012],[141.181,39.015],[141.178,39.018]]]]}},{"type":"Feature","properties":{"name":"気仙郡住田町","code":"03441"},"geometry":{"type":"MultiPolygon","coordinates":[[[[141.697,39.267],[141.694,39.267],[141.688,39.263],[141.684,39.259],[141.679,39.26],[141.672,39.253],[141.669,39.253],[141.662,39.251],[141.662,39.246],[141.659,39.243],[141.655,39.245],[141.645,39.248],[141.64,39.25],[141.635,39.252],[141.632,39.251],[141.629,39.247],[141.623,39.249],[141.619,39.25],[141.615,39.249],[141.611,39.252],[141.606,39.252],[141.601,39.248],[141.597,39.246],[141.592,39.245],[141.588,39.247],[141.586,39.25],[141.583,39.25],[141.579,39.252],[141.577,39.256],[141.572,39.26],[141.567,39.259],[141.562,39.26],[141.559,39.257],[141.557,39.253],[141.552,39.25],[141.547,39.25],[141.544,39.247],[141.541,39.243],[141.536,39.245],[141.533,39.245],[141.529,39.245],[141.524,39.245],[141.52,39.248],[141.516,39.246],[141.514,39.241],[141.51,39.237],[141.506,39.237],[141.503,39.234],[141.499,39.237],[141.496,39.24],[141.493,39.24],[141.487,39.238],[141.483,39.235],[141.478,39.234],[141.48,39.231],[141.482,39.228],[141.481,39.224],[141.481,39.221],[141.478,39.218],[141.476,39.215],[141.479,39.212],[141.473,39.211],[141.468,39.208],[141.462,39.205],[141.456,39.2],[141.452,39.199],[141.447,39.201],[141.441,39.192],[141.437,39.194],[141.434,39.195],[141.427,39.195],[141.42,39.197],[141.414,39.199],[141.407,39.202],[141.402,39.201],[141.397,39.2],[141.393,39.197],[141.389,39.194],[141.384,39.193],[141.377,39.192],[141.373,39.189],[141.379,39.186],[141.386,39.185],[141.389,39.182],[141.384,39.177],[141.388,39.174],[141.388,39.169],[141.385,39.166],[141.385,39.162],[141.389,39.16],[141.394,39.155],[141.394,39.152],[141.39,39.148],[141.39,39.145],[141.393,39.141],[141.397,39.138],[141.402,39.139],[141.407,39.136],[141.409,39.13],[141.41,39.125],[141.409,39.122],[141.406,39.119],[141.408,39.116],[141.41,39.112],[141.414,39.107],[141.418,39.108],[141.425,39.109],[141.432,39.111],[141.439,39.11],[141.443,39.108],[141.447,39.106],[141.451,39.107],[141.455,39.104],[141.458,39.103],[141.463,39.102],[141.464,39.106],[141.468,39.108],[141.467,39.113],[141.468,39.117],[141.466,39.121],[141.467,39.125],[141.473,39.126],[141.477,39.122],[141.484,39.115],[141.488,39.115],[141.494,39.11],[141.498,39.111],[141.502,39.113],[141.506,39.114],[141.515,39.111],[141.517,39.107],[141.519,39.102],[141.525,39.095],[141.528,39.1],[141.528,39.103],[141.531,39.105],[141.536,39.102],[141.544,39.097],[141.548,39.096],[141.553,39.099],[141.557,39.103],[141.559,39.108],[141.559,39.112],[141.567,39.111],[141.574,39.11],[141.579,39.112],[141.583,39.109],[141.586,39.104],[141.59,39.101],[141.594,39.103],[141.597,39.101],[141.603,39.104],[141.608,39.106],[141.613,39.108],[141.619,39.11],[141.626,39.112],[141.62,39.114],[141.618,39.118],[141.619,39.123],[141.619,39.129],[141.623,39.132],[141.625,39.136],[141.629,39.137],[141.631,39.145],[141.632,39.149],[141.632,39.152],[141.637,39.155],[141.643,39.161],[141.643,39.165],[141.639,39.167],[141.64,39.171],[141.645,39.173],[141.648,39.177],[141.654,39.177],[141.658,39.177],[141.663,39.176],[141.67,39.175],[141.678,39.176],[141.683,39.18],[141.687,39.183],[141.692,39.184],[141.695,39.183],[141.701,39.187],[141.708,39.189],[141.713,39.193],[141.718,39.2],[141.723,39.202],[141.726,39.202],[141.725,39.206],[141.721,39.21],[141.717,39.214],[141.715,39.218],[141.706,39.217],[141.702,39.218],[141.702,39.221],[141.704,39.226],[141.706,39.229],[141.709,39.231],[141.71,39.237],[141.708,39.241],[141.706,39.244],[141.705,39.248],[141.705,39.252],[141.706,39.261],[141.706,39.264],[141.702,39.265],[141.697,39.267]]]]}},{"type":"Feature","properties":{"name":"上閉伊郡大槌町","code":"03461"},"geometry":{"type":"MultiPolygon","coordinates":[[[[141.721,39.446],[141.721,39.439],[141.724,39.434],[141.72,39.429],[141.724,39.426],[141.729,39.427],[141.733,39.426],[141.736,39.424],[141.742,39.423],[141.743,39.42],[141.746,39.417],[141.742,39.413],[141.742,39.408],[141.743,39.404],[141.744,39.4],[141.747,39.397],[141.745,39.394],[141.75,39.392],[141.755,39.392],[141.759,39.39],[141.763,39.389],[141.769,39.388],[141.774,39.389],[141.779,39.386],[141.783,39.384],[141.791,39.38],[141.788,39.375],[141.79,39.371],[141.801,39.371],[141.811,39.373],[141.815,39.373],[141.818,39.372],[141.823,39.37],[141.829,39.366],[141.832,39.367],[141.841,39.367],[141.846,39.364],[141.848,39.359],[141.852,39.357],[141.855,39.357],[141.859,39.357],[141.863,39.355],[141.869,39.351],[141.874,39.348],[141.878,39.345],[141.884,39.344],[141.889,39.346],[141.895,39.347],[141.899,39.349],[141.904,39.349],[141.907,39.348],[141.914,39.347],[141.913,39.35],[141.917,39.352],[141.915,39.355],[141.918,39.355],[141.928,39.352],[141.935,39.351],[141.939,39.348],[141.942,39.351],[141.946,39.35],[141.949,39.353],[141.956,39.356],[141.959,39.359],[141.957,39.362],[141.961,39.366],[141.965,39.368],[141.968,39.375],[141.965,39.378],[141.959,39.376],[141.952,39.372],[141.949,39.371],[141.945,39.372],[141.944,39.377],[141.939,39.38],[141.938,39.384],[141.94,39.387],[141.943,39.388],[141.945,39.392],[141.948,39.394],[141.951,39.396],[141.953,39.399],[141.95,39.4],[141.944,39.403],[141.938,39.403],[141.934,39.402],[141.931,39.406],[141.925,39.404],[141.916,39.4],[141.909,39.402],[141.906,39.402],[141.903,39.401],[141.897,39.399],[141.893,39.4],[141.891,39.403],[141.887,39.405],[141.883,39.408],[141.882,39.413],[141.879,39.416],[141.874,39.417],[141.869,39.419],[141.866,39.42],[141.863,39.424],[141.861,39.429],[141.861,39.435],[141.859,39.439],[141.853,39.442],[141.85,39.448],[141.847,39.45],[141.843,39.451],[141.84,39.456],[141.84,39.46],[141.837,39.462],[141.831,39.464],[141.823,39.463],[141.817,39.466],[141.815,39.471],[141.814,39.478],[141.81,39.482],[141.807,39.485],[141.807,39.488],[141.799,39.495],[141.798,39.499],[141.793,39.502],[141.788,39.504],[141.782,39.51],[141.782,39.514],[141.777,39.515],[141.77,39.518],[141.765,39.518],[141.761,39.523],[141.756,39.526],[141.75,39.527],[141.746,39.529],[141.742,39.528],[141.74,39.525],[141.739,39.521],[141.739,39.518],[141.738,39.514],[141.736,39.511],[141.733,39.509],[141.73,39.509],[141.725,39.507],[141.72,39.508],[141.715,39.507],[141.712,39.505],[141.709,39.501],[141.706,39.496],[141.704,39.492],[141.703,39.488],[141.704,39.485],[141.702,39.479],[141.708,39.472],[141.709,39.469],[141.712,39.464],[141.715,39.463],[141.715,39.458],[141.716,39.454],[141.72,39.449]]]]}},{"type":"Feature","properties":{"name":"九戸郡軽米町","code":"03501"},"geometry":{"type":"MultiPolygon","coordinates":[[[[141.584,40.233],[141.583,40.237],[141.583,40.24],[141.588,40.242],[141.592,40.244],[141.597,40.244],[141.6,40.242],[141.606,40.242],[141.611,40.245],[141.611,40.25],[141.611,40.254],[141.612,40.258],[141.611,40.261],[141.611,40.265],[141.611,40.269],[141.608,40.269],[141.604,40.271],[141.6,40.271],[141.596,40.273],[141.59,40.276],[141.587,40.277],[141.584,40.281],[141.584,40.286],[141.587,40.288],[141.589,40.292],[141.588,40.296],[141.584,40.297],[141.579,40.298],[141.577,40.303],[141.578,40.307],[141.584,40.311],[141.577,40.313],[141.573,40.316],[141.571,40.319],[141.573,40.322],[141.582,40.324],[141.581,40.33],[141.588,40.335],[141.584,40.335],[141.584,40.339],[141.589,40.344],[141.593,40.342],[141.596,40.344],[141.6,40.344],[141.602,40.348],[141.601,40.352],[141.608,40.353],[141.605,40.357],[141.602,40.359],[141.599,40.361],[141.593,40.361],[141.59,40.361],[141.59,40.365],[141.587,40.368],[141.584,40.368],[141.582,40.372],[141.577,40.371],[141.573,40.37],[141.572,40.366],[141.568,40.364],[141.564,40.362],[141.561,40.361],[141.556,40.361],[141.553,40.358],[141.55,40.357],[141.545,40.351],[141.539,40.348],[141.536,40.347],[141.532,40.351],[141.526,40.35],[141.518,40.352],[141.515,40.354],[141.511,40.358],[141.507,40.363],[141.504,40.364],[141.499,40.362],[141.497,40.366],[141.492,40.37],[141.488,40.372],[141.483,40.375],[141.476,40.376],[141.471,40.376],[141.466,40.377],[141.463,40.375],[141.46,40.375],[141.456,40.375],[141.451,40.374],[141.446,40.374],[141.442,40.376],[141.438,40.374],[141.434,40.374],[141.432,40.368],[141.427,40.365],[141.427,40.362],[141.423,40.361],[141.419,40.364],[141.407,40.357],[141.404,40.361],[141.403,40.365],[141.397,40.367],[141.394,40.364],[141.393,40.36],[141.389,40.359],[141.39,40.353],[141.386,40.349],[141.382,40.345],[141.377,40.339],[141.373,40.343],[141.37,40.338],[141.358,40.334],[141.353,40.331],[141.353,40.325],[141.355,40.322],[141.356,40.317],[141.356,40.314],[141.354,40.308],[141.354,40.304],[141.355,40.3],[141.359,40.3],[141.363,40.301],[141.365,40.296],[141.366,40.292],[141.368,40.288],[141.368,40.284],[141.37,40.28],[141.371,40.276],[141.373,40.272],[141.377,40.273],[141.384,40.275],[141.389,40.275],[141.392,40.275],[141.404,40.281],[141.411,40.28],[141.414,40.281],[141.42,40.28],[141.419,40.277],[141.423,40.275],[141.429,40.277],[141.434,40.276],[141.439,40.28],[141.441,40.276],[141.442,40.273],[141.444,40.263],[141.451,40.264],[141.454,40.259],[141.456,40.255],[141.458,40.25],[141.457,40.244],[141.467,40.24],[141.474,40.236],[141.478,40.236],[141.484,40.234],[141.487,40.232],[141.494,40.228],[141.497,40.225],[141.503,40.226],[141.507,40.223],[141.512,40.222],[141.516,40.221],[141.519,40.226],[141.519,40.23],[141.521,40.234],[141.526,40.233],[141.532,40.229],[141.537,40.228],[141.543,40.229],[141.547,40.231],[141.551,40.234],[141.557,40.233],[141.562,40.23],[141.566,40.232],[141.57,40.231],[141.575,40.229],[141.578,40.233],[141.584,40.233]]]]}},{"type":"Feature","properties":{"name":"九戸郡野田村","code":"03503"},"geometry":{"type":"MultiPolygon","coordinates":[[[[141.812,40.013],[141.816,40.015],[141.82,40.018],[141.824,40.018],[141.828,40.018],[141.832,40.019],[141.835,40.021],[141.837,40.025],[141.839,40.029],[141.841,40.035],[141.84,40.039],[141.844,40.044],[141.848,40.048],[141.851,40.052],[141.855,40.056],[141.852,40.055],[141.849,40.061],[141.845,40.064],[141.843,40.067],[141.839,40.07],[141.833,40.075],[141.833,40.079],[141.829,40.083],[141.829,40.086],[141.831,40.092],[141.827,40.096],[141.826,40.101],[141.827,40.107],[141.829,40.113],[141.834,40.116],[141.835,40.12],[141.837,40.125],[141.841,40.129],[141.838,40.133],[141.833,40.134],[141.828,40.135],[141.823,40.136],[141.817,40.13],[141.816,40.126],[141.816,40.122],[141.817,40.116],[141.814,40.117],[141.81,40.116],[141.802,40.119],[141.797,40.118],[141.79,40.12],[141.786,40.117],[141.784,40.111],[141.778,40.11],[141.772,40.111],[141.771,40.114],[141.767,40.112],[141.764,40.109],[141.761,40.107],[141.759,40.103],[141.755,40.1],[141.752,40.099],[141.745,40.096],[141.74,40.093],[141.739,40.089],[141.737,40.085],[141.734,40.08],[141.735,40.074],[141.737,40.07],[141.738,40.066],[141.741,40.06],[141.746,40.058],[141.748,40.052],[141.754,40.049],[141.758,40.048],[141.758,40.042],[141.758,40.037],[141.757,40.032],[141.759,40.027],[141.764,40.024],[141.811,40.014]]]]}},{"type":"Feature","properties":{"name":"九戸郡九戸村","code":"03506"},"geometry":{"type":"MultiPolygon","coordinates":[[[[141.507,40.221],[141.504,40.224],[141.5,40.226],[141.494,40.227],[141.489,40.231],[141.484,40.234],[141.478,40.236],[141.474,40.236],[141.47,40.239],[141.46,40.242],[141.458,40.247],[141.458,40.255],[141.454,40.259],[141.453,40.263],[141.447,40.264],[141.44,40.27],[141.441,40.276],[141.439,40.28],[141.437,40.276],[141.429,40.277],[141.425,40.276],[141.42,40.276],[141.42,40.28],[141.414,40.281],[141.411,40.28],[141.407,40.279],[141.395,40.277],[141.389,40.275],[141.384,40.275],[141.377,40.273],[141.374,40.271],[141.375,40.267],[141.376,40.264],[141.38,40.261],[141.382,40.257],[141.383,40.252],[141.383,40.248],[141.384,40.243],[141.386,40.235],[141.386,40.228],[141.386,40.225],[141.388,40.222],[141.392,40.219],[141.391,40.215],[141.391,40.209],[141.387,40.206],[141.388,40.202],[141.385,40.198],[141.384,40.194],[141.388,40.184],[141.389,40.18],[141.39,40.175],[141.394,40.175],[141.396,40.169],[141.4,40.166],[141.401,40.163],[141.4,40.157],[141.397,40.151],[141.395,40.148],[141.392,40.147],[141.389,40.143],[141.386,40.138],[141.386,40.134],[141.391,40.133],[141.395,40.132],[141.401,40.129],[141.404,40.126],[141.407,40.123],[141.409,40.119],[141.411,40.115],[141.411,40.11],[141.415,40.107],[141.421,40.108],[141.426,40.109],[141.428,40.104],[141.437,40.105],[141.44,40.103],[141.446,40.106],[141.45,40.107],[141.451,40.111],[141.457,40.113],[141.462,40.117],[141.461,40.122],[141.459,40.129],[141.456,40.134],[141.461,40.135],[141.463,40.138],[141.464,40.141],[141.469,40.143],[141.474,40.147],[141.476,40.15],[141.476,40.155],[141.478,40.158],[141.478,40.161],[141.48,40.166],[141.48,40.17],[141.483,40.174],[141.488,40.179],[141.486,40.182],[141.485,40.186],[141.482,40.189],[141.486,40.191],[141.49,40.193],[141.495,40.197],[141.493,40.201],[141.492,40.206],[141.5,40.209],[141.505,40.215],[141.507,40.219]]]]}},{"type":"Feature","properties":{"name":"九戸郡洋野町","code":"03507"},"geometry":{"type":"MultiPolygon","coordinates":[[[[141.794,40.296],[141.793,40.3],[141.791,40.303],[141.788,40.307],[141.785,40.312],[141.783,40.316],[141.78,40.317],[141.775,40.32],[141.774,40.324],[141.772,40.331],[141.771,40.335],[141.771,40.34],[141.772,40.343],[141.769,40.347],[141.764,40.347],[141.764,40.351],[141.759,40.353],[141.754,40.356],[141.753,40.36],[141.755,40.364],[141.755,40.368],[141.751,40.371],[141.747,40.377],[141.741,40.379],[141.739,40.384],[141.733,40.385],[141.73,40.388],[141.728,40.391],[141.724,40.396],[141.721,40.4],[141.721,40.404],[141.721,40.408],[141.718,40.413],[141.715,40.418],[141.71,40.421],[141.706,40.422],[141.702,40.426],[141.701,40.43],[141.699,40.433],[141.694,40.435],[141.691,40.439],[141.689,40.444],[141.685,40.447],[141.683,40.45],[141.678,40.449],[141.674,40.446],[141.675,40.443],[141.671,40.44],[141.668,40.436],[141.664,40.435],[141.66,40.431],[141.656,40.43],[141.652,40.428],[141.647,40.428],[141.639,40.423],[141.631,40.42],[141.627,40.421],[141.619,40.421],[141.616,40.42],[141.613,40.415],[141.609,40.415],[141.606,40.414],[141.601,40.414],[141.595,40.412],[141.59,40.407],[141.586,40.405],[141.585,40.401],[141.581,40.398],[141.582,40.394],[141.585,40.39],[141.583,40.385],[141.587,40.381],[141.581,40.376],[141.582,40.372],[141.584,40.368],[141.587,40.368],[141.59,40.365],[141.59,40.361],[141.593,40.361],[141.599,40.361],[141.602,40.359],[141.605,40.357],[141.609,40.356],[141.604,40.352],[141.6,40.35],[141.6,40.344],[141.596,40.343],[141.593,40.342],[141.589,40.344],[141.585,40.341],[141.582,40.336],[141.588,40.335],[141.581,40.33],[141.583,40.325],[141.575,40.324],[141.571,40.321],[141.572,40.316],[141.575,40.314],[141.581,40.312],[141.578,40.307],[141.577,40.303],[141.578,40.3],[141.581,40.297],[141.588,40.296],[141.589,40.292],[141.587,40.288],[141.584,40.286],[141.582,40.283],[141.585,40.278],[141.59,40.276],[141.594,40.275],[141.599,40.273],[141.603,40.27],[141.608,40.269],[141.611,40.269],[141.611,40.265],[141.611,40.261],[141.612,40.258],[141.611,40.254],[141.611,40.25],[141.612,40.247],[141.606,40.242],[141.6,40.242],[141.597,40.244],[141.592,40.244],[141.588,40.242],[141.583,40.24],[141.583,40.237],[141.584,40.233],[141.589,40.232],[141.594,40.228],[141.6,40.226],[141.603,40.225],[141.606,40.225],[141.612,40.223],[141.617,40.222],[141.617,40.219],[141.621,40.218],[141.626,40.218],[141.63,40.218],[141.638,40.216],[141.642,40.215],[141.647,40.214],[141.651,40.214],[141.657,40.215],[141.664,40.216],[141.669,40.218],[141.673,40.218],[141.676,40.218],[141.682,40.219],[141.687,40.218],[141.682,40.223],[141.683,40.228],[141.678,40.233],[141.677,40.24],[141.681,40.24],[141.688,40.242],[141.694,40.241],[141.699,40.241],[141.702,40.242],[141.708,40.242],[141.715,40.242],[141.724,40.244],[141.729,40.243],[141.723,40.248],[141.728,40.25],[141.727,40.255],[141.73,40.264],[141.734,40.267],[141.732,40.27],[141.736,40.274],[141.741,40.274],[141.746,40.274],[141.754,40.274],[141.758,40.274],[141.764,40.273],[141.767,40.272],[141.764,40.274],[141.77,40.275],[141.776,40.278],[141.779,40.281],[141.779,40.285],[141.781,40.29],[141.784,40.29],[141.789,40.292],[141.789,40.296],[141.793,40.295]]]]}},{"type":"Feature","properties":{"name":"二戸郡一戸町","code":"03524"},"geometry":{"type":"MultiPolygon","coordinates":[[[[141.158,40.089],[141.161,40.085],[141.159,40.081],[141.162,40.079],[141.166,40.079],[141.171,40.075],[141.178,40.07],[141.181,40.066],[141.187,40.061],[141.202,40.058],[141.206,40.059],[141.21,40.059],[141.217,40.059],[141.222,40.058],[141.228,40.06],[141.234,40.055],[141.238,40.054],[141.244,40.054],[141.245,40.05],[141.247,40.046],[141.25,40.044],[141.254,40.042],[141.262,40.044],[141.269,40.042],[141.274,40.042],[141.277,40.042],[141.28,40.038],[141.287,40.031],[141.292,40.033],[141.296,40.035],[141.299,40.041],[141.294,40.044],[141.29,40.048],[141.289,40.054],[141.29,40.06],[141.293,40.06],[141.297,40.06],[141.303,40.055],[141.307,40.055],[141.313,40.052],[141.317,40.055],[141.322,40.057],[141.326,40.056],[141.33,40.059],[141.333,40.058],[141.338,40.056],[141.343,40.058],[141.342,40.061],[141.347,40.061],[141.352,40.062],[141.358,40.065],[141.364,40.068],[141.359,40.074],[141.356,40.076],[141.352,40.077],[141.352,40.081],[141.348,40.085],[141.346,40.091],[141.341,40.092],[141.341,40.097],[141.34,40.104],[141.337,40.108],[141.336,40.112],[141.338,40.115],[141.342,40.122],[141.344,40.126],[141.346,40.129],[141.341,40.131],[141.338,40.13],[141.332,40.128],[141.331,40.132],[141.329,40.135],[141.332,40.139],[141.335,40.139],[141.338,40.143],[141.342,40.145],[141.345,40.146],[141.349,40.144],[141.354,40.144],[141.357,40.145],[141.361,40.149],[141.366,40.152],[141.37,40.151],[141.373,40.15],[141.377,40.151],[141.38,40.151],[141.384,40.152],[141.388,40.152],[141.393,40.153],[141.397,40.152],[141.4,40.155],[141.401,40.16],[141.399,40.164],[141.398,40.168],[141.393,40.172],[141.389,40.177],[141.388,40.182],[141.385,40.193],[141.383,40.197],[141.386,40.201],[141.387,40.206],[141.391,40.209],[141.391,40.212],[141.391,40.217],[141.39,40.22],[141.388,40.224],[141.386,40.228],[141.386,40.232],[141.383,40.235],[141.377,40.234],[141.373,40.233],[141.369,40.23],[141.365,40.229],[141.362,40.23],[141.357,40.224],[141.352,40.224],[141.347,40.228],[141.34,40.23],[141.336,40.229],[141.332,40.233],[141.329,40.236],[141.324,40.238],[141.32,40.237],[141.315,40.239],[141.312,40.241],[141.303,40.242],[141.301,40.246],[141.296,40.251],[141.289,40.249],[141.286,40.248],[141.281,40.245],[141.278,40.244],[141.274,40.246],[141.27,40.251],[141.269,40.247],[141.267,40.242],[141.263,40.24],[141.264,40.233],[141.263,40.229],[141.261,40.224],[141.253,40.222],[141.249,40.219],[141.245,40.219],[141.243,40.213],[141.24,40.21],[141.233,40.206],[141.23,40.206],[141.226,40.204],[141.226,40.201],[141.222,40.2],[141.217,40.206],[141.214,40.205],[141.21,40.199],[141.206,40.198],[141.205,40.195],[141.2,40.196],[141.193,40.192],[141.193,40.187],[141.193,40.182],[141.192,40.177],[141.188,40.174],[141.185,40.169],[141.183,40.162],[141.185,40.159],[141.185,40.155],[141.186,40.152],[141.186,40.144],[141.187,40.141],[141.19,40.133],[141.19,40.129],[141.188,40.126],[141.187,40.123],[141.183,40.118],[141.18,40.114],[141.176,40.113],[141.174,40.11],[141.168,40.107],[141.164,40.105],[141.162,40.101],[141.166,40.097],[141.164,40.092],[141.16,40.091]]]]}}]}