{"type":"FeatureCollection","features":[{"type":"Feature","properties":{"name":"仙台市青葉区","code":"04101"},"geometry":{"type":"MultiPolygon","coordinates":[[[[140.626,38.447],[140.624,38.451],[140.62,38.455],[140.615,38.454],[140.61,38.446],[140.604,38.444],[140.601,38.441],[140.598,38.437],[140.594,38.44],[140.591,38.44],[140.587,38.44],[140.583,38.439],[140.581,38.435],[140.58,38.428],[140.579,38.425],[140.578,38.42],[140.573,38.416],[140.571,38.411],[140.573,38.406],[140.575,38.397],[140.578,38.393],[140.575,38.39],[140.571,38.387],[140.568,38.385],[140.565,38.38],[140.563,38.377],[140.564,38.373],[140.569,38.372],[140.569,38.368],[140.573,38.366],[140.578,38.364],[140.581,38.36],[140.584,38.356],[140.588,38.352],[140.591,38.348],[140.593,38.344],[140.59,38.341],[140.591,38.335],[140.59,38.331],[140.591,38.327],[140.586,38.328],[140.584,38.323],[140.59,38.321],[140.599,38.321],[140.602,38.321],[140.605,38.319],[140.608,38.315],[140.603,38.312],[140.6,38.311],[140.597,38.312],[140.592,38.31],[140.586,38.307],[140.585,38.301],[140.585,38.298],[140.591,38.299],[140.595,38.299],[140.599,38.296],[140.604,38.293],[140.608,38.293],[140.61,38.289],[140.613,38.287],[140.617,38.289],[140.621,38.289],[140.625,38.294],[140.63,38.291],[140.636,38.293],[140.641,38.292],[140.644,38.291],[140.65,38.29],[140.655,38.291],[140.658,38.293],[140.662,38.297],[140.666,38.299],[140.67,38.297],[140.673,38.295],[140.678,38.295],[140.68,38.292],[140.677,38.289],[140.677,38.284],[140.676,38.281],[140.683,38.282],[140.685,38.278],[140.685,38.274],[140.69,38.273],[140.694,38.272],[140.696,38.269],[140.698,38.264],[140.703,38.265],[140.707,38.264],[140.71,38.264],[140.714,38.26],[140.716,38.257],[140.715,38.254],[140.718,38.253],[140.723,38.252],[140.725,38.248],[140.729,38.244],[140.736,38.243],[140.739,38.244],[140.744,38.245],[140.749,38.246],[140.752,38.243],[140.755,38.242],[140.762,38.243],[140.767,38.242],[140.771,38.244],[140.775,38.248],[140.779,38.251],[140.784,38.246],[140.789,38.245],[140.792,38.244],[140.796,38.245],[140.795,38.24],[140.795,38.236],[140.799,38.239],[140.802,38.239],[140.808,38.241],[140.805,38.245],[140.809,38.25],[140.813,38.249],[140.818,38.248],[140.822,38.246],[140.826,38.247],[140.83,38.246],[140.833,38.244],[140.84,38.246],[140.843,38.248],[140.848,38.25],[140.852,38.251],[140.857,38.249],[140.861,38.249],[140.865,38.25],[140.868,38.249],[140.872,38.247],[140.876,38.248],[140.88,38.247],[140.881,38.251],[140.882,38.255],[140.884,38.261],[140.885,38.265],[140.894,38.268],[140.897,38.27],[140.893,38.275],[140.893,38.28],[140.896,38.279],[140.9,38.282],[140.895,38.283],[140.897,38.286],[140.894,38.288],[140.89,38.29],[140.89,38.296],[140.889,38.301],[140.883,38.302],[140.881,38.307],[140.875,38.305],[140.869,38.301],[140.863,38.301],[140.858,38.303],[140.857,38.309],[140.85,38.309],[140.845,38.31],[140.84,38.307],[140.836,38.308],[140.832,38.308],[140.832,38.305],[140.831,38.301],[140.829,38.297],[140.819,38.301],[140.815,38.303],[140.81,38.305],[140.806,38.304],[140.803,38.304],[140.801,38.307],[140.793,38.309],[140.793,38.313],[140.792,38.317],[140.789,38.322],[140.783,38.322],[140.779,38.322],[140.775,38.323],[140.77,38.324],[140.764,38.322],[140.759,38.322],[140.756,38.324],[140.753,38.325],[140.746,38.329],[140.743,38.329],[140.739,38.33],[140.733,38.334],[140.727,38.337],[140.724,38.339],[140.718,38.341],[140.718,38.345],[140.722,38.346],[140.724,38.35],[140.729,38.351],[140.731,38.354],[140.733,38.359],[140.73,38.36],[140.725,38.361],[140.718,38.363],[140.715,38.365],[140.707,38.369],[140.702,38.372],[140.697,38.375],[140.693,38.377],[140.689,38.379],[140.688,38.382],[140.691,38.386],[140.693,38.39],[140.697,38.392],[140.7,38.396],[140.7,38.401],[140.697,38.409],[140.693,38.413],[140.697,38.416],[140.697,38.42],[140.696,38.425],[140.692,38.426],[140.686,38.426],[140.683,38.427],[140.677,38.431],[140.673,38.432],[140.665,38.433],[140.659,38.432],[140.654,38.437],[140.648,38.438],[140.643,38.437],[140.639,38.439],[140.634,38.442],[140.63,38.443],[140.627,38.444],[140.626,38.447]]]]}},{"type":"Feature","properties":{"name":"仙台市宮城野区","code":"04102"},"geometry":{"type":"MultiPolygon","coordinates":[[[[141.043,38.277],[141.042,38.28],[141.037,38.283],[141.034,38.281],[141.029,38.277],[141.04,38.273],[141.044,38.275]]],[[[140.883,38.257],[140.889,38.257],[140.895,38.257],[140.898,38.254],[140.906,38.253],[140.91,38.252],[140.917,38.252],[140.918,38.257],[140.92,38.261],[140.93,38.261],[140.938,38.261],[140.949,38.26],[140.958,38.259],[140.958,38.255],[140.96,38.25],[140.962,38.247],[140.966,38.244],[140.97,38.24],[140.972,38.237],[140.981,38.235],[140.987,38.233],[140.99,38.232],[140.995,38.23],[141.001,38.237],[141.015,38.254],[141.021,38.263],[141.026,38.264],[141.027,38.268],[140.999,38.27],[140.999,38.273],[141.004,38.273],[141.01,38.273],[141.022,38.271],[141.025,38.271],[141.026,38.276],[141.029,38.282],[141.021,38.28],[141.015,38.278],[141.011,38.277],[141.007,38.279],[141.002,38.281],[140.998,38.282],[140.989,38.284],[140.976,38.284],[140.971,38.286],[140.967,38.287],[140.964,38.286],[140.961,38.29],[140.961,38.293],[140.956,38.296],[140.958,38.302],[140.961,38.305],[140.963,38.31],[140.959,38.31],[140.954,38.308],[140.949,38.31],[140.946,38.311],[140.943,38.312],[140.936,38.317],[140.936,38.32],[140.936,38.324],[140.939,38.327],[140.938,38.33],[140.938,38.334],[140.941,38.337],[140.936,38.338],[140.933,38.34],[140.927,38.338],[140.927,38.333],[140.928,38.329],[140.932,38.328],[140.93,38.312],[140.929,38.309],[140.925,38.306],[140.922,38.303],[140.918,38.301],[140.914,38.298],[140.91,38.296],[140.904,38.291],[140.899,38.293],[140.896,38.291],[140.897,38.286],[140.895,38.283],[140.9,38.282],[140.896,38.279],[140.893,38.28],[140.893,38.275],[140.897,38.273],[140.894,38.268],[140.885,38.265],[140.883,38.262],[140.883,38.257]]]]}},{"type":"Feature","properties":{"name":"仙台市若林区","code":"04103"},"geometry":{"type":"MultiPolygon","coordinates":[[[[140.88,38.247],[140.883,38.244],[140.887,38.239],[140.891,38.234],[140.898,38.227],[140.907,38.223],[140.91,38.219],[140.909,38.214],[140.908,38.209],[140.913,38.205],[140.919,38.2],[140.923,38.199],[140.932,38.198],[140.935,38.199],[140.937,38.189],[140.94,38.186],[140.948,38.183],[140.951,38.18],[140.959,38.176],[140.964,38.183],[140.968,38.191],[140.974,38.201],[140.981,38.211],[140.986,38.215],[140.988,38.219],[140.991,38.224],[140.995,38.23],[140.99,38.232],[140.987,38.233],[140.983,38.233],[140.974,38.237],[140.973,38.241],[140.966,38.244],[140.963,38.246],[140.962,38.25],[140.958,38.255],[140.958,38.259],[140.949,38.26],[140.938,38.26],[140.93,38.261],[140.92,38.261],[140.92,38.257],[140.918,38.253],[140.91,38.252],[140.906,38.253],[140.898,38.254],[140.895,38.257],[140.889,38.257],[140.883,38.257],[140.881,38.251],[140.88,38.247]]]]}},{"type":"Feature","properties":{"name":"仙台市太白区","code":"04104"},"geometry":{"type":"MultiPolygon","coordinates":[[[[140.563,38.377],[140.557,38.378],[140.553,38.377],[140.55,38.372],[140.548,38.369],[140.545,38.364],[140.541,38.362],[140.534,38.362],[140.529,38.36],[140.525,38.355],[140.522,38.35],[140.522,38.345],[140.524,38.339],[140.525,38.336],[140.525,38.333],[140.528,38.327],[140.529,38.324],[140.53,38.321],[140.524,38.317],[140.522,38.312],[140.516,38.311],[140.512,38.311],[140.506,38.314],[140.504,38.308],[140.501,38.304],[140.496,38.304],[140.493,38.303],[140.492,38.297],[140.493,38.293],[140.494,38.288],[140.497,38.283],[140.492,38.28],[140.491,38.276],[140.482,38.273],[140.476,38.272],[140.471,38.269],[140.472,38.266],[140.473,38.261],[140.469,38.256],[140.473,38.252],[140.476,38.251],[140.481,38.255],[140.486,38.256],[140.49,38.256],[140.495,38.257],[140.5,38.256],[140.503,38.256],[140.508,38.259],[140.516,38.26],[140.519,38.26],[140.523,38.262],[140.534,38.26],[140.538,38.263],[140.541,38.264],[140.545,38.262],[140.548,38.261],[140.551,38.264],[140.555,38.266],[140.558,38.267],[140.563,38.268],[140.566,38.266],[140.57,38.266],[140.577,38.265],[140.581,38.264],[140.585,38.263],[140.589,38.264],[140.593,38.264],[140.6,38.264],[140.605,38.263],[140.608,38.265],[140.612,38.263],[140.616,38.261],[140.622,38.259],[140.63,38.258],[140.634,38.257],[140.64,38.254],[140.643,38.252],[140.65,38.249],[140.655,38.246],[140.652,38.245],[140.651,38.24],[140.655,38.24],[140.662,38.239],[140.667,38.24],[140.672,38.24],[140.67,38.236],[140.677,38.233],[140.68,38.229],[140.684,38.23],[140.683,38.226],[140.687,38.225],[140.692,38.223],[140.696,38.223],[140.702,38.22],[140.707,38.219],[140.714,38.218],[140.717,38.218],[140.722,38.217],[140.726,38.215],[140.731,38.212],[140.736,38.211],[140.737,38.206],[140.742,38.2],[140.742,38.196],[140.743,38.19],[140.745,38.185],[140.747,38.181],[140.75,38.179],[140.753,38.18],[140.757,38.179],[140.76,38.178],[140.767,38.179],[140.77,38.178],[140.776,38.18],[140.78,38.178],[140.787,38.177],[140.792,38.174],[140.796,38.175],[140.797,38.18],[140.8,38.182],[140.806,38.185],[140.811,38.185],[140.815,38.187],[140.81,38.188],[140.806,38.193],[140.8,38.193],[140.795,38.194],[140.797,38.2],[140.791,38.203],[140.786,38.205],[140.785,38.209],[140.785,38.213],[140.788,38.218],[140.795,38.219],[140.798,38.214],[140.803,38.213],[140.806,38.211],[140.81,38.214],[140.813,38.217],[140.817,38.219],[140.82,38.217],[140.827,38.217],[140.831,38.214],[140.838,38.211],[140.843,38.208],[140.848,38.207],[140.852,38.205],[140.855,38.204],[140.861,38.204],[140.864,38.201],[140.86,38.195],[140.864,38.195],[140.866,38.191],[140.867,38.188],[140.872,38.188],[140.878,38.189],[140.882,38.19],[140.885,38.189],[140.888,38.188],[140.894,38.19],[140.9,38.19],[140.9,38.186],[140.903,38.185],[140.904,38.188],[140.907,38.188],[140.904,38.185],[140.907,38.185],[140.912,38.185],[140.918,38.184],[140.93,38.183],[140.933,38.183],[140.935,38.186],[140.932,38.188],[140.928,38.191],[140.931,38.196],[140.923,38.199],[140.919,38.2],[140.913,38.205],[140.908,38.209],[140.909,38.214],[140.91,38.219],[140.907,38.222],[140.901,38.226],[140.893,38.232],[140.887,38.239],[140.883,38.244],[140.88,38.247],[140.876,38.248],[140.872,38.247],[140.869,38.248],[140.865,38.25],[140.861,38.249],[140.857,38.249],[140.854,38.25],[140.848,38.25],[140.843,38.248],[140.84,38.246],[140.836,38.246],[140.83,38.246],[140.826,38.245],[140.822,38.246],[140.818,38.248],[140.813,38.249],[140.809,38.25],[140.805,38.246],[140.808,38.241],[140.803,38.24],[140.799,38.239],[140.795,38.236],[140.795,38.24],[140.796,38.245],[140.792,38.244],[140.789,38.245],[140.784,38.246],[140.781,38.25],[140.777,38.25],[140.773,38.246],[140.767,38.242],[140.762,38.243],[140.755,38.242],[140.752,38.243],[140.749,38.246],[140.744,38.245],[140.739,38.244],[140.736,38.243],[140.732,38.244],[140.727,38.246],[140.725,38.249],[140.72,38.252],[140.715,38.252],[140.716,38.257],[140.714,38.26],[140.71,38.264],[140.707,38.264],[140.703,38.265],[140.698,38.264],[140.697,38.268],[140.697,38.271],[140.692,38.272],[140.685,38.274],[140.685,38.278],[140.684,38.283],[140.679,38.28],[140.677,38.284],[140.676,38.287],[140.679,38.29],[140.678,38.295],[140.673,38.295],[140.67,38.297],[140.666,38.299],[140.662,38.297],[140.658,38.293],[140.655,38.291],[140.65,38.29],[140.646,38.29],[140.641,38.292],[140.638,38.292],[140.63,38.291],[140.625,38.294],[140.624,38.29],[140.617,38.289],[140.613,38.287],[140.61,38.289],[140.61,38.292],[140.604,38.293],[140.599,38.296],[140.595,38.299],[140.591,38.299],[140.585,38.298],[140.585,38.301],[140.584,38.305],[140.59,38.308],[140.594,38.311],[140.6,38.311],[140.603,38.312],[140.606,38.313],[140.608,38.316],[140.602,38.321],[140.599,38.321],[140.592,38.322],[140.586,38.321],[140.583,38.321],[140.585,38.325],[140.591,38.327],[140.59,38.331],[140.591,38.335],[140.588,38.338],[140.591,38.343],[140.591,38.347],[140.589,38.35],[140.586,38.353],[140.581,38.36],[140.578,38.364],[140.575,38.366],[140.569,38.368],[140.569,38.372],[140.564,38.373],[140.563,38.377]]]]}},{"type":"Feature","properties":{"name":"仙台市泉区","code":"04105"},"geometry":{"type":"MultiPolygon","coordinates":[[[[140.894,38.288],[140.899,38.293],[140.903,38.292],[140.908,38.294],[140.912,38.296],[140.917,38.299],[140.919,38.303],[140.925,38.306],[140.929,38.306],[140.93,38.312],[140.932,38.328],[140.928,38.329],[140.927,38.333],[140.923,38.333],[140.919,38.333],[140.913,38.335],[140.905,38.337],[140.901,38.341],[140.897,38.341],[140.894,38.342],[140.885,38.348],[140.884,38.351],[140.879,38.353],[140.877,38.357],[140.871,38.36],[140.866,38.36],[140.862,38.362],[140.859,38.362],[140.855,38.362],[140.85,38.358],[140.847,38.359],[140.843,38.354],[140.842,38.349],[140.838,38.348],[140.834,38.347],[140.832,38.351],[140.834,38.354],[140.834,38.359],[140.828,38.363],[140.824,38.362],[140.825,38.366],[140.825,38.371],[140.825,38.375],[140.822,38.379],[140.817,38.381],[140.813,38.383],[140.811,38.388],[140.808,38.392],[140.805,38.394],[140.801,38.394],[140.797,38.395],[140.79,38.398],[140.786,38.399],[140.782,38.402],[140.777,38.402],[140.771,38.405],[140.765,38.407],[140.762,38.407],[140.755,38.411],[140.75,38.412],[140.747,38.412],[140.744,38.412],[140.744,38.416],[140.739,38.419],[140.738,38.423],[140.732,38.425],[140.728,38.429],[140.726,38.432],[140.722,38.434],[140.719,38.434],[140.714,38.432],[140.713,38.429],[140.711,38.425],[140.707,38.422],[140.703,38.417],[140.697,38.416],[140.694,38.414],[140.697,38.409],[140.7,38.401],[140.7,38.396],[140.697,38.392],[140.693,38.39],[140.691,38.386],[140.688,38.382],[140.689,38.379],[140.693,38.377],[140.697,38.375],[140.702,38.372],[140.707,38.369],[140.714,38.366],[140.718,38.363],[140.724,38.362],[140.73,38.36],[140.733,38.359],[140.731,38.354],[140.729,38.351],[140.724,38.35],[140.722,38.346],[140.718,38.345],[140.718,38.341],[140.722,38.34],[140.725,38.336],[140.731,38.335],[140.738,38.333],[140.743,38.329],[140.746,38.329],[140.75,38.326],[140.756,38.324],[140.759,38.322],[140.763,38.323],[140.767,38.323],[140.772,38.323],[140.779,38.322],[140.783,38.322],[140.787,38.323],[140.79,38.318],[140.793,38.313],[140.792,38.309],[140.801,38.307],[140.803,38.304],[140.806,38.304],[140.809,38.303],[140.813,38.305],[140.818,38.302],[140.826,38.297],[140.831,38.301],[140.832,38.305],[140.832,38.308],[140.836,38.308],[140.84,38.307],[140.845,38.31],[140.848,38.311],[140.857,38.309],[140.858,38.303],[140.863,38.302],[140.868,38.3],[140.872,38.303],[140.881,38.307],[140.881,38.304],[140.889,38.301],[140.89,38.296],[140.891,38.291],[140.892,38.287]]]]}},{"type":"Feature","properties":{"name":"石巻市","code":"04202"},"geometry":{"type":"MultiPolygon","coordinates":[[[[141.47,38.284],[141.467,38.28],[141.464,38.282],[141.46,38.283],[141.463,38.278],[141.462,38.275],[141.459,38.272],[141.457,38.268],[141.464,38.269],[141.465,38.266],[141.469,38.266],[141.472,38.263],[141.474,38.258],[141.476,38.253],[141.479,38.251],[141.484,38.251],[141.488,38.251],[141.494,38.251],[141.499,38.246],[141.497,38.251],[141.497,38.255],[141.494,38.256],[141.49,38.26],[141.49,38.263],[141.489,38.267],[141.487,38.271],[141.484,38.272],[141.482,38.276],[141.48,38.279],[141.475,38.281],[141.472,38.282]]],[[[141.585,38.276],[141.581,38.28],[141.579,38.287],[141.583,38.291],[141.583,38.294],[141.586,38.296],[141.589,38.302],[141.585,38.304],[141.582,38.306],[141.572,38.308],[141.568,38.308],[141.571,38.312],[141.567,38.314],[141.564,38.312],[141.56,38.309],[141.556,38.308],[141.552,38.306],[141.549,38.304],[141.55,38.3],[141.551,38.296],[141.553,38.291],[141.553,38.287],[141.557,38.285],[141.558,38.282],[141.561,38.28],[141.567,38.277],[141.57,38.273],[141.573,38.272],[141.578,38.27],[141.581,38.273],[141.585,38.276]]],[[[141.416,38.312],[141.411,38.309],[141.41,38.305],[141.41,38.302],[141.411,38.296],[141.407,38.29],[141.409,38.286],[141.412,38.287],[141.417,38.289],[141.421,38.289],[141.424,38.292],[141.429,38.292],[141.424,38.295],[141.423,38.298],[141.42,38.303],[141.422,38.307],[141.42,38.311],[141.416,38.312]]],[[[141.421,38.381],[141.418,38.377],[141.422,38.378],[141.427,38.38],[141.421,38.381]]],[[[141.528,38.63],[141.523,38.632],[141.519,38.628],[141.514,38.623],[141.509,38.617],[141.504,38.615],[141.5,38.617],[141.497,38.62],[141.493,38.623],[141.49,38.621],[141.486,38.619],[141.482,38.62],[141.474,38.621],[141.47,38.619],[141.463,38.615],[141.459,38.612],[141.453,38.61],[141.447,38.609],[141.448,38.604],[141.444,38.603],[141.44,38.6],[141.437,38.599],[141.432,38.597],[141.426,38.593],[141.42,38.594],[141.417,38.594],[141.412,38.598],[141.409,38.597],[141.407,38.602],[141.413,38.605],[141.41,38.61],[141.407,38.61],[141.401,38.609],[141.4,38.605],[141.396,38.604],[141.392,38.602],[141.384,38.596],[141.38,38.592],[141.373,38.59],[141.369,38.592],[141.366,38.59],[141.363,38.591],[141.359,38.589],[141.354,38.586],[141.349,38.584],[141.347,38.581],[141.341,38.579],[141.337,38.577],[141.331,38.576],[141.324,38.576],[141.32,38.572],[141.317,38.569],[141.312,38.568],[141.307,38.569],[141.303,38.571],[141.297,38.572],[141.293,38.571],[141.289,38.57],[141.286,38.576],[141.287,38.58],[141.288,38.584],[141.29,38.588],[141.29,38.593],[141.291,38.597],[141.289,38.6],[141.287,38.603],[141.276,38.605],[141.27,38.605],[141.267,38.603],[141.265,38.597],[141.267,38.593],[141.267,38.589],[141.265,38.584],[141.258,38.58],[141.253,38.579],[141.247,38.576],[141.242,38.576],[141.238,38.573],[141.235,38.57],[141.233,38.561],[141.232,38.557],[141.232,38.553],[141.232,38.549],[141.229,38.542],[141.229,38.539],[141.227,38.534],[141.219,38.535],[141.207,38.537],[141.204,38.539],[141.198,38.542],[141.192,38.539],[141.189,38.537],[141.185,38.532],[141.179,38.532],[141.177,38.524],[141.177,38.52],[141.176,38.517],[141.173,38.514],[141.168,38.507],[141.164,38.501],[141.165,38.497],[141.169,38.494],[141.17,38.49],[141.171,38.485],[141.166,38.485],[141.167,38.479],[141.162,38.477],[141.162,38.472],[141.166,38.47],[141.165,38.467],[141.166,38.463],[141.172,38.461],[141.177,38.461],[141.182,38.459],[141.187,38.46],[141.191,38.46],[141.191,38.456],[141.193,38.45],[141.197,38.451],[141.201,38.452],[141.206,38.454],[141.21,38.458],[141.215,38.458],[141.224,38.46],[141.226,38.472],[141.237,38.468],[141.236,38.457],[141.241,38.454],[141.242,38.45],[141.242,38.446],[141.246,38.446],[141.251,38.445],[141.255,38.445],[141.258,38.436],[141.258,38.43],[141.252,38.426],[141.249,38.427],[141.247,38.421],[141.248,38.417],[141.249,38.414],[141.248,38.411],[141.248,38.406],[141.258,38.408],[141.267,38.408],[141.266,38.412],[141.267,38.419],[141.273,38.42],[141.274,38.417],[141.278,38.419],[141.285,38.419],[141.286,38.416],[141.278,38.416],[141.275,38.414],[141.273,38.411],[141.28,38.41],[141.286,38.409],[141.287,38.4],[141.295,38.4],[141.293,38.414],[141.299,38.414],[141.306,38.415],[141.311,38.413],[141.314,38.413],[141.317,38.407],[141.317,38.412],[141.325,38.412],[141.341,38.413],[141.345,38.414],[141.349,38.414],[141.357,38.414],[141.363,38.412],[141.367,38.409],[141.368,38.406],[141.368,38.402],[141.37,38.399],[141.368,38.394],[141.367,38.391],[141.367,38.386],[141.37,38.384],[141.373,38.383],[141.381,38.385],[141.385,38.385],[141.39,38.386],[141.392,38.39],[141.397,38.391],[141.4,38.396],[141.402,38.399],[141.407,38.403],[141.41,38.4],[141.412,38.395],[141.415,38.391],[141.417,38.395],[141.422,38.396],[141.426,38.396],[141.43,38.399],[141.433,38.395],[141.429,38.391],[141.425,38.389],[141.423,38.385],[141.428,38.383],[141.431,38.381],[141.437,38.382],[141.437,38.378],[141.433,38.376],[141.437,38.372],[141.44,38.375],[141.445,38.376],[141.451,38.376],[141.454,38.375],[141.458,38.374],[141.455,38.372],[141.449,38.371],[141.444,38.371],[141.441,38.365],[141.437,38.366],[141.433,38.364],[141.426,38.359],[141.424,38.356],[141.419,38.355],[141.418,38.35],[141.416,38.347],[141.42,38.348],[141.422,38.344],[141.427,38.347],[141.43,38.347],[141.434,38.345],[141.437,38.342],[141.439,38.346],[141.442,38.35],[141.445,38.352],[141.448,38.351],[141.45,38.345],[141.451,38.341],[141.453,38.344],[141.454,38.348],[141.457,38.348],[141.462,38.351],[141.463,38.348],[141.463,38.344],[141.463,38.336],[141.467,38.334],[141.473,38.334],[141.474,38.329],[141.468,38.327],[141.467,38.323],[141.461,38.322],[141.454,38.32],[141.451,38.318],[141.456,38.315],[141.46,38.313],[141.462,38.309],[141.465,38.307],[141.47,38.308],[141.469,38.314],[141.473,38.313],[141.475,38.308],[141.479,38.307],[141.484,38.308],[141.487,38.307],[141.494,38.308],[141.497,38.305],[141.494,38.301],[141.494,38.298],[141.492,38.294],[141.496,38.292],[141.502,38.295],[141.507,38.298],[141.509,38.294],[141.509,38.289],[141.51,38.286],[141.511,38.283],[141.51,38.278],[141.513,38.275],[141.516,38.274],[141.519,38.272],[141.523,38.272],[141.524,38.275],[141.524,38.279],[141.525,38.282],[141.525,38.285],[141.525,38.289],[141.526,38.294],[141.528,38.299],[141.537,38.301],[141.54,38.305],[141.541,38.308],[141.541,38.313],[141.541,38.317],[141.533,38.319],[141.528,38.322],[141.525,38.324],[141.526,38.329],[141.531,38.329],[141.53,38.333],[141.533,38.338],[141.532,38.342],[141.529,38.344],[141.524,38.347],[141.523,38.351],[141.523,38.354],[141.523,38.357],[141.519,38.359],[141.521,38.362],[141.518,38.363],[141.52,38.367],[141.515,38.369],[141.509,38.369],[141.506,38.371],[141.502,38.371],[141.498,38.369],[141.494,38.371],[141.49,38.367],[141.486,38.369],[141.483,38.373],[141.485,38.38],[141.489,38.379],[141.492,38.38],[141.497,38.382],[141.501,38.383],[141.505,38.384],[141.507,38.388],[141.509,38.391],[141.515,38.391],[141.516,38.387],[141.519,38.389],[141.523,38.389],[141.527,38.389],[141.527,38.385],[141.531,38.381],[141.533,38.387],[141.536,38.387],[141.541,38.39],[141.538,38.394],[141.538,38.4],[141.535,38.402],[141.532,38.398],[141.529,38.398],[141.524,38.397],[141.522,38.394],[141.514,38.393],[141.512,38.396],[141.508,38.397],[141.503,38.395],[141.498,38.389],[141.492,38.393],[141.488,38.393],[141.485,38.392],[141.481,38.391],[141.478,38.388],[141.475,38.385],[141.468,38.385],[141.465,38.385],[141.46,38.386],[141.458,38.391],[141.455,38.392],[141.451,38.393],[141.452,38.4],[141.451,38.403],[141.451,38.407],[141.445,38.411],[141.44,38.412],[141.436,38.414],[141.432,38.415],[141.429,38.414],[141.426,38.414],[141.422,38.411],[141.419,38.411],[141.412,38.411],[141.409,38.417],[141.4,38.419],[141.4,38.426],[141.4,38.437],[141.404,38.441],[141.406,38.445],[141.405,38.449],[141.407,38.454],[141.407,38.459],[141.409,38.463],[141.411,38.467],[141.412,38.471],[141.415,38.473],[141.416,38.477],[141.415,38.48],[141.417,38.484],[141.42,38.486],[141.425,38.485],[141.432,38.483],[141.435,38.482],[141.439,38.48],[141.446,38.481],[141.45,38.482],[141.452,38.485],[141.455,38.489],[141.459,38.493],[141.468,38.49],[141.471,38.488],[141.471,38.485],[141.476,38.482],[141.479,38.482],[141.484,38.481],[141.49,38.48],[141.496,38.48],[141.495,38.485],[141.491,38.489],[141.494,38.492],[141.496,38.499],[141.491,38.498],[141.487,38.502],[141.488,38.505],[141.483,38.512],[141.479,38.513],[141.476,38.517],[141.47,38.516],[141.467,38.513],[141.464,38.513],[141.467,38.517],[141.47,38.521],[141.475,38.52],[141.478,38.521],[141.482,38.52],[141.486,38.516],[141.489,38.514],[141.494,38.511],[141.498,38.511],[141.502,38.511],[141.509,38.512],[141.514,38.512],[141.516,38.507],[141.515,38.502],[141.515,38.498],[141.515,38.494],[141.52,38.495],[141.523,38.496],[141.524,38.491],[141.527,38.49],[141.531,38.489],[141.534,38.49],[141.537,38.49],[141.535,38.496],[141.54,38.499],[141.542,38.504],[141.539,38.503],[141.537,38.506],[141.536,38.511],[141.539,38.513],[141.54,38.517],[141.545,38.521],[141.546,38.524],[141.542,38.525],[141.539,38.529],[141.534,38.533],[141.53,38.533],[141.53,38.536],[141.532,38.539],[141.535,38.546],[141.529,38.547],[141.525,38.546],[141.523,38.542],[141.519,38.539],[141.514,38.545],[141.513,38.541],[141.509,38.538],[141.511,38.534],[141.506,38.533],[141.502,38.535],[141.497,38.532],[141.493,38.533],[141.489,38.537],[141.486,38.541],[141.487,38.545],[141.487,38.551],[141.482,38.555],[141.481,38.559],[141.477,38.557],[141.478,38.563],[141.475,38.561],[141.472,38.561],[141.468,38.561],[141.463,38.561],[141.462,38.566],[141.46,38.571],[141.459,38.578],[141.462,38.58],[141.466,38.583],[141.47,38.582],[141.474,38.585],[141.477,38.585],[141.481,38.582],[141.485,38.584],[141.489,38.588],[141.493,38.589],[141.497,38.591],[141.5,38.594],[141.505,38.595],[141.502,38.6],[141.504,38.604],[141.507,38.601],[141.51,38.601],[141.51,38.605],[141.518,38.605],[141.523,38.61],[141.526,38.617],[141.528,38.621],[141.528,38.624],[141.527,38.629]]]]}},{"type":"Feature","properties":{"name":"牡鹿郡女川町","code":"04581"},"geometry":{"type":"MultiPolygon","coordinates":[[[[141.592,38.403],[141.59,38.398],[141.593,38.396],[141.599,38.397],[141.594,38.401]]],[[[141.518,38.466],[141.518,38.461],[141.517,38.457],[141.518,38.451],[141.519,38.448],[141.519,38.443],[141.522,38.44],[141.526,38.441],[141.526,38.438],[141.53,38.438],[141.532,38.441],[141.535,38.445],[141.531,38.45],[141.532,38.453],[141.528,38.455],[141.524,38.454],[141.527,38.458],[141.523,38.461],[141.522,38.464],[141.518,38.466]]],[[[141.497,38.48],[141.492,38.48],[141.487,38.48],[141.481,38.481],[141.476,38.482],[141.473,38.482],[141.47,38.486],[141.47,38.49],[141.462,38.49],[141.455,38.489],[141.452,38.485],[141.45,38.482],[141.447,38.482],[141.44,38.479],[141.435,38.482],[141.432,38.483],[141.425,38.485],[141.42,38.486],[141.417,38.485],[141.415,38.48],[141.416,38.477],[141.415,38.473],[141.412,38.471],[141.411,38.467],[141.409,38.463],[141.407,38.459],[141.404,38.456],[141.405,38.449],[141.406,38.445],[141.404,38.441],[141.401,38.438],[141.4,38.426],[141.4,38.419],[141.409,38.417],[141.413,38.413],[141.419,38.411],[141.422,38.411],[141.425,38.412],[141.429,38.414],[141.432,38.415],[141.436,38.414],[141.44,38.412],[141.445,38.411],[141.449,38.41],[141.451,38.403],[141.452,38.4],[141.452,38.396],[141.455,38.392],[141.458,38.391],[141.459,38.387],[141.462,38.386],[141.468,38.385],[141.472,38.385],[141.478,38.388],[141.481,38.391],[141.485,38.392],[141.488,38.393],[141.492,38.393],[141.496,38.391],[141.503,38.394],[141.506,38.398],[141.507,38.401],[141.501,38.403],[141.501,38.406],[141.504,38.41],[141.503,38.414],[141.499,38.415],[141.497,38.411],[141.492,38.409],[141.491,38.406],[141.487,38.405],[141.48,38.399],[141.476,38.398],[141.473,38.394],[141.466,38.397],[141.466,38.4],[141.471,38.404],[141.472,38.408],[141.474,38.413],[141.47,38.415],[141.475,38.419],[141.472,38.426],[141.468,38.425],[141.465,38.424],[141.466,38.428],[141.463,38.433],[141.459,38.435],[141.455,38.439],[141.452,38.441],[141.448,38.441],[141.449,38.446],[141.453,38.444],[141.458,38.444],[141.463,38.444],[141.466,38.441],[141.471,38.439],[141.475,38.441],[141.479,38.44],[141.482,38.437],[141.486,38.438],[141.487,38.442],[141.494,38.441],[141.496,38.444],[141.502,38.444],[141.505,38.445],[141.51,38.449],[141.511,38.453],[141.509,38.449],[141.505,38.448],[141.501,38.448],[141.502,38.451],[141.498,38.449],[141.497,38.453],[141.495,38.456],[141.5,38.458],[141.499,38.461],[141.495,38.461],[141.492,38.462],[141.489,38.461],[141.482,38.462],[141.477,38.463],[141.476,38.466],[141.48,38.469],[141.484,38.471],[141.489,38.469],[141.494,38.474],[141.499,38.479]]]]}},{"type":"Feature","properties":{"name":"本吉郡南三陸町","code":"04606"},"geometry":{"type":"MultiPolygon","coordinates":[[[[141.528,38.63],[141.53,38.636],[141.525,38.637],[141.522,38.638],[141.517,38.638],[141.513,38.638],[141.51,38.636],[141.507,38.637],[141.503,38.638],[141.499,38.641],[141.496,38.645],[141.492,38.642],[141.488,38.645],[141.485,38.641],[141.482,38.643],[141.477,38.645],[141.469,38.645],[141.464,38.648],[141.461,38.642],[141.457,38.64],[141.452,38.644],[141.448,38.643],[141.443,38.644],[141.444,38.649],[141.445,38.653],[141.45,38.657],[141.446,38.663],[141.446,38.669],[141.444,38.674],[141.448,38.673],[141.454,38.674],[141.458,38.67],[141.461,38.67],[141.465,38.674],[141.469,38.674],[141.473,38.677],[141.481,38.677],[141.487,38.676],[141.49,38.676],[141.493,38.676],[141.497,38.68],[141.493,38.684],[141.49,38.69],[141.495,38.69],[141.499,38.695],[141.501,38.691],[141.505,38.691],[141.508,38.688],[141.513,38.688],[141.516,38.689],[141.519,38.693],[141.517,38.698],[141.52,38.701],[141.523,38.706],[141.522,38.71],[141.525,38.71],[141.524,38.714],[141.526,38.717],[141.53,38.716],[141.534,38.715],[141.536,38.711],[141.536,38.705],[141.538,38.71],[141.542,38.708],[141.545,38.711],[141.549,38.712],[141.554,38.708],[141.558,38.706],[141.559,38.702],[141.555,38.698],[141.558,38.694],[141.56,38.69],[141.561,38.694],[141.564,38.698],[141.563,38.704],[141.566,38.707],[141.566,38.711],[141.562,38.713],[141.559,38.715],[141.557,38.719],[141.559,38.723],[141.563,38.725],[141.566,38.725],[141.566,38.728],[141.562,38.731],[141.566,38.733],[141.566,38.737],[141.564,38.74],[141.559,38.737],[141.556,38.738],[141.551,38.737],[141.548,38.733],[141.545,38.736],[141.547,38.739],[141.543,38.74],[141.54,38.74],[141.537,38.741],[141.54,38.743],[141.54,38.747],[141.531,38.748],[141.527,38.747],[141.522,38.749],[141.517,38.748],[141.512,38.747],[141.508,38.745],[141.504,38.745],[141.5,38.743],[141.497,38.746],[141.493,38.746],[141.487,38.746],[141.483,38.748],[141.48,38.752],[141.476,38.753],[141.47,38.752],[141.467,38.751],[141.464,38.747],[141.46,38.744],[141.454,38.742],[141.451,38.745],[141.448,38.746],[141.442,38.749],[141.437,38.745],[141.433,38.741],[141.428,38.741],[141.424,38.74],[141.419,38.741],[141.415,38.741],[141.412,38.736],[141.406,38.736],[141.402,38.734],[141.399,38.733],[141.392,38.731],[141.393,38.726],[141.389,38.724],[141.385,38.724],[141.38,38.722],[141.374,38.719],[141.369,38.719],[141.369,38.715],[141.372,38.711],[141.37,38.707],[141.37,38.704],[141.37,38.699],[141.372,38.695],[141.368,38.69],[141.371,38.689],[141.374,38.689],[141.375,38.686],[141.373,38.682],[141.373,38.677],[141.376,38.676],[141.379,38.676],[141.382,38.676],[141.386,38.674],[141.384,38.67],[141.38,38.668],[141.376,38.666],[141.376,38.661],[141.375,38.657],[141.376,38.654],[141.378,38.651],[141.386,38.646],[141.389,38.641],[141.39,38.636],[141.392,38.633],[141.394,38.629],[141.397,38.626],[141.403,38.624],[141.402,38.621],[141.4,38.616],[141.4,38.613],[141.401,38.609],[141.407,38.61],[141.41,38.61],[141.416,38.606],[141.409,38.603],[141.406,38.6],[141.411,38.597],[141.415,38.597],[141.42,38.594],[141.426,38.593],[141.432,38.597],[141.437,38.598],[141.44,38.6],[141.444,38.602],[141.448,38.604],[141.446,38.608],[141.452,38.61],[141.457,38.61],[141.461,38.615],[141.467,38.617],[141.474,38.621],[141.482,38.62],[141.486,38.619],[141.49,38.621],[141.493,38.623],[141.497,38.62],[141.5,38.617],[141.504,38.615],[141.508,38.615],[141.514,38.622],[141.516,38.626],[141.521,38.631],[141.526,38.632]]]]}},{"type":"Feature","properties":{"name":"気仙沼市","code":"04205"},"geometry":{"type":"MultiPolygon","coordinates":[[[[141.624,38.885],[141.619,38.879],[141.614,38.878],[141.606,38.877],[141.602,38.874],[141.603,38.871],[141.607,38.867],[141.611,38.866],[141.606,38.864],[141.605,38.86],[141.607,38.855],[141.611,38.852],[141.614,38.848],[141.617,38.842],[141.617,38.837],[141.621,38.836],[141.624,38.83],[141.626,38.835],[141.628,38.84],[141.633,38.839],[141.636,38.839],[141.635,38.843],[141.633,38.847],[141.628,38.848],[141.625,38.85],[141.623,38.854],[141.627,38.855],[141.623,38.858],[141.622,38.862],[141.63,38.865],[141.634,38.867],[141.631,38.872],[141.635,38.874],[141.631,38.878],[141.627,38.879],[141.628,38.883],[141.624,38.884]]],[[[141.53,38.749],[141.528,38.754],[141.527,38.758],[141.524,38.76],[141.519,38.761],[141.52,38.765],[141.514,38.765],[141.513,38.769],[141.515,38.773],[141.519,38.776],[141.518,38.781],[141.519,38.784],[141.52,38.788],[141.524,38.79],[141.529,38.791],[141.535,38.795],[141.539,38.798],[141.544,38.798],[141.549,38.799],[141.555,38.801],[141.558,38.806],[141.555,38.809],[141.559,38.813],[141.564,38.814],[141.568,38.814],[141.573,38.81],[141.578,38.814],[141.575,38.82],[141.577,38.823],[141.584,38.825],[141.59,38.823],[141.594,38.827],[141.6,38.829],[141.603,38.828],[141.602,38.831],[141.599,38.835],[141.593,38.833],[141.59,38.838],[141.586,38.845],[141.584,38.848],[141.582,38.854],[141.583,38.857],[141.586,38.86],[141.585,38.864],[141.586,38.867],[141.591,38.87],[141.589,38.874],[141.592,38.879],[141.59,38.885],[141.593,38.885],[141.594,38.89],[141.588,38.893],[141.581,38.901],[141.58,38.904],[141.577,38.905],[141.581,38.908],[141.584,38.909],[141.588,38.905],[141.588,38.899],[141.588,38.895],[141.592,38.895],[141.596,38.893],[141.599,38.89],[141.601,38.886],[141.605,38.88],[141.608,38.88],[141.611,38.884],[141.615,38.882],[141.615,38.888],[141.621,38.89],[141.627,38.894],[141.624,38.895],[141.623,38.9],[141.63,38.896],[141.632,38.9],[141.638,38.902],[141.634,38.9],[141.635,38.896],[141.635,38.89],[141.638,38.889],[141.638,38.885],[141.645,38.883],[141.643,38.879],[141.647,38.88],[141.649,38.874],[141.65,38.87],[141.656,38.866],[141.658,38.862],[141.666,38.863],[141.669,38.86],[141.674,38.857],[141.675,38.865],[141.673,38.868],[141.67,38.869],[141.669,38.873],[141.668,38.877],[141.664,38.879],[141.663,38.882],[141.663,38.886],[141.662,38.889],[141.668,38.889],[141.667,38.893],[141.663,38.893],[141.665,38.896],[141.661,38.896],[141.657,38.9],[141.652,38.902],[141.652,38.907],[141.648,38.912],[141.651,38.917],[141.649,38.92],[141.644,38.923],[141.645,38.926],[141.641,38.928],[141.638,38.927],[141.635,38.931],[141.64,38.932],[141.643,38.933],[141.642,38.936],[141.644,38.941],[141.64,38.942],[141.639,38.946],[141.634,38.951],[141.631,38.954],[141.632,38.958],[141.635,38.956],[141.64,38.956],[141.641,38.959],[141.639,38.962],[141.633,38.962],[141.635,38.968],[141.632,38.971],[141.624,38.971],[141.619,38.974],[141.614,38.978],[141.606,38.984],[141.601,38.986],[141.597,38.986],[141.592,38.987],[141.587,38.989],[141.58,38.987],[141.576,38.987],[141.571,38.991],[141.569,38.995],[141.563,38.994],[141.56,38.994],[141.557,38.996],[141.553,38.995],[141.55,38.995],[141.544,38.995],[141.541,38.995],[141.537,38.995],[141.532,38.995],[141.523,38.991],[141.519,38.995],[141.517,38.998],[141.518,39.002],[141.512,39.002],[141.509,39.003],[141.503,39.0],[141.497,38.999],[141.492,38.999],[141.489,38.995],[141.487,38.991],[141.484,38.986],[141.485,38.983],[141.484,38.978],[141.486,38.971],[141.49,38.962],[141.49,38.957],[141.494,38.955],[141.49,38.95],[141.49,38.943],[141.487,38.939],[141.486,38.932],[141.488,38.928],[141.49,38.924],[141.491,38.919],[141.492,38.915],[141.49,38.911],[141.489,38.907],[141.485,38.905],[141.48,38.902],[141.476,38.899],[141.473,38.898],[141.467,38.895],[141.465,38.891],[141.466,38.885],[141.461,38.884],[141.454,38.879],[141.451,38.875],[141.451,38.871],[141.453,38.867],[141.453,38.863],[141.456,38.86],[141.464,38.858],[141.464,38.853],[141.459,38.851],[141.455,38.847],[141.453,38.843],[141.45,38.837],[141.45,38.833],[141.452,38.828],[141.454,38.825],[141.455,38.821],[141.454,38.817],[141.459,38.815],[141.454,38.811],[141.446,38.81],[141.443,38.811],[141.437,38.813],[141.433,38.811],[141.429,38.811],[141.431,38.807],[141.436,38.806],[141.437,38.801],[141.434,38.797],[141.433,38.793],[141.436,38.787],[141.44,38.786],[141.435,38.783],[141.432,38.783],[141.425,38.781],[141.421,38.78],[141.423,38.775],[141.421,38.771],[141.417,38.771],[141.41,38.768],[141.406,38.763],[141.402,38.759],[141.399,38.757],[141.402,38.754],[141.404,38.749],[141.407,38.743],[141.411,38.742],[141.415,38.741],[141.419,38.741],[141.422,38.74],[141.425,38.741],[141.431,38.74],[141.435,38.743],[141.442,38.749],[141.447,38.746],[141.45,38.745],[141.454,38.742],[141.457,38.743],[141.464,38.745],[141.467,38.751],[141.47,38.752],[141.474,38.753],[141.48,38.752],[141.483,38.748],[141.487,38.746],[141.493,38.746],[141.497,38.746],[141.5,38.743],[141.504,38.745],[141.508,38.745],[141.512,38.747],[141.517,38.747],[141.522,38.749],[141.527,38.747],[141.53,38.749]]]]}},{"type":"Feature","properties":{"name":"塩竈市","code":"04203"},"geometry":{"type":"MultiPolygon","coordinates":[[[[141.091,38.338],[141.085,38.335],[141.088,38.331],[141.094,38.333],[141.1,38.331],[141.103,38.329],[141.105,38.332],[141.101,38.334],[141.095,38.336],[141.091,38.335]]],[[[141.121,38.344],[141.117,38.341],[141.113,38.339],[141.11,38.34],[141.105,38.34],[141.107,38.334],[141.111,38.336],[141.116,38.336],[141.118,38.34],[141.121,38.343]]],[[[141.13,38.348],[141.127,38.343],[141.124,38.34],[141.123,38.336],[141.12,38.339],[141.116,38.335],[141.118,38.331],[141.122,38.33],[141.128,38.326],[141.126,38.33],[141.129,38.332],[141.127,38.336],[141.132,38.341],[141.127,38.34],[141.128,38.343],[141.13,38.348]]],[[[141.036,38.34],[141.03,38.339],[141.026,38.339],[141.023,38.341],[141.025,38.345],[141.025,38.349],[141.019,38.348],[141.014,38.344],[141.012,38.34],[141.008,38.337],[141.006,38.334],[141.002,38.33],[140.998,38.328],[141.004,38.325],[141.001,38.321],[140.996,38.317],[140.996,38.312],[141.0,38.309],[141.0,38.305],[141.004,38.306],[141.007,38.306],[141.012,38.305],[141.016,38.307],[141.022,38.307],[141.027,38.309],[141.029,38.306],[141.036,38.303],[141.036,38.307],[141.041,38.311],[141.045,38.316],[141.042,38.319],[141.038,38.317],[141.035,38.32],[141.027,38.32],[141.035,38.324],[141.038,38.324],[141.043,38.324],[141.052,38.332],[141.048,38.337],[141.044,38.335],[141.04,38.335],[141.036,38.34]]]]}},{"type":"Feature","properties":{"name":"宮城郡七ヶ浜町","code":"04404"},"geometry":{"type":"MultiPolygon","coordinates":[[[[141.043,38.277],[141.051,38.279],[141.054,38.281],[141.06,38.281],[141.063,38.283],[141.064,38.288],[141.068,38.291],[141.074,38.295],[141.077,38.296],[141.085,38.293],[141.087,38.297],[141.09,38.3],[141.085,38.303],[141.081,38.306],[141.08,38.309],[141.08,38.315],[141.076,38.32],[141.073,38.32],[141.069,38.32],[141.065,38.322],[141.064,38.318],[141.061,38.315],[141.057,38.314],[141.053,38.313],[141.049,38.312],[141.05,38.309],[141.046,38.312],[141.041,38.308],[141.036,38.306],[141.036,38.303],[141.036,38.299],[141.043,38.293],[141.044,38.29],[141.041,38.286],[141.036,38.287],[141.035,38.283],[141.04,38.282],[141.043,38.277]]]]}},{"type":"Feature","properties":{"name":"白石市","code":"04206"},"geometry":{"type":"MultiPolygon","coordinates":[[[[140.695,38.036],[140.689,38.036],[140.686,38.037],[140.683,38.037],[140.677,38.039],[140.674,38.038],[140.669,38.039],[140.658,38.043],[140.654,38.04],[140.651,38.035],[140.646,38.036],[140.644,38.042],[140.642,38.047],[140.642,38.051],[140.635,38.054],[140.631,38.054],[140.628,38.059],[140.623,38.06],[140.619,38.064],[140.613,38.065],[140.612,38.069],[140.611,38.073],[140.607,38.078],[140.604,38.082],[140.603,38.086],[140.598,38.088],[140.594,38.087],[140.588,38.086],[140.585,38.086],[140.578,38.086],[140.571,38.086],[140.566,38.084],[140.557,38.079],[140.554,38.078],[140.55,38.08],[140.55,38.083],[140.548,38.088],[140.544,38.088],[140.54,38.091],[140.539,38.097],[140.534,38.095],[140.529,38.096],[140.525,38.097],[140.519,38.096],[140.513,38.095],[140.51,38.094],[140.502,38.094],[140.495,38.093],[140.491,38.091],[140.488,38.088],[140.484,38.089],[140.477,38.091],[140.474,38.088],[140.471,38.082],[140.474,38.078],[140.481,38.075],[140.483,38.072],[140.489,38.066],[140.491,38.06],[140.491,38.055],[140.491,38.051],[140.49,38.047],[140.491,38.042],[140.494,38.039],[140.501,38.033],[140.506,38.032],[140.51,38.027],[140.512,38.023],[140.513,38.017],[140.512,38.012],[140.513,38.008],[140.518,38.008],[140.521,38.005],[140.517,38.002],[140.516,37.996],[140.519,37.993],[140.522,37.988],[140.524,37.985],[140.53,37.978],[140.532,37.973],[140.531,37.97],[140.532,37.965],[140.528,37.966],[140.524,37.966],[140.523,37.963],[140.517,37.959],[140.514,37.957],[140.509,37.953],[140.504,37.951],[140.498,37.952],[140.493,37.954],[140.489,37.955],[140.484,37.953],[140.478,37.954],[140.475,37.95],[140.475,37.947],[140.471,37.942],[140.467,37.938],[140.468,37.934],[140.469,37.93],[140.469,37.926],[140.47,37.921],[140.47,37.918],[140.474,37.911],[140.477,37.907],[140.483,37.904],[140.488,37.9],[140.494,37.9],[140.498,37.9],[140.502,37.903],[140.507,37.905],[140.512,37.904],[140.516,37.903],[140.517,37.907],[140.521,37.907],[140.524,37.908],[140.53,37.907],[140.533,37.907],[140.537,37.908],[140.54,37.908],[140.545,37.909],[140.548,37.909],[140.553,37.91],[140.557,37.91],[140.563,37.911],[140.563,37.916],[140.564,37.92],[140.57,37.921],[140.574,37.918],[140.575,37.914],[140.581,37.912],[140.584,37.909],[140.588,37.908],[140.592,37.906],[140.595,37.907],[140.599,37.908],[140.605,37.911],[140.61,37.911],[140.612,37.915],[140.616,37.915],[140.622,37.914],[140.621,37.917],[140.627,37.919],[140.627,37.926],[140.624,37.929],[140.625,37.935],[140.628,37.936],[140.632,37.941],[140.636,37.942],[140.641,37.943],[140.647,37.945],[140.65,37.946],[140.653,37.946],[140.659,37.947],[140.666,37.948],[140.671,37.952],[140.676,37.949],[140.678,37.953],[140.681,37.956],[140.684,37.959],[140.685,37.963],[140.686,37.967],[140.693,37.972],[140.689,37.976],[140.689,37.98],[140.693,37.988],[140.694,37.992],[140.693,37.996],[140.69,37.999],[140.694,38.003],[140.699,38.004],[140.7,38.009],[140.703,38.012],[140.704,38.015],[140.706,38.018],[140.706,38.022],[140.704,38.027],[140.706,38.031],[140.703,38.035],[140.696,38.036]]]]}},{"type":"Feature","properties":{"name":"名取市","code":"04207"},"geometry":{"type":"MultiPolygon","coordinates":[[[[140.933,38.198],[140.928,38.193],[140.93,38.189],[140.935,38.186],[140.933,38.183],[140.93,38.183],[140.918,38.184],[140.912,38.185],[140.907,38.186],[140.904,38.185],[140.907,38.188],[140.901,38.189],[140.903,38.185],[140.899,38.185],[140.9,38.19],[140.894,38.19],[140.89,38.19],[140.885,38.189],[140.882,38.19],[140.878,38.189],[140.873,38.189],[140.867,38.188],[140.866,38.191],[140.863,38.194],[140.86,38.195],[140.863,38.199],[140.863,38.202],[140.855,38.204],[140.852,38.205],[140.848,38.207],[140.843,38.208],[140.838,38.211],[140.831,38.214],[140.827,38.217],[140.822,38.218],[140.817,38.219],[140.813,38.217],[140.81,38.214],[140.809,38.211],[140.803,38.213],[140.798,38.213],[140.798,38.218],[140.788,38.218],[140.784,38.214],[140.785,38.209],[140.787,38.206],[140.788,38.202],[140.794,38.203],[140.795,38.194],[140.798,38.195],[140.803,38.193],[140.808,38.19],[140.813,38.187],[140.808,38.184],[140.803,38.184],[140.797,38.18],[140.796,38.175],[140.792,38.174],[140.79,38.171],[140.791,38.166],[140.795,38.162],[140.794,38.156],[140.795,38.152],[140.797,38.148],[140.802,38.144],[140.807,38.143],[140.812,38.14],[140.822,38.138],[140.831,38.138],[140.834,38.135],[140.84,38.134],[140.847,38.133],[140.851,38.133],[140.857,38.133],[140.863,38.132],[140.867,38.138],[140.871,38.139],[140.87,38.136],[140.868,38.131],[140.866,38.127],[140.873,38.127],[140.873,38.123],[140.876,38.116],[140.879,38.112],[140.882,38.11],[140.885,38.114],[140.884,38.118],[140.891,38.119],[140.895,38.124],[140.899,38.133],[140.9,38.136],[140.904,38.141],[140.905,38.144],[140.909,38.143],[140.917,38.143],[140.914,38.14],[140.918,38.139],[140.92,38.143],[140.92,38.138],[140.925,38.137],[140.931,38.134],[140.938,38.133],[140.941,38.132],[140.944,38.137],[140.946,38.142],[140.949,38.149],[140.952,38.155],[140.956,38.162],[140.959,38.166],[140.961,38.17],[140.963,38.174],[140.959,38.176],[140.951,38.18],[140.948,38.183],[140.942,38.185],[140.937,38.189],[140.936,38.198]]]]}},{"type":"Feature","properties":{"name":"角田市","code":"04208"},"geometry":{"type":"MultiPolygon","coordinates":[[[[140.686,37.967],[140.691,37.964],[140.695,37.964],[140.7,37.964],[140.703,37.965],[140.708,37.963],[140.711,37.96],[140.709,37.952],[140.705,37.95],[140.705,37.947],[140.71,37.945],[140.718,37.943],[140.723,37.943],[140.728,37.942],[140.732,37.942],[140.734,37.946],[140.738,37.945],[140.742,37.945],[140.746,37.943],[140.75,37.943],[140.754,37.944],[140.76,37.947],[140.765,37.948],[140.771,37.948],[140.775,37.949],[140.779,37.948],[140.784,37.952],[140.785,37.955],[140.787,37.952],[140.787,37.949],[140.788,37.945],[140.787,37.941],[140.783,37.936],[140.788,37.932],[140.794,37.93],[140.798,37.93],[140.804,37.926],[140.808,37.925],[140.808,37.929],[140.807,37.933],[140.814,37.933],[140.821,37.934],[140.826,37.932],[140.831,37.931],[140.834,37.927],[140.837,37.925],[140.841,37.924],[140.843,37.919],[140.846,37.914],[140.851,37.912],[140.852,37.917],[140.855,37.92],[140.856,37.925],[140.856,37.93],[140.852,37.935],[140.851,37.938],[140.851,37.942],[140.853,37.947],[140.852,37.95],[140.853,37.955],[140.854,37.961],[140.853,37.966],[140.852,37.97],[140.851,37.973],[140.851,37.977],[140.848,37.98],[140.848,37.984],[140.843,37.99],[140.841,37.994],[140.84,37.997],[140.84,38.001],[140.841,38.007],[140.839,38.01],[140.839,38.014],[140.839,38.018],[140.835,38.022],[140.832,38.025],[140.829,38.031],[140.83,38.035],[140.829,38.039],[140.828,38.042],[140.831,38.048],[140.83,38.051],[140.83,38.054],[140.83,38.06],[140.828,38.064],[140.827,38.067],[140.827,38.072],[140.826,38.075],[140.823,38.077],[140.82,38.071],[140.816,38.068],[140.814,38.065],[140.812,38.06],[140.811,38.056],[140.811,38.052],[140.805,38.05],[140.801,38.051],[140.798,38.046],[140.793,38.044],[140.788,38.046],[140.784,38.044],[140.779,38.042],[140.776,38.042],[140.768,38.039],[140.758,38.041],[140.752,38.04],[140.749,38.038],[140.745,38.035],[140.742,38.033],[140.738,38.032],[140.733,38.031],[140.73,38.029],[140.726,38.031],[140.722,38.029],[140.718,38.027],[140.713,38.026],[140.706,38.022],[140.706,38.018],[140.704,38.015],[140.703,38.012],[140.7,38.009],[140.699,38.004],[140.694,38.003],[140.69,38.002],[140.691,37.999],[140.694,37.995],[140.693,37.99],[140.688,37.982],[140.69,37.978],[140.691,37.973],[140.689,37.969],[140.686,37.968]]]]}},{"type":"Feature","properties":{"name":"多賀城市","code":"04209"},"geometry":{"type":"MultiPolygon","coordinates":[[[[141.031,38.281],[141.035,38.283],[141.036,38.287],[141.041,38.286],[141.042,38.29],[141.043,38.293],[141.038,38.297],[141.036,38.301],[141.032,38.303],[141.029,38.308],[141.024,38.309],[141.016,38.307],[141.012,38.305],[141.007,38.306],[141.004,38.306],[141.0,38.305],[141.0,38.309],[140.996,38.31],[140.994,38.314],[140.986,38.312],[140.982,38.31],[140.977,38.309],[140.969,38.309],[140.963,38.31],[140.96,38.306],[140.958,38.302],[140.956,38.296],[140.96,38.295],[140.959,38.291],[140.964,38.286],[140.967,38.287],[140.971,38.286],[140.976,38.284],[140.987,38.284],[140.996,38.283],[141.002,38.281],[141.007,38.279],[141.011,38.277],[141.015,38.278],[141.021,38.28],[141.026,38.283],[141.031,38.282]]]]}},{"type":"Feature","properties":{"name":"岩沼市","code":"04211"},"geometry":{"type":"MultiPolygon","coordinates":[[[[140.797,38.148],[140.791,38.146],[140.789,38.142],[140.788,38.138],[140.783,38.135],[140.78,38.134],[140.777,38.13],[140.78,38.127],[140.785,38.126],[140.789,38.125],[140.794,38.123],[140.8,38.122],[140.806,38.127],[140.809,38.127],[140.817,38.127],[140.821,38.126],[140.824,38.122],[140.825,38.119],[140.824,38.115],[140.827,38.112],[140.825,38.107],[140.826,38.101],[140.825,38.097],[140.829,38.096],[140.829,38.092],[140.833,38.087],[140.835,38.084],[140.839,38.082],[140.845,38.08],[140.852,38.08],[140.858,38.082],[140.861,38.083],[140.867,38.091],[140.872,38.095],[140.875,38.096],[140.883,38.095],[140.887,38.095],[140.891,38.093],[140.895,38.09],[140.901,38.083],[140.907,38.078],[140.91,38.072],[140.908,38.065],[140.906,38.06],[140.907,38.056],[140.909,38.052],[140.918,38.048],[140.922,38.047],[140.922,38.05],[140.923,38.059],[140.925,38.074],[140.928,38.088],[140.93,38.1],[140.935,38.114],[140.939,38.126],[140.941,38.132],[140.938,38.133],[140.931,38.134],[140.925,38.137],[140.92,38.138],[140.922,38.142],[140.918,38.139],[140.914,38.14],[140.917,38.143],[140.911,38.142],[140.905,38.144],[140.904,38.141],[140.9,38.136],[140.899,38.133],[140.893,38.125],[140.891,38.119],[140.884,38.118],[140.885,38.114],[140.882,38.11],[140.876,38.11],[140.877,38.113],[140.873,38.123],[140.874,38.127],[140.868,38.126],[140.867,38.131],[140.87,38.136],[140.871,38.139],[140.868,38.141],[140.864,38.135],[140.857,38.133],[140.853,38.132],[140.847,38.133],[140.843,38.135],[140.837,38.134],[140.833,38.136],[140.822,38.138],[140.812,38.14],[140.807,38.143],[140.802,38.144],[140.797,38.148]]]]}},{"type":"Feature","properties":{"name":"登米市","code":"04212"},"geometry":{"type":"MultiPolygon","coordinates":[[[[141.401,38.609],[141.4,38.613],[141.4,38.616],[141.402,38.621],[141.403,38.624],[141.397,38.626],[141.394,38.629],[141.392,38.633],[141.39,38.636],[141.389,38.641],[141.386,38.646],[141.38,38.648],[141.376,38.654],[141.375,38.657],[141.376,38.661],[141.376,38.666],[141.38,38.668],[141.384,38.67],[141.386,38.674],[141.382,38.676],[141.379,38.676],[141.376,38.676],[141.373,38.677],[141.372,38.682],[141.375,38.686],[141.374,38.689],[141.371,38.689],[141.368,38.69],[141.371,38.693],[141.37,38.699],[141.371,38.702],[141.37,38.705],[141.372,38.709],[141.369,38.715],[141.369,38.719],[141.372,38.719],[141.378,38.72],[141.384,38.722],[141.389,38.724],[141.393,38.726],[141.392,38.731],[141.396,38.733],[141.4,38.734],[141.406,38.736],[141.411,38.736],[141.414,38.739],[141.411,38.742],[141.407,38.743],[141.404,38.749],[141.404,38.752],[141.399,38.757],[141.402,38.759],[141.406,38.763],[141.41,38.768],[141.411,38.771],[141.413,38.775],[141.415,38.778],[141.416,38.784],[141.411,38.786],[141.407,38.788],[141.401,38.789],[141.397,38.791],[141.397,38.795],[141.394,38.8],[141.389,38.798],[141.385,38.799],[141.38,38.796],[141.376,38.801],[141.372,38.804],[141.371,38.807],[141.366,38.809],[141.362,38.808],[141.358,38.811],[141.353,38.812],[141.35,38.812],[141.344,38.809],[141.341,38.808],[141.337,38.807],[141.334,38.809],[141.331,38.813],[141.324,38.816],[141.32,38.819],[141.317,38.823],[141.314,38.822],[141.309,38.822],[141.307,38.819],[141.308,38.814],[141.306,38.811],[141.303,38.805],[141.304,38.802],[141.302,38.799],[141.305,38.793],[141.3,38.793],[141.295,38.794],[141.285,38.798],[141.282,38.795],[141.278,38.794],[141.275,38.794],[141.271,38.795],[141.269,38.789],[141.264,38.788],[141.263,38.782],[141.261,38.778],[141.258,38.774],[141.256,38.771],[141.256,38.767],[141.257,38.762],[141.253,38.761],[141.248,38.76],[141.241,38.758],[141.237,38.755],[141.229,38.753],[141.237,38.752],[141.233,38.748],[141.223,38.749],[141.217,38.749],[141.211,38.754],[141.207,38.757],[141.208,38.761],[141.208,38.765],[141.206,38.769],[141.201,38.771],[141.198,38.774],[141.192,38.777],[141.186,38.78],[141.182,38.783],[141.179,38.782],[141.174,38.781],[141.17,38.778],[141.164,38.782],[141.159,38.783],[141.157,38.779],[141.155,38.776],[141.155,38.77],[141.154,38.766],[141.152,38.761],[141.154,38.753],[141.154,38.749],[141.155,38.746],[141.16,38.744],[141.164,38.742],[141.16,38.733],[141.163,38.732],[141.158,38.731],[141.153,38.73],[141.149,38.728],[141.144,38.726],[141.139,38.726],[141.134,38.728],[141.125,38.73],[141.116,38.724],[141.093,38.716],[141.088,38.712],[141.082,38.711],[141.079,38.705],[141.075,38.7],[141.073,38.694],[141.067,38.691],[141.064,38.69],[141.066,38.687],[141.062,38.684],[141.059,38.683],[141.061,38.679],[141.064,38.676],[141.069,38.676],[141.074,38.675],[141.076,38.671],[141.079,38.668],[141.077,38.664],[141.079,38.66],[141.083,38.657],[141.084,38.653],[141.081,38.649],[141.083,38.645],[141.095,38.641],[141.099,38.641],[141.104,38.642],[141.109,38.644],[141.111,38.64],[141.111,38.637],[141.11,38.632],[141.109,38.629],[141.113,38.629],[141.115,38.624],[141.12,38.624],[141.124,38.623],[141.132,38.618],[141.137,38.614],[141.138,38.61],[141.143,38.609],[141.15,38.608],[141.153,38.606],[141.157,38.603],[141.16,38.601],[141.168,38.598],[141.175,38.596],[141.179,38.604],[141.191,38.599],[141.197,38.596],[141.201,38.594],[141.201,38.589],[141.196,38.588],[141.196,38.582],[141.199,38.577],[141.204,38.572],[141.208,38.571],[141.214,38.569],[141.22,38.567],[141.223,38.566],[141.225,38.562],[141.229,38.557],[141.229,38.553],[141.229,38.55],[141.232,38.553],[141.232,38.557],[141.233,38.561],[141.234,38.567],[141.238,38.573],[141.242,38.576],[141.247,38.576],[141.25,38.578],[141.258,38.58],[141.262,38.582],[141.267,38.587],[141.267,38.593],[141.265,38.597],[141.265,38.6],[141.27,38.605],[141.274,38.606],[141.287,38.603],[141.29,38.602],[141.289,38.597],[141.292,38.594],[141.29,38.591],[141.289,38.585],[141.287,38.58],[141.286,38.576],[141.287,38.571],[141.292,38.572],[141.297,38.572],[141.303,38.571],[141.307,38.569],[141.311,38.57],[141.314,38.569],[141.32,38.571],[141.323,38.574],[141.331,38.576],[141.335,38.577],[141.339,38.579],[141.345,38.58],[141.349,38.584],[141.354,38.586],[141.359,38.589],[141.363,38.591],[141.366,38.59],[141.369,38.592],[141.373,38.59],[141.377,38.59],[141.383,38.594],[141.391,38.599],[141.396,38.604],[141.4,38.605],[141.401,38.609]]]]}},{"type":"Feature","properties":{"name":"栗原市","code":"04213"},"geometry":{"type":"MultiPolygon","coordinates":[[[[141.157,38.783],[141.153,38.784],[141.147,38.786],[141.142,38.787],[141.139,38.791],[141.14,38.794],[141.141,38.8],[141.141,38.804],[141.141,38.809],[141.143,38.812],[141.137,38.814],[141.13,38.813],[141.128,38.816],[141.124,38.817],[141.124,38.82],[141.124,38.825],[141.12,38.826],[141.116,38.822],[141.112,38.824],[141.105,38.823],[141.105,38.828],[141.103,38.833],[141.105,38.837],[141.109,38.837],[141.113,38.838],[141.117,38.836],[141.12,38.835],[141.125,38.837],[141.13,38.84],[141.133,38.845],[141.136,38.846],[141.14,38.851],[141.147,38.856],[141.147,38.86],[141.147,38.863],[141.146,38.867],[141.144,38.87],[141.141,38.874],[141.139,38.877],[141.136,38.877],[141.128,38.88],[141.124,38.88],[141.12,38.88],[141.116,38.879],[141.111,38.879],[141.108,38.878],[141.102,38.881],[141.102,38.885],[141.099,38.885],[141.095,38.886],[141.092,38.887],[141.089,38.884],[141.085,38.884],[141.082,38.883],[141.075,38.879],[141.071,38.882],[141.066,38.883],[141.061,38.884],[141.058,38.882],[141.055,38.882],[141.048,38.881],[141.044,38.877],[141.04,38.877],[141.037,38.877],[141.033,38.878],[141.03,38.883],[141.025,38.883],[141.022,38.883],[141.022,38.886],[141.016,38.884],[141.013,38.881],[141.01,38.882],[141.006,38.879],[141.002,38.881],[140.999,38.881],[140.995,38.88],[140.994,38.877],[140.99,38.874],[140.985,38.875],[140.983,38.879],[140.98,38.884],[140.975,38.886],[140.972,38.887],[140.973,38.89],[140.971,38.895],[140.966,38.899],[140.964,38.902],[140.962,38.906],[140.955,38.909],[140.949,38.911],[140.946,38.912],[140.943,38.915],[140.939,38.916],[140.934,38.915],[140.931,38.918],[140.927,38.921],[140.922,38.918],[140.922,38.914],[140.916,38.916],[140.915,38.92],[140.912,38.924],[140.91,38.927],[140.907,38.928],[140.903,38.929],[140.898,38.928],[140.893,38.927],[140.888,38.929],[140.882,38.928],[140.876,38.931],[140.873,38.935],[140.869,38.938],[140.864,38.941],[140.858,38.943],[140.849,38.947],[140.844,38.949],[140.838,38.955],[140.834,38.958],[140.829,38.962],[140.824,38.964],[140.819,38.964],[140.813,38.964],[140.81,38.963],[140.805,38.963],[140.8,38.962],[140.794,38.964],[140.791,38.962],[140.787,38.961],[140.782,38.958],[140.776,38.959],[140.772,38.958],[140.768,38.958],[140.763,38.957],[140.759,38.959],[140.75,38.957],[140.745,38.956],[140.741,38.953],[140.737,38.951],[140.732,38.949],[140.73,38.945],[140.726,38.943],[140.726,38.94],[140.723,38.934],[140.721,38.931],[140.718,38.928],[140.714,38.927],[140.712,38.923],[140.707,38.92],[140.712,38.918],[140.714,38.914],[140.719,38.912],[140.72,38.908],[140.724,38.906],[140.727,38.905],[140.732,38.904],[140.735,38.901],[140.737,38.898],[140.739,38.895],[140.741,38.89],[140.746,38.886],[140.748,38.882],[140.747,38.878],[140.748,38.875],[140.744,38.868],[140.748,38.866],[140.749,38.859],[140.749,38.856],[140.749,38.851],[140.747,38.846],[140.746,38.842],[140.749,38.838],[140.753,38.838],[140.757,38.836],[140.756,38.832],[140.752,38.829],[140.754,38.826],[140.754,38.819],[140.751,38.815],[140.751,38.811],[140.75,38.806],[140.749,38.799],[140.753,38.795],[140.747,38.792],[140.745,38.787],[140.741,38.784],[140.738,38.78],[140.742,38.777],[140.746,38.774],[140.747,38.769],[140.75,38.769],[140.754,38.767],[140.758,38.766],[140.762,38.763],[140.762,38.768],[140.767,38.769],[140.773,38.769],[140.778,38.768],[140.786,38.765],[140.791,38.764],[140.8,38.757],[140.803,38.751],[140.813,38.747],[140.819,38.742],[140.824,38.737],[140.829,38.735],[140.832,38.733],[140.839,38.731],[140.844,38.732],[140.848,38.732],[140.855,38.732],[140.859,38.734],[140.862,38.733],[140.87,38.73],[140.873,38.728],[140.878,38.725],[140.881,38.725],[140.888,38.723],[140.891,38.726],[140.897,38.726],[140.901,38.723],[140.905,38.724],[140.908,38.723],[140.913,38.722],[140.916,38.72],[140.92,38.72],[140.924,38.72],[140.929,38.72],[140.934,38.719],[140.938,38.717],[140.944,38.714],[140.948,38.709],[140.955,38.707],[140.965,38.704],[140.968,38.698],[140.964,38.696],[140.968,38.693],[140.97,38.69],[140.969,38.687],[140.97,38.682],[140.97,38.678],[140.972,38.675],[140.967,38.672],[140.97,38.669],[140.975,38.667],[140.982,38.662],[140.989,38.657],[140.995,38.654],[140.994,38.648],[140.991,38.648],[140.99,38.645],[140.992,38.641],[140.995,38.638],[141.0,38.636],[141.006,38.632],[141.009,38.63],[141.016,38.628],[141.019,38.631],[141.023,38.629],[141.03,38.628],[141.035,38.63],[141.039,38.629],[141.044,38.628],[141.048,38.629],[141.053,38.627],[141.061,38.628],[141.064,38.628],[141.073,38.632],[141.083,38.629],[141.087,38.634],[141.091,38.64],[141.095,38.641],[141.083,38.645],[141.081,38.649],[141.084,38.653],[141.083,38.657],[141.079,38.66],[141.077,38.664],[141.079,38.668],[141.077,38.671],[141.074,38.675],[141.069,38.676],[141.064,38.676],[141.061,38.677],[141.06,38.681],[141.064,38.685],[141.064,38.69],[141.067,38.691],[141.073,38.694],[141.075,38.698],[141.079,38.705],[141.082,38.711],[141.086,38.713],[141.091,38.715],[141.116,38.724],[141.127,38.728],[141.133,38.73],[141.137,38.727],[141.142,38.727],[141.146,38.725],[141.153,38.73],[141.157,38.73],[141.162,38.731],[141.166,38.731],[141.16,38.733],[141.164,38.742],[141.16,38.743],[141.155,38.746],[141.154,38.749],[141.154,38.753],[141.153,38.76],[141.154,38.763],[141.154,38.768],[141.155,38.776],[141.157,38.779],[141.157,38.783]]]]}},{"type":"Feature","properties":{"name":"東松島市","code":"04214"},"geometry":{"type":"MultiPolygon","coordinates":[[[[141.15,38.357],[141.146,38.357],[141.141,38.355],[141.142,38.351],[141.146,38.346],[141.149,38.342],[141.148,38.339],[141.143,38.34],[141.138,38.34],[141.133,38.34],[141.134,38.336],[141.137,38.331],[141.14,38.327],[141.146,38.325],[141.142,38.329],[141.139,38.33],[141.144,38.332],[141.149,38.334],[141.146,38.33],[141.149,38.327],[141.154,38.323],[141.158,38.325],[141.161,38.328],[141.167,38.327],[141.169,38.324],[141.174,38.324],[141.178,38.324],[141.174,38.325],[141.17,38.329],[141.167,38.332],[141.168,38.337],[141.168,38.342],[141.164,38.345],[141.164,38.35],[141.16,38.347],[141.162,38.342],[141.158,38.345],[141.156,38.349],[141.158,38.353],[141.15,38.357]]],[[[141.166,38.461],[141.17,38.46],[141.174,38.458],[141.176,38.455],[141.172,38.455],[141.168,38.453],[141.163,38.452],[141.16,38.453],[141.157,38.45],[141.15,38.449],[141.141,38.445],[141.135,38.442],[141.131,38.442],[141.132,38.439],[141.129,38.438],[141.124,38.441],[141.131,38.446],[141.128,38.45],[141.119,38.445],[141.115,38.444],[141.117,38.439],[141.116,38.436],[141.121,38.432],[141.123,38.429],[141.124,38.425],[141.127,38.422],[141.124,38.419],[141.121,38.419],[141.114,38.416],[141.111,38.414],[141.108,38.413],[141.104,38.412],[141.1,38.414],[141.095,38.41],[141.099,38.408],[141.099,38.405],[141.103,38.403],[141.107,38.4],[141.108,38.395],[141.112,38.397],[141.117,38.399],[141.12,38.396],[141.123,38.391],[141.123,38.387],[141.126,38.384],[141.126,38.38],[141.132,38.378],[141.136,38.374],[141.137,38.369],[141.135,38.365],[141.132,38.361],[141.137,38.36],[141.141,38.359],[141.144,38.36],[141.149,38.358],[141.156,38.355],[141.159,38.36],[141.16,38.364],[141.163,38.367],[141.167,38.37],[141.172,38.374],[141.179,38.378],[141.185,38.381],[141.191,38.384],[141.201,38.389],[141.216,38.396],[141.23,38.401],[141.243,38.404],[141.248,38.406],[141.248,38.411],[141.249,38.414],[141.248,38.417],[141.247,38.421],[141.249,38.427],[141.252,38.426],[141.258,38.427],[141.259,38.433],[141.255,38.445],[141.251,38.445],[141.246,38.444],[141.242,38.446],[141.241,38.449],[141.241,38.454],[141.236,38.457],[141.237,38.468],[141.227,38.472],[141.224,38.46],[141.215,38.461],[141.212,38.459],[141.208,38.457],[141.209,38.454],[141.203,38.452],[141.199,38.453],[141.196,38.449],[141.194,38.453],[141.193,38.458],[141.187,38.46],[141.182,38.459],[141.179,38.46],[141.172,38.461],[141.166,38.461]]]]}},{"type":"Feature","properties":{"name":"大崎市","code":"04215"},"geometry":{"type":"MultiPolygon","coordinates":[[[[141.095,38.641],[141.091,38.64],[141.087,38.634],[141.083,38.629],[141.075,38.632],[141.065,38.629],[141.061,38.628],[141.055,38.627],[141.051,38.629],[141.044,38.628],[141.039,38.629],[141.035,38.63],[141.03,38.628],[141.023,38.629],[141.019,38.631],[141.016,38.628],[141.012,38.63],[141.007,38.629],[141.0,38.634],[140.997,38.637],[140.992,38.641],[140.99,38.645],[140.991,38.648],[140.994,38.648],[140.996,38.652],[140.989,38.657],[140.98,38.661],[140.977,38.665],[140.97,38.669],[140.967,38.672],[140.97,38.675],[140.97,38.678],[140.97,38.682],[140.969,38.687],[140.97,38.69],[140.968,38.693],[140.964,38.696],[140.968,38.698],[140.966,38.702],[140.958,38.707],[140.95,38.708],[140.946,38.712],[140.94,38.717],[140.934,38.719],[140.93,38.721],[140.926,38.721],[140.922,38.721],[140.919,38.719],[140.914,38.72],[140.91,38.724],[140.905,38.724],[140.901,38.723],[140.897,38.726],[140.894,38.726],[140.889,38.724],[140.883,38.723],[140.878,38.725],[140.873,38.728],[140.87,38.73],[140.864,38.734],[140.86,38.735],[140.855,38.732],[140.85,38.731],[140.844,38.732],[140.839,38.731],[140.834,38.731],[140.829,38.734],[140.824,38.737],[140.819,38.741],[140.815,38.745],[140.805,38.749],[140.801,38.755],[140.792,38.761],[140.788,38.764],[140.78,38.768],[140.773,38.769],[140.767,38.769],[140.763,38.768],[140.763,38.764],[140.758,38.766],[140.754,38.767],[140.75,38.769],[140.747,38.769],[140.746,38.774],[140.742,38.777],[140.738,38.78],[140.741,38.784],[140.745,38.787],[140.747,38.792],[140.75,38.793],[140.75,38.797],[140.75,38.804],[140.75,38.81],[140.75,38.814],[140.752,38.817],[140.755,38.823],[140.751,38.828],[140.754,38.832],[140.758,38.834],[140.753,38.838],[140.749,38.838],[140.746,38.842],[140.747,38.846],[140.749,38.849],[140.748,38.854],[140.75,38.858],[140.749,38.864],[140.744,38.868],[140.745,38.873],[140.75,38.877],[140.748,38.882],[140.746,38.886],[140.741,38.89],[140.739,38.895],[140.737,38.898],[140.735,38.901],[140.732,38.904],[140.729,38.906],[140.724,38.906],[140.72,38.908],[140.719,38.912],[140.714,38.914],[140.712,38.918],[140.707,38.92],[140.704,38.921],[140.7,38.924],[140.695,38.921],[140.69,38.918],[140.686,38.918],[140.68,38.913],[140.679,38.908],[140.673,38.904],[140.672,38.898],[140.667,38.895],[140.66,38.894],[140.656,38.892],[140.65,38.888],[140.645,38.889],[140.642,38.887],[140.638,38.883],[140.635,38.886],[140.631,38.888],[140.626,38.89],[140.62,38.89],[140.616,38.894],[140.61,38.892],[140.608,38.889],[140.604,38.886],[140.599,38.885],[140.593,38.887],[140.59,38.886],[140.586,38.884],[140.586,38.88],[140.581,38.881],[140.574,38.879],[140.57,38.875],[140.567,38.875],[140.562,38.873],[140.558,38.876],[140.554,38.876],[140.553,38.883],[140.55,38.886],[140.547,38.889],[140.546,38.886],[140.548,38.881],[140.544,38.878],[140.54,38.874],[140.539,38.869],[140.54,38.866],[140.54,38.862],[140.548,38.861],[140.553,38.859],[140.557,38.856],[140.557,38.85],[140.559,38.847],[140.563,38.849],[140.566,38.848],[140.57,38.846],[140.574,38.842],[140.577,38.841],[140.58,38.841],[140.583,38.839],[140.591,38.836],[140.593,38.832],[140.593,38.828],[140.599,38.826],[140.599,38.821],[140.599,38.817],[140.595,38.813],[140.597,38.81],[140.596,38.804],[140.599,38.8],[140.599,38.796],[140.599,38.792],[140.603,38.789],[140.604,38.784],[140.607,38.782],[140.613,38.781],[140.615,38.777],[140.62,38.776],[140.627,38.774],[140.631,38.776],[140.637,38.777],[140.642,38.776],[140.643,38.772],[140.646,38.77],[140.644,38.766],[140.641,38.764],[140.636,38.762],[140.635,38.758],[140.633,38.754],[140.632,38.75],[140.629,38.746],[140.627,38.743],[140.623,38.742],[140.62,38.739],[140.621,38.732],[140.615,38.727],[140.61,38.723],[140.607,38.721],[140.607,38.718],[140.608,38.712],[140.609,38.707],[140.607,38.704],[140.612,38.702],[140.616,38.7],[140.62,38.7],[140.624,38.7],[140.621,38.696],[140.624,38.693],[140.629,38.691],[140.636,38.689],[140.639,38.693],[140.643,38.696],[140.647,38.699],[140.651,38.7],[140.657,38.698],[140.658,38.695],[140.659,38.69],[140.663,38.687],[140.667,38.688],[140.671,38.689],[140.678,38.695],[140.677,38.698],[140.683,38.701],[140.688,38.702],[140.691,38.7],[140.694,38.699],[140.699,38.7],[140.702,38.699],[140.709,38.701],[140.708,38.706],[140.713,38.708],[140.717,38.707],[140.722,38.708],[140.725,38.707],[140.728,38.704],[140.729,38.7],[140.734,38.698],[140.741,38.696],[140.744,38.692],[140.747,38.689],[140.75,38.686],[140.755,38.686],[140.764,38.686],[140.767,38.692],[140.773,38.688],[140.779,38.683],[140.784,38.677],[140.789,38.673],[140.794,38.67],[140.798,38.668],[140.8,38.664],[140.803,38.662],[140.807,38.658],[140.811,38.657],[140.816,38.654],[140.82,38.649],[140.824,38.645],[140.831,38.638],[140.834,38.637],[140.846,38.631],[140.85,38.626],[140.856,38.623],[140.862,38.618],[140.863,38.614],[140.867,38.613],[140.871,38.612],[140.872,38.609],[140.876,38.605],[140.878,38.601],[140.876,38.593],[140.874,38.589],[140.877,38.583],[140.879,38.579],[140.882,38.575],[140.887,38.575],[140.894,38.573],[140.897,38.571],[140.905,38.569],[140.907,38.564],[140.904,38.562],[140.9,38.56],[140.896,38.56],[140.9,38.558],[140.897,38.539],[140.892,38.535],[140.893,38.531],[140.89,38.533],[140.886,38.529],[140.889,38.52],[140.888,38.516],[140.891,38.513],[140.893,38.509],[140.895,38.505],[140.899,38.503],[140.903,38.5],[140.904,38.496],[140.909,38.495],[140.917,38.491],[140.921,38.489],[140.925,38.488],[140.933,38.487],[140.937,38.491],[140.942,38.488],[140.946,38.488],[140.949,38.49],[140.948,38.493],[140.949,38.497],[140.953,38.5],[140.957,38.506],[140.963,38.506],[140.967,38.504],[140.974,38.504],[140.978,38.504],[140.984,38.499],[140.987,38.497],[140.991,38.497],[140.994,38.494],[140.998,38.492],[140.999,38.489],[141.001,38.483],[141.001,38.479],[141.006,38.475],[141.01,38.473],[141.014,38.475],[141.019,38.475],[141.021,38.471],[141.026,38.468],[141.031,38.465],[141.035,38.465],[141.034,38.461],[141.034,38.454],[141.031,38.453],[141.028,38.447],[141.031,38.446],[141.035,38.446],[141.043,38.443],[141.048,38.443],[141.053,38.443],[141.061,38.441],[141.061,38.445],[141.068,38.447],[141.073,38.448],[141.081,38.45],[141.085,38.448],[141.093,38.445],[141.097,38.445],[141.103,38.442],[141.109,38.442],[141.107,38.447],[141.106,38.45],[141.109,38.455],[141.111,38.459],[141.116,38.461],[141.121,38.464],[141.124,38.466],[141.126,38.471],[141.128,38.475],[141.128,38.481],[141.127,38.486],[141.126,38.491],[141.123,38.495],[141.117,38.497],[141.117,38.502],[141.114,38.504],[141.111,38.507],[141.105,38.507],[141.101,38.51],[141.1,38.515],[141.095,38.514],[141.092,38.516],[141.097,38.52],[141.096,38.524],[141.089,38.525],[141.082,38.525],[141.078,38.527],[141.076,38.53],[141.071,38.528],[141.065,38.528],[141.059,38.528],[141.053,38.532],[141.049,38.533],[141.045,38.529],[141.04,38.529],[141.035,38.527],[141.031,38.527],[141.028,38.527],[141.024,38.531],[141.027,38.536],[141.021,38.537],[141.021,38.541],[141.019,38.546],[141.022,38.546],[141.011,38.557],[141.007,38.558],[141.004,38.559],[140.998,38.559],[140.995,38.563],[140.995,38.566],[140.997,38.573],[141.001,38.575],[141.004,38.574],[141.008,38.57],[141.011,38.568],[141.014,38.568],[141.014,38.578],[141.015,38.582],[141.015,38.586],[141.01,38.584],[141.003,38.584],[141.006,38.588],[141.009,38.59],[141.013,38.593],[141.026,38.59],[141.029,38.589],[141.036,38.591],[141.044,38.59],[141.048,38.59],[141.051,38.59],[141.05,38.577],[141.047,38.574],[141.053,38.574],[141.052,38.571],[141.053,38.568],[141.059,38.566],[141.059,38.562],[141.065,38.562],[141.071,38.563],[141.077,38.564],[141.081,38.563],[141.087,38.559],[141.093,38.556],[141.1,38.556],[141.098,38.56],[141.092,38.564],[141.084,38.567],[141.082,38.572],[141.083,38.577],[141.088,38.58],[141.091,38.585],[141.096,38.585],[141.101,38.586],[141.104,38.589],[141.109,38.59],[141.115,38.589],[141.117,38.585],[141.121,38.585],[141.126,38.582],[141.13,38.587],[141.13,38.59],[141.132,38.594],[141.135,38.598],[141.139,38.599],[141.142,38.603],[141.145,38.603],[141.153,38.6],[141.159,38.599],[141.157,38.603],[141.153,38.606],[141.15,38.608],[141.145,38.608],[141.138,38.61],[141.137,38.614],[141.132,38.618],[141.127,38.62],[141.12,38.624],[141.115,38.624],[141.113,38.629],[141.109,38.629],[141.11,38.632],[141.111,38.637],[141.111,38.64],[141.111,38.644],[141.104,38.642],[141.101,38.641],[141.095,38.641]]]]}},{"type":"Feature","properties":{"name":"富谷市","code":"04216"},"geometry":{"type":"MultiPolygon","coordinates":[[[[140.934,38.341],[140.934,38.344],[140.938,38.348],[140.939,38.353],[140.936,38.359],[140.937,38.365],[140.938,38.37],[140.937,38.376],[140.938,38.381],[140.936,38.388],[140.933,38.394],[140.935,38.401],[140.934,38.407],[140.932,38.403],[140.926,38.406],[140.921,38.406],[140.916,38.405],[140.913,38.402],[140.91,38.41],[140.907,38.409],[140.904,38.411],[140.905,38.414],[140.901,38.417],[140.9,38.421],[140.901,38.425],[140.904,38.429],[140.896,38.43],[140.89,38.431],[140.887,38.429],[140.883,38.429],[140.878,38.427],[140.872,38.424],[140.873,38.419],[140.872,38.416],[140.869,38.412],[140.862,38.411],[140.859,38.408],[140.859,38.405],[140.863,38.405],[140.867,38.407],[140.871,38.408],[140.875,38.406],[140.875,38.401],[140.871,38.397],[140.873,38.393],[140.87,38.39],[140.87,38.386],[140.863,38.379],[140.863,38.374],[140.861,38.37],[140.864,38.366],[140.863,38.362],[140.867,38.361],[140.87,38.36],[140.876,38.358],[140.88,38.354],[140.884,38.351],[140.884,38.347],[140.893,38.344],[140.897,38.341],[140.901,38.341],[140.903,38.337],[140.911,38.334],[140.917,38.336],[140.923,38.333],[140.927,38.333],[140.927,38.338],[140.93,38.34],[140.934,38.341]]]]}},{"type":"Feature","properties":{"name":"刈田郡蔵王町","code":"04301"},"geometry":{"type":"MultiPolygon","coordinates":[[[[140.695,38.036],[140.696,38.042],[140.689,38.044],[140.684,38.048],[140.68,38.052],[140.68,38.056],[140.68,38.059],[140.679,38.062],[140.681,38.065],[140.681,38.069],[140.684,38.071],[140.687,38.074],[140.688,38.078],[140.687,38.083],[140.691,38.088],[140.692,38.092],[140.695,38.095],[140.695,38.099],[140.697,38.103],[140.701,38.106],[140.701,38.111],[140.704,38.118],[140.705,38.121],[140.704,38.125],[140.702,38.13],[140.698,38.134],[140.692,38.137],[140.688,38.138],[140.684,38.14],[140.68,38.14],[140.675,38.139],[140.667,38.144],[140.662,38.143],[140.654,38.14],[140.65,38.136],[140.643,38.137],[140.64,38.141],[140.629,38.138],[140.622,38.135],[140.618,38.135],[140.613,38.137],[140.61,38.136],[140.606,38.138],[140.602,38.139],[140.596,38.139],[140.59,38.138],[140.587,38.142],[140.588,38.145],[140.583,38.146],[140.579,38.148],[140.574,38.15],[140.57,38.149],[140.566,38.148],[140.558,38.149],[140.553,38.149],[140.555,38.145],[140.551,38.142],[140.545,38.137],[140.539,38.138],[140.532,38.139],[140.526,38.137],[140.523,38.14],[140.52,38.144],[140.515,38.145],[140.512,38.147],[140.508,38.146],[140.504,38.143],[140.498,38.143],[140.493,38.145],[140.49,38.147],[140.486,38.148],[140.482,38.146],[140.478,38.144],[140.474,38.145],[140.47,38.143],[140.465,38.145],[140.462,38.142],[140.456,38.142],[140.451,38.143],[140.446,38.144],[140.443,38.139],[140.443,38.136],[140.446,38.13],[140.447,38.125],[140.451,38.12],[140.454,38.118],[140.454,38.114],[140.456,38.11],[140.458,38.106],[140.462,38.103],[140.47,38.099],[140.476,38.095],[140.477,38.091],[140.481,38.09],[140.486,38.089],[140.491,38.091],[140.495,38.093],[140.5,38.094],[140.507,38.095],[140.513,38.095],[140.517,38.095],[140.523,38.096],[140.527,38.095],[140.533,38.096],[140.537,38.096],[140.541,38.094],[140.544,38.091],[140.548,38.088],[140.55,38.083],[140.55,38.08],[140.554,38.078],[140.557,38.079],[140.566,38.084],[140.571,38.086],[140.578,38.086],[140.583,38.086],[140.588,38.086],[140.592,38.086],[140.596,38.088],[140.601,38.087],[140.605,38.084],[140.604,38.08],[140.61,38.074],[140.609,38.071],[140.613,38.065],[140.619,38.064],[140.623,38.06],[140.628,38.059],[140.631,38.054],[140.635,38.054],[140.639,38.053],[140.643,38.048],[140.646,38.043],[140.645,38.038],[140.649,38.034],[140.654,38.04],[140.658,38.043],[140.666,38.041],[140.672,38.037],[140.676,38.038],[140.68,38.039],[140.686,38.037],[140.689,38.036],[140.695,38.036]]]]}},{"type":"Feature","properties":{"name":"刈田郡七ヶ宿町","code":"04302"},"geometry":{"type":"MultiPolygon","coordinates":[[[[140.477,38.091],[140.476,38.095],[140.47,38.099],[140.462,38.103],[140.458,38.106],[140.456,38.11],[140.454,38.114],[140.453,38.117],[140.453,38.12],[140.449,38.122],[140.448,38.128],[140.441,38.13],[140.437,38.128],[140.431,38.127],[140.427,38.124],[140.424,38.119],[140.426,38.115],[140.423,38.111],[140.417,38.103],[140.419,38.099],[140.419,38.095],[140.42,38.09],[140.421,38.085],[140.418,38.08],[140.414,38.078],[140.41,38.077],[140.404,38.074],[140.403,38.071],[140.4,38.07],[140.397,38.069],[140.393,38.07],[140.39,38.071],[140.384,38.071],[140.38,38.069],[140.382,38.064],[140.377,38.06],[140.368,38.056],[140.365,38.056],[140.36,38.058],[140.356,38.058],[140.352,38.057],[140.35,38.054],[140.345,38.053],[140.34,38.055],[140.336,38.055],[140.332,38.056],[140.325,38.055],[140.32,38.055],[140.317,38.058],[140.312,38.057],[140.308,38.058],[140.304,38.054],[140.301,38.054],[140.297,38.057],[140.292,38.056],[140.289,38.059],[140.285,38.058],[140.282,38.06],[140.277,38.056],[140.281,38.052],[140.282,38.047],[140.279,38.043],[140.279,38.04],[140.276,38.036],[140.276,38.031],[140.279,38.028],[140.282,38.02],[140.283,38.016],[140.287,38.011],[140.29,38.007],[140.286,38.005],[140.283,38.001],[140.279,37.996],[140.276,37.99],[140.275,37.984],[140.278,37.98],[140.28,37.977],[140.284,37.973],[140.29,37.972],[140.296,37.97],[140.302,37.969],[140.307,37.966],[140.31,37.964],[140.314,37.965],[140.315,37.96],[140.32,37.959],[140.325,37.958],[140.329,37.958],[140.331,37.955],[140.334,37.951],[140.336,37.955],[140.341,37.953],[140.346,37.951],[140.351,37.95],[140.356,37.952],[140.355,37.958],[140.359,37.959],[140.364,37.959],[140.371,37.957],[140.383,37.953],[140.386,37.96],[140.386,37.965],[140.388,37.969],[140.393,37.971],[140.399,37.974],[140.408,37.974],[140.408,37.97],[140.408,37.967],[140.415,37.963],[140.421,37.96],[140.424,37.957],[140.428,37.955],[140.434,37.954],[140.438,37.954],[140.445,37.957],[140.447,37.954],[140.451,37.951],[140.456,37.95],[140.461,37.953],[140.466,37.949],[140.471,37.947],[140.475,37.947],[140.475,37.95],[140.478,37.954],[140.483,37.953],[140.486,37.953],[140.491,37.954],[140.497,37.953],[140.504,37.951],[140.508,37.951],[140.511,37.954],[140.517,37.959],[140.521,37.961],[140.522,37.965],[140.528,37.966],[140.532,37.965],[140.533,37.968],[140.532,37.973],[140.529,37.977],[140.525,37.982],[140.522,37.987],[140.519,37.99],[140.516,37.996],[140.517,38.002],[140.522,38.004],[140.518,38.008],[140.513,38.008],[140.512,38.012],[140.514,38.016],[140.512,38.021],[140.512,38.025],[140.509,38.03],[140.501,38.033],[140.496,38.037],[140.492,38.039],[140.491,38.046],[140.491,38.051],[140.491,38.055],[140.491,38.06],[140.489,38.066],[140.483,38.072],[140.481,38.075],[140.474,38.078],[140.471,38.082],[140.472,38.085],[140.477,38.091]]]]}},{"type":"Feature","properties":{"name":"柴田郡大河原町","code":"04321"},"geometry":{"type":"MultiPolygon","coordinates":[[[[140.706,38.022],[140.711,38.024],[140.718,38.027],[140.722,38.029],[140.726,38.031],[140.73,38.029],[140.733,38.031],[140.737,38.031],[140.74,38.031],[140.746,38.033],[140.749,38.038],[140.752,38.04],[140.749,38.045],[140.746,38.047],[140.743,38.049],[140.747,38.05],[140.753,38.052],[140.748,38.057],[140.754,38.058],[140.75,38.06],[140.746,38.061],[140.743,38.062],[140.74,38.066],[140.736,38.069],[140.733,38.064],[140.729,38.065],[140.73,38.069],[140.727,38.069],[140.722,38.072],[140.719,38.075],[140.713,38.075],[140.708,38.073],[140.699,38.077],[140.696,38.076],[140.689,38.075],[140.685,38.072],[140.682,38.071],[140.682,38.067],[140.679,38.062],[140.678,38.059],[140.68,38.056],[140.68,38.052],[140.685,38.049],[140.688,38.046],[140.693,38.045],[140.695,38.039],[140.7,38.037],[140.705,38.033],[140.704,38.027],[140.706,38.022]]]]}},{"type":"Feature","properties":{"name":"柴田郡村田町","code":"04322"},"geometry":{"type":"MultiPolygon","coordinates":[[[[140.75,38.179],[140.746,38.177],[140.746,38.172],[140.744,38.168],[140.745,38.165],[140.746,38.162],[140.742,38.16],[140.736,38.157],[140.731,38.152],[140.728,38.152],[140.723,38.151],[140.72,38.15],[140.716,38.151],[140.712,38.152],[140.707,38.154],[140.704,38.159],[140.699,38.158],[140.697,38.153],[140.694,38.155],[140.688,38.157],[140.685,38.158],[140.679,38.159],[140.673,38.161],[140.667,38.163],[140.664,38.169],[140.657,38.168],[140.653,38.169],[140.649,38.166],[140.65,38.158],[140.65,38.154],[140.652,38.149],[140.655,38.145],[140.65,38.143],[140.645,38.144],[140.64,38.144],[140.637,38.142],[140.641,38.139],[140.647,38.137],[140.651,38.138],[140.66,38.141],[140.665,38.144],[140.674,38.141],[140.678,38.138],[140.683,38.139],[140.688,38.138],[140.691,38.139],[140.699,38.136],[140.702,38.132],[140.704,38.125],[140.705,38.121],[140.704,38.118],[140.703,38.112],[140.7,38.108],[140.697,38.103],[140.695,38.099],[140.695,38.095],[140.692,38.092],[140.691,38.088],[140.687,38.086],[140.688,38.08],[140.689,38.076],[140.693,38.075],[140.699,38.077],[140.706,38.075],[140.713,38.075],[140.717,38.076],[140.722,38.072],[140.727,38.069],[140.73,38.069],[140.729,38.065],[140.733,38.064],[140.734,38.068],[140.739,38.068],[140.743,38.062],[140.746,38.061],[140.75,38.06],[140.754,38.058],[140.756,38.062],[140.752,38.067],[140.753,38.071],[140.756,38.078],[140.755,38.083],[140.756,38.086],[140.756,38.089],[140.751,38.094],[140.753,38.097],[140.753,38.101],[140.755,38.105],[140.756,38.111],[140.758,38.114],[140.761,38.121],[140.766,38.124],[140.77,38.125],[140.773,38.128],[140.776,38.134],[140.776,38.137],[140.781,38.138],[140.786,38.137],[140.787,38.14],[140.789,38.144],[140.794,38.148],[140.795,38.152],[140.794,38.156],[140.794,38.161],[140.793,38.165],[140.791,38.169],[140.79,38.174],[140.787,38.177],[140.782,38.177],[140.778,38.178],[140.77,38.178],[140.767,38.179],[140.763,38.177],[140.757,38.177],[140.754,38.18],[140.751,38.181]]]]}},{"type":"Feature","properties":{"name":"柴田郡柴田町","code":"04323"},"geometry":{"type":"MultiPolygon","coordinates":[[[[140.823,38.077],[140.829,38.081],[140.832,38.083],[140.835,38.087],[140.832,38.089],[140.829,38.096],[140.825,38.097],[140.826,38.101],[140.826,38.105],[140.826,38.109],[140.825,38.113],[140.826,38.116],[140.827,38.12],[140.823,38.123],[140.819,38.127],[140.812,38.127],[140.806,38.127],[140.802,38.122],[140.796,38.122],[140.79,38.124],[140.785,38.126],[140.781,38.126],[140.777,38.128],[140.78,38.134],[140.783,38.135],[140.786,38.137],[140.781,38.138],[140.776,38.137],[140.776,38.134],[140.774,38.128],[140.771,38.127],[140.766,38.124],[140.761,38.121],[140.76,38.117],[140.756,38.111],[140.757,38.106],[140.753,38.101],[140.753,38.097],[140.751,38.094],[140.754,38.092],[140.756,38.086],[140.755,38.083],[140.756,38.078],[140.755,38.073],[140.753,38.069],[140.753,38.064],[140.757,38.059],[140.749,38.057],[140.752,38.054],[140.748,38.051],[140.745,38.05],[140.746,38.047],[140.749,38.045],[140.752,38.04],[140.756,38.04],[140.766,38.04],[140.773,38.039],[140.777,38.043],[140.782,38.042],[140.788,38.046],[140.793,38.044],[140.797,38.045],[140.799,38.049],[140.805,38.05],[140.809,38.052],[140.811,38.056],[140.812,38.06],[140.814,38.065],[140.816,38.068],[140.82,38.071],[140.821,38.074]]]]}},{"type":"Feature","properties":{"name":"柴田郡川崎町","code":"04324"},"geometry":{"type":"MultiPolygon","coordinates":[[[[140.473,38.252],[140.47,38.248],[140.469,38.243],[140.471,38.238],[140.471,38.235],[140.469,38.228],[140.473,38.227],[140.474,38.222],[140.471,38.218],[140.471,38.215],[140.472,38.211],[140.472,38.206],[140.475,38.203],[140.478,38.198],[140.479,38.195],[140.48,38.186],[140.48,38.182],[140.476,38.178],[140.47,38.171],[140.469,38.167],[140.469,38.163],[140.468,38.157],[140.464,38.156],[140.46,38.154],[140.453,38.152],[140.45,38.147],[140.446,38.144],[140.449,38.143],[140.454,38.143],[140.462,38.142],[140.465,38.145],[140.467,38.141],[140.471,38.145],[140.478,38.144],[140.482,38.146],[140.486,38.148],[140.49,38.147],[140.493,38.145],[140.498,38.143],[140.502,38.144],[140.507,38.144],[140.512,38.147],[140.515,38.145],[140.519,38.146],[140.522,38.143],[140.525,38.139],[140.532,38.139],[140.536,38.138],[140.543,38.137],[140.549,38.141],[140.553,38.142],[140.551,38.148],[140.558,38.149],[140.563,38.148],[140.569,38.148],[140.573,38.148],[140.579,38.148],[140.583,38.146],[140.588,38.145],[140.587,38.142],[140.59,38.138],[140.594,38.138],[140.599,38.138],[140.604,38.137],[140.61,38.137],[140.613,38.137],[140.618,38.135],[140.622,38.135],[140.629,38.138],[140.637,38.142],[140.64,38.144],[140.645,38.144],[140.65,38.143],[140.655,38.145],[140.652,38.149],[140.652,38.153],[140.65,38.157],[140.649,38.166],[140.653,38.169],[140.657,38.168],[140.664,38.169],[140.666,38.165],[140.673,38.161],[140.677,38.16],[140.685,38.158],[140.688,38.157],[140.694,38.155],[140.697,38.153],[140.698,38.157],[140.703,38.16],[140.706,38.156],[140.71,38.153],[140.715,38.151],[140.72,38.15],[140.723,38.152],[140.728,38.152],[140.731,38.152],[140.735,38.155],[140.74,38.16],[140.746,38.162],[140.745,38.165],[140.744,38.168],[140.744,38.172],[140.744,38.177],[140.75,38.179],[140.747,38.181],[140.745,38.185],[140.743,38.19],[140.742,38.194],[140.744,38.199],[140.737,38.206],[140.736,38.211],[140.732,38.212],[140.728,38.214],[140.724,38.215],[140.719,38.217],[140.714,38.218],[140.708,38.219],[140.702,38.22],[140.698,38.223],[140.693,38.224],[140.69,38.223],[140.684,38.225],[140.686,38.228],[140.68,38.229],[140.677,38.233],[140.673,38.235],[140.671,38.239],[140.667,38.24],[140.662,38.239],[140.658,38.239],[140.653,38.24],[140.652,38.245],[140.655,38.246],[140.65,38.249],[140.643,38.252],[140.64,38.254],[140.636,38.255],[140.63,38.258],[140.622,38.259],[140.616,38.261],[140.612,38.261],[140.608,38.265],[140.605,38.263],[140.6,38.264],[140.594,38.265],[140.589,38.264],[140.585,38.263],[140.581,38.264],[140.577,38.265],[140.57,38.266],[140.566,38.266],[140.563,38.268],[140.558,38.267],[140.555,38.266],[140.551,38.264],[140.548,38.261],[140.545,38.262],[140.541,38.264],[140.538,38.263],[140.534,38.26],[140.524,38.26],[140.521,38.261],[140.516,38.26],[140.508,38.259],[140.504,38.258],[140.5,38.256],[140.495,38.257],[140.492,38.255],[140.486,38.256],[140.481,38.255],[140.478,38.252],[140.473,38.252]]]]}},{"type":"Feature","properties":{"name":"伊具郡丸森町","code":"04341"},"geometry":{"type":"MultiPolygon","coordinates":[[[[140.619,37.913],[140.621,37.909],[140.622,37.903],[140.627,37.899],[140.633,37.898],[140.645,37.895],[140.647,37.899],[140.652,37.9],[140.657,37.9],[140.663,37.9],[140.666,37.896],[140.67,37.894],[140.676,37.892],[140.681,37.892],[140.689,37.889],[140.69,37.886],[140.686,37.88],[140.682,37.876],[140.685,37.873],[140.686,37.868],[140.689,37.863],[140.693,37.857],[140.691,37.853],[140.692,37.85],[140.688,37.847],[140.686,37.844],[140.684,37.841],[140.68,37.837],[140.683,37.833],[140.684,37.828],[140.685,37.824],[140.686,37.82],[140.686,37.815],[140.69,37.813],[140.691,37.809],[140.695,37.805],[140.701,37.803],[140.706,37.802],[140.712,37.801],[140.715,37.797],[140.72,37.793],[140.723,37.793],[140.725,37.787],[140.726,37.782],[140.733,37.783],[140.737,37.786],[140.746,37.788],[140.749,37.785],[140.757,37.785],[140.76,37.785],[140.766,37.784],[140.775,37.782],[140.779,37.779],[140.783,37.778],[140.787,37.775],[140.792,37.773],[140.796,37.774],[140.799,37.776],[140.803,37.78],[140.794,37.781],[140.787,37.789],[140.783,37.79],[140.779,37.791],[140.776,37.794],[140.773,37.796],[140.768,37.798],[140.764,37.797],[140.77,37.8],[140.774,37.802],[140.775,37.806],[140.778,37.806],[140.783,37.804],[140.787,37.803],[140.792,37.8],[140.801,37.798],[140.806,37.798],[140.809,37.796],[140.813,37.796],[140.821,37.799],[140.827,37.796],[140.83,37.795],[140.834,37.796],[140.841,37.796],[140.846,37.795],[140.852,37.795],[140.855,37.797],[140.858,37.803],[140.854,37.807],[140.854,37.812],[140.858,37.814],[140.854,37.819],[140.854,37.826],[140.856,37.829],[140.852,37.83],[140.855,37.834],[140.854,37.842],[140.851,37.849],[140.855,37.853],[140.859,37.856],[140.862,37.863],[140.861,37.867],[140.857,37.872],[140.861,37.879],[140.856,37.883],[140.857,37.886],[140.86,37.888],[140.856,37.891],[140.859,37.894],[140.857,37.899],[140.857,37.903],[140.856,37.908],[140.853,37.912],[140.849,37.912],[140.843,37.919],[140.841,37.924],[140.837,37.925],[140.834,37.927],[140.831,37.931],[140.826,37.932],[140.822,37.932],[140.816,37.935],[140.807,37.933],[140.808,37.929],[140.808,37.925],[140.804,37.924],[140.801,37.929],[140.794,37.93],[140.788,37.932],[140.783,37.935],[140.787,37.941],[140.788,37.945],[140.787,37.949],[140.787,37.952],[140.787,37.956],[140.784,37.952],[140.781,37.948],[140.775,37.948],[140.772,37.949],[140.767,37.949],[140.76,37.947],[140.756,37.944],[140.751,37.944],[140.746,37.943],[140.742,37.945],[140.738,37.945],[140.734,37.946],[140.732,37.942],[140.728,37.942],[140.723,37.943],[140.72,37.942],[140.712,37.943],[140.708,37.946],[140.703,37.949],[140.709,37.952],[140.711,37.959],[140.708,37.963],[140.705,37.964],[140.7,37.964],[140.695,37.964],[140.691,37.964],[140.686,37.967],[140.685,37.963],[140.684,37.959],[140.681,37.956],[140.678,37.953],[140.676,37.949],[140.671,37.952],[140.667,37.949],[140.659,37.947],[140.653,37.946],[140.65,37.946],[140.647,37.945],[140.642,37.945],[140.637,37.943],[140.632,37.941],[140.627,37.938],[140.627,37.935],[140.625,37.931],[140.626,37.928],[140.63,37.922],[140.624,37.919],[140.622,37.914],[140.619,37.913]]]]}},{"type":"Feature","properties":{"name":"亘理郡亘理町","code":"04361"},"geometry":{"type":"MultiPolygon","coordinates":[[[[140.843,37.992],[140.849,37.994],[140.856,37.995],[140.861,37.998],[140.865,38.001],[140.871,38.001],[140.878,38.001],[140.88,37.989],[140.886,37.99],[140.885,37.993],[140.889,37.994],[140.895,37.994],[140.899,37.993],[140.902,37.994],[140.908,37.993],[140.915,37.994],[140.916,37.997],[140.915,38.0],[140.916,38.006],[140.917,38.013],[140.918,38.017],[140.918,38.02],[140.919,38.027],[140.923,38.035],[140.922,38.038],[140.922,38.042],[140.922,38.047],[140.918,38.048],[140.909,38.052],[140.907,38.056],[140.906,38.06],[140.908,38.065],[140.91,38.069],[140.908,38.076],[140.901,38.083],[140.895,38.09],[140.891,38.093],[140.887,38.095],[140.883,38.095],[140.875,38.096],[140.872,38.095],[140.867,38.091],[140.864,38.085],[140.858,38.082],[140.852,38.08],[140.848,38.08],[140.839,38.082],[140.835,38.084],[140.829,38.081],[140.825,38.079],[140.826,38.075],[140.827,38.072],[140.827,38.067],[140.828,38.064],[140.83,38.06],[140.83,38.054],[140.83,38.051],[140.831,38.048],[140.828,38.042],[140.829,38.039],[140.83,38.035],[140.829,38.031],[140.832,38.025],[140.835,38.022],[140.839,38.018],[140.839,38.014],[140.839,38.01],[140.841,38.007],[140.84,38.001],[140.84,37.997],[140.841,37.994]]]]}},{"type":"Feature","properties":{"name":"亘理郡山元町","code":"04362"},"geometry":{"type":"MultiPolygon","coordinates":[[[[140.851,37.912],[140.854,37.91],[140.857,37.906],[140.858,37.902],[140.858,37.897],[140.856,37.892],[140.862,37.893],[140.868,37.895],[140.875,37.897],[140.881,37.898],[140.888,37.901],[140.894,37.902],[140.898,37.903],[140.9,37.9],[140.905,37.897],[140.912,37.897],[140.92,37.895],[140.924,37.892],[140.926,37.896],[140.93,37.896],[140.929,37.9],[140.927,37.904],[140.924,37.91],[140.92,37.936],[140.919,37.941],[140.918,37.949],[140.915,37.963],[140.915,37.966],[140.915,37.973],[140.915,37.981],[140.915,37.99],[140.915,37.994],[140.908,37.993],[140.902,37.994],[140.899,37.993],[140.895,37.994],[140.89,37.995],[140.885,37.993],[140.886,37.99],[140.88,37.989],[140.878,38.001],[140.871,37.999],[140.866,38.0],[140.862,38.0],[140.858,37.997],[140.851,37.995],[140.845,37.993],[140.843,37.99],[140.847,37.985],[140.848,37.98],[140.851,37.977],[140.851,37.973],[140.852,37.97],[140.853,37.966],[140.854,37.961],[140.851,37.957],[140.852,37.951],[140.853,37.947],[140.853,37.943],[140.853,37.939],[140.852,37.936],[140.855,37.931],[140.856,37.925],[140.854,37.922],[140.855,37.918],[140.851,37.914]]]]}},{"type":"Feature","properties":{"name":"宮城郡松島町","code":"04401"},"geometry":{"type":"MultiPolygon","coordinates":[[[[141.116,38.443],[141.112,38.442],[141.109,38.442],[141.103,38.442],[141.099,38.442],[141.093,38.445],[141.087,38.446],[141.081,38.449],[141.073,38.449],[141.069,38.448],[141.061,38.445],[141.061,38.441],[141.062,38.434],[141.057,38.432],[141.056,38.429],[141.052,38.423],[141.048,38.418],[141.046,38.414],[141.047,38.41],[141.045,38.407],[141.04,38.406],[141.037,38.403],[141.037,38.399],[141.033,38.395],[141.03,38.39],[141.026,38.386],[141.025,38.382],[141.025,38.378],[141.02,38.376],[141.017,38.372],[141.022,38.372],[141.032,38.368],[141.04,38.372],[141.045,38.37],[141.047,38.365],[141.048,38.362],[141.05,38.356],[141.053,38.354],[141.057,38.352],[141.063,38.351],[141.066,38.352],[141.063,38.356],[141.063,38.36],[141.061,38.364],[141.061,38.367],[141.069,38.37],[141.074,38.378],[141.078,38.378],[141.082,38.379],[141.088,38.382],[141.091,38.379],[141.097,38.378],[141.1,38.376],[141.104,38.373],[141.108,38.37],[141.107,38.375],[141.11,38.377],[141.116,38.376],[141.108,38.38],[141.107,38.384],[141.111,38.384],[141.115,38.382],[141.12,38.381],[141.124,38.38],[141.126,38.384],[141.123,38.387],[141.124,38.391],[141.119,38.394],[141.117,38.399],[141.112,38.397],[141.111,38.393],[141.108,38.399],[141.103,38.403],[141.099,38.405],[141.099,38.408],[141.095,38.408],[141.098,38.412],[141.103,38.413],[141.108,38.413],[141.111,38.414],[141.114,38.416],[141.121,38.419],[141.124,38.419],[141.127,38.422],[141.124,38.425],[141.123,38.429],[141.121,38.432],[141.116,38.436],[141.117,38.439],[141.117,38.443]]]]}},{"type":"Feature","properties":{"name":"宮城郡利府町","code":"04406"},"geometry":{"type":"MultiPolygon","coordinates":[[[[140.963,38.31],[140.969,38.309],[140.975,38.31],[140.982,38.308],[140.986,38.312],[140.994,38.314],[141.001,38.32],[141.004,38.325],[141.0,38.326],[141.002,38.33],[141.005,38.331],[141.007,38.335],[141.01,38.339],[141.014,38.342],[141.018,38.346],[141.025,38.349],[141.025,38.345],[141.023,38.341],[141.026,38.339],[141.03,38.339],[141.036,38.34],[141.038,38.343],[141.042,38.346],[141.044,38.349],[141.048,38.347],[141.053,38.347],[141.057,38.349],[141.054,38.351],[141.057,38.351],[141.054,38.353],[141.05,38.356],[141.05,38.359],[141.047,38.365],[141.045,38.37],[141.04,38.372],[141.034,38.37],[141.024,38.371],[141.019,38.371],[141.015,38.369],[141.013,38.365],[141.008,38.364],[141.003,38.365],[140.998,38.368],[140.996,38.365],[140.993,38.366],[140.99,38.37],[140.987,38.375],[140.98,38.374],[140.977,38.373],[140.976,38.367],[140.972,38.363],[140.968,38.361],[140.965,38.356],[140.961,38.354],[140.957,38.358],[140.952,38.359],[140.948,38.357],[140.942,38.355],[140.939,38.354],[140.938,38.35],[140.934,38.346],[140.935,38.342],[140.936,38.338],[140.939,38.338],[140.938,38.334],[140.938,38.33],[140.939,38.327],[140.936,38.324],[140.936,38.32],[140.936,38.317],[140.941,38.315],[140.945,38.311],[140.949,38.31],[140.954,38.308],[140.957,38.312],[140.963,38.31]]]]}},{"type":"Feature","properties":{"name":"黒川郡大和町","code":"04421"},"geometry":{"type":"MultiPolygon","coordinates":[[[[140.697,38.416],[140.703,38.417],[140.706,38.42],[140.71,38.424],[140.712,38.428],[140.714,38.432],[140.719,38.434],[140.722,38.434],[140.726,38.432],[140.728,38.429],[140.731,38.427],[140.736,38.424],[140.738,38.421],[140.742,38.417],[140.745,38.414],[140.75,38.412],[140.755,38.411],[140.761,38.408],[140.764,38.406],[140.769,38.405],[140.775,38.404],[140.779,38.4],[140.784,38.402],[140.79,38.398],[140.795,38.396],[140.8,38.394],[140.805,38.394],[140.808,38.392],[140.811,38.388],[140.814,38.385],[140.817,38.381],[140.82,38.38],[140.825,38.375],[140.825,38.371],[140.826,38.367],[140.823,38.363],[140.828,38.363],[140.835,38.36],[140.831,38.357],[140.832,38.351],[140.834,38.347],[140.838,38.348],[140.842,38.349],[140.843,38.354],[140.845,38.358],[140.85,38.358],[140.853,38.359],[140.859,38.362],[140.862,38.362],[140.864,38.366],[140.861,38.37],[140.861,38.374],[140.863,38.377],[140.869,38.384],[140.87,38.39],[140.873,38.391],[140.873,38.395],[140.874,38.4],[140.875,38.404],[140.871,38.408],[140.867,38.407],[140.863,38.405],[140.859,38.405],[140.859,38.408],[140.862,38.411],[140.869,38.412],[140.872,38.413],[140.873,38.419],[140.872,38.424],[140.875,38.426],[140.881,38.429],[140.885,38.429],[140.89,38.431],[140.894,38.432],[140.904,38.429],[140.901,38.425],[140.9,38.421],[140.901,38.417],[140.905,38.414],[140.904,38.411],[140.907,38.409],[140.91,38.41],[140.911,38.405],[140.916,38.403],[140.919,38.405],[140.926,38.406],[140.93,38.403],[140.934,38.407],[140.936,38.402],[140.934,38.397],[140.936,38.391],[140.938,38.381],[140.938,38.377],[140.937,38.372],[140.938,38.366],[140.936,38.362],[140.937,38.353],[140.94,38.355],[140.946,38.357],[140.952,38.359],[140.957,38.358],[140.961,38.354],[140.966,38.354],[140.966,38.359],[140.971,38.362],[140.974,38.365],[140.976,38.373],[140.98,38.374],[140.983,38.379],[140.98,38.379],[140.978,38.382],[140.972,38.383],[140.968,38.385],[140.969,38.391],[140.966,38.393],[140.964,38.397],[140.969,38.402],[140.971,38.409],[140.971,38.413],[140.974,38.42],[140.974,38.426],[140.972,38.43],[140.973,38.434],[140.979,38.439],[140.982,38.441],[140.979,38.445],[140.974,38.444],[140.968,38.446],[140.966,38.45],[140.962,38.456],[140.963,38.461],[140.96,38.465],[140.957,38.466],[140.954,38.467],[140.949,38.468],[140.944,38.465],[140.94,38.465],[140.937,38.467],[140.933,38.466],[140.93,38.466],[140.926,38.467],[140.922,38.468],[140.914,38.463],[140.914,38.458],[140.907,38.455],[140.904,38.452],[140.908,38.448],[140.907,38.445],[140.902,38.444],[140.898,38.445],[140.891,38.446],[140.884,38.452],[140.878,38.454],[140.872,38.453],[140.867,38.453],[140.863,38.455],[140.859,38.455],[140.853,38.457],[140.848,38.458],[140.843,38.459],[140.84,38.461],[140.84,38.465],[140.835,38.466],[140.831,38.468],[140.825,38.47],[140.82,38.469],[140.817,38.474],[140.812,38.473],[140.808,38.474],[140.804,38.474],[140.795,38.475],[140.791,38.478],[140.786,38.485],[140.787,38.49],[140.788,38.494],[140.784,38.495],[140.776,38.496],[140.771,38.497],[140.767,38.496],[140.762,38.495],[140.759,38.495],[140.755,38.495],[140.752,38.495],[140.748,38.497],[140.744,38.496],[140.739,38.495],[140.733,38.497],[140.73,38.497],[140.724,38.495],[140.721,38.494],[140.715,38.491],[140.707,38.485],[140.701,38.486],[140.698,38.485],[140.693,38.482],[140.686,38.479],[140.681,38.477],[140.674,38.474],[140.67,38.469],[140.664,38.467],[140.659,38.465],[140.649,38.46],[140.626,38.447],[140.627,38.444],[140.63,38.443],[140.634,38.442],[140.637,38.439],[140.643,38.437],[140.646,38.437],[140.652,38.438],[140.659,38.432],[140.665,38.433],[140.671,38.433],[140.677,38.431],[140.683,38.427],[140.686,38.426],[140.69,38.426],[140.696,38.425],[140.698,38.421],[140.697,38.416]]]]}},{"type":"Feature","properties":{"name":"黒川郡大郷町","code":"04422"},"geometry":{"type":"MultiPolygon","coordinates":[[[[140.949,38.49],[140.954,38.489],[140.954,38.484],[140.95,38.481],[140.95,38.477],[140.954,38.476],[140.958,38.475],[140.961,38.471],[140.96,38.468],[140.963,38.461],[140.964,38.457],[140.964,38.451],[140.968,38.446],[140.972,38.446],[140.979,38.445],[140.982,38.441],[140.979,38.439],[140.974,38.437],[140.97,38.433],[140.972,38.427],[140.974,38.42],[140.974,38.415],[140.971,38.409],[140.968,38.403],[140.964,38.399],[140.966,38.395],[140.969,38.391],[140.967,38.388],[140.972,38.383],[140.976,38.384],[140.98,38.379],[140.983,38.379],[140.98,38.374],[140.984,38.373],[140.989,38.372],[140.993,38.366],[140.996,38.365],[140.998,38.368],[141.003,38.365],[141.007,38.366],[141.01,38.363],[141.013,38.368],[141.016,38.372],[141.02,38.376],[141.025,38.378],[141.025,38.382],[141.026,38.386],[141.029,38.389],[141.032,38.392],[141.035,38.397],[141.037,38.403],[141.04,38.406],[141.043,38.406],[141.047,38.41],[141.046,38.414],[141.049,38.416],[141.05,38.421],[141.053,38.427],[141.057,38.432],[141.06,38.432],[141.062,38.439],[141.053,38.443],[141.048,38.443],[141.043,38.443],[141.038,38.445],[141.031,38.446],[141.026,38.445],[141.031,38.453],[141.034,38.454],[141.034,38.458],[141.036,38.462],[141.031,38.465],[141.027,38.467],[141.023,38.469],[141.018,38.473],[141.015,38.477],[141.01,38.473],[141.007,38.473],[141.003,38.476],[141.001,38.483],[140.999,38.489],[140.998,38.492],[140.994,38.494],[140.991,38.497],[140.987,38.497],[140.984,38.499],[140.979,38.502],[140.974,38.504],[140.969,38.506],[140.965,38.505],[140.959,38.505],[140.954,38.502],[140.949,38.498],[140.948,38.493],[140.949,38.49]]]]}},{"type":"Feature","properties":{"name":"黒川郡大衡村","code":"04424"},"geometry":{"type":"MultiPolygon","coordinates":[[[[140.891,38.513],[140.884,38.513],[140.886,38.506],[140.874,38.502],[140.871,38.501],[140.865,38.503],[140.856,38.507],[140.85,38.508],[140.844,38.507],[140.839,38.506],[140.833,38.505],[140.828,38.504],[140.823,38.503],[140.818,38.502],[140.814,38.5],[140.809,38.498],[140.802,38.495],[140.794,38.494],[140.788,38.494],[140.787,38.49],[140.788,38.487],[140.788,38.481],[140.792,38.477],[140.802,38.474],[140.806,38.473],[140.81,38.473],[140.815,38.475],[140.82,38.469],[140.823,38.468],[140.828,38.468],[140.833,38.466],[140.837,38.465],[140.84,38.463],[140.843,38.459],[140.848,38.458],[140.853,38.457],[140.856,38.456],[140.862,38.456],[140.867,38.454],[140.87,38.452],[140.876,38.452],[140.882,38.452],[140.889,38.448],[140.895,38.443],[140.902,38.444],[140.907,38.445],[140.908,38.448],[140.904,38.452],[140.907,38.455],[140.913,38.457],[140.914,38.461],[140.92,38.465],[140.925,38.468],[140.93,38.466],[140.933,38.466],[140.937,38.467],[140.94,38.465],[140.944,38.465],[140.947,38.468],[140.954,38.467],[140.957,38.466],[140.96,38.465],[140.961,38.469],[140.958,38.475],[140.954,38.476],[140.95,38.477],[140.95,38.481],[140.954,38.484],[140.954,38.489],[140.951,38.49],[140.946,38.488],[140.942,38.488],[140.937,38.491],[140.935,38.488],[140.925,38.487],[140.921,38.489],[140.918,38.49],[140.91,38.493],[140.906,38.495],[140.903,38.5],[140.9,38.501],[140.895,38.505],[140.893,38.509],[140.893,38.512]]]]}},{"type":"Feature","properties":{"name":"加美郡色麻町","code":"04444"},"geometry":{"type":"MultiPolygon","coordinates":[[[[140.626,38.447],[140.649,38.46],[140.659,38.465],[140.664,38.467],[140.67,38.469],[140.672,38.473],[140.681,38.477],[140.686,38.478],[140.692,38.482],[140.698,38.485],[140.701,38.486],[140.705,38.486],[140.714,38.49],[140.718,38.492],[140.724,38.495],[140.73,38.497],[140.733,38.497],[140.739,38.495],[140.743,38.495],[140.748,38.497],[140.752,38.495],[140.755,38.495],[140.759,38.495],[140.762,38.495],[140.767,38.496],[140.771,38.496],[140.776,38.496],[140.784,38.495],[140.788,38.494],[140.792,38.495],[140.802,38.495],[140.806,38.497],[140.814,38.5],[140.818,38.502],[140.823,38.503],[140.828,38.504],[140.831,38.504],[140.837,38.506],[140.844,38.507],[140.849,38.507],[140.855,38.506],[140.865,38.503],[140.868,38.502],[140.874,38.502],[140.884,38.504],[140.883,38.511],[140.889,38.514],[140.889,38.52],[140.886,38.529],[140.888,38.533],[140.882,38.536],[140.879,38.539],[140.874,38.542],[140.871,38.542],[140.867,38.547],[140.868,38.55],[140.859,38.552],[140.854,38.552],[140.851,38.554],[140.85,38.557],[140.848,38.56],[140.848,38.565],[140.847,38.57],[140.842,38.572],[140.839,38.571],[140.834,38.573],[140.837,38.569],[140.829,38.568],[140.825,38.566],[140.822,38.567],[140.819,38.57],[140.811,38.569],[140.808,38.567],[140.803,38.567],[140.803,38.564],[140.799,38.562],[140.794,38.561],[140.791,38.56],[140.787,38.559],[140.779,38.559],[140.773,38.561],[140.769,38.561],[140.766,38.558],[140.761,38.558],[140.756,38.554],[140.751,38.552],[140.748,38.547],[140.747,38.544],[140.742,38.542],[140.738,38.539],[140.737,38.535],[140.739,38.532],[140.738,38.528],[140.73,38.524],[140.727,38.524],[140.721,38.522],[140.717,38.522],[140.713,38.521],[140.71,38.521],[140.706,38.521],[140.701,38.52],[140.696,38.518],[140.694,38.515],[140.69,38.512],[140.69,38.508],[140.688,38.505],[140.678,38.5],[140.674,38.497],[140.67,38.495],[140.664,38.492],[140.661,38.487],[140.662,38.482],[140.659,38.479],[140.655,38.477],[140.65,38.474],[140.646,38.469],[140.641,38.467],[140.634,38.465],[140.63,38.462],[140.626,38.461],[140.621,38.461],[140.62,38.455],[140.624,38.451],[140.625,38.448]]]]}},{"type":"Feature","properties":{"name":"加美郡加美町","code":"04445"},"geometry":{"type":"MultiPolygon","coordinates":[[[[140.624,38.691],[140.624,38.688],[140.621,38.685],[140.622,38.681],[140.62,38.678],[140.619,38.673],[140.615,38.67],[140.614,38.665],[140.612,38.662],[140.608,38.658],[140.606,38.653],[140.605,38.65],[140.602,38.643],[140.6,38.64],[140.596,38.639],[140.592,38.636],[140.588,38.634],[140.584,38.635],[140.58,38.636],[140.576,38.639],[140.571,38.638],[140.568,38.642],[140.566,38.645],[140.563,38.648],[140.557,38.648],[140.551,38.647],[140.547,38.65],[140.543,38.646],[140.54,38.638],[140.538,38.634],[140.542,38.629],[140.543,38.624],[140.547,38.622],[140.55,38.62],[140.55,38.616],[140.554,38.612],[140.56,38.609],[140.562,38.605],[140.558,38.602],[140.558,38.598],[140.562,38.596],[140.567,38.595],[140.568,38.59],[140.572,38.587],[140.571,38.582],[140.573,38.579],[140.575,38.575],[140.577,38.57],[140.576,38.567],[140.572,38.563],[140.567,38.56],[140.57,38.557],[140.568,38.553],[140.565,38.548],[140.562,38.545],[140.556,38.543],[140.555,38.537],[140.556,38.534],[140.556,38.53],[140.563,38.527],[140.566,38.527],[140.57,38.526],[140.568,38.522],[140.568,38.519],[140.57,38.515],[140.566,38.514],[140.567,38.507],[140.569,38.504],[140.567,38.501],[140.573,38.497],[140.577,38.494],[140.584,38.491],[140.589,38.49],[140.598,38.487],[140.602,38.484],[140.603,38.479],[140.606,38.475],[140.608,38.469],[140.606,38.463],[140.608,38.458],[140.611,38.458],[140.614,38.457],[140.62,38.455],[140.621,38.459],[140.626,38.461],[140.63,38.462],[140.634,38.465],[140.638,38.466],[140.644,38.467],[140.648,38.471],[140.653,38.476],[140.659,38.479],[140.662,38.482],[140.661,38.487],[140.664,38.492],[140.668,38.495],[140.674,38.497],[140.678,38.5],[140.688,38.505],[140.69,38.508],[140.69,38.512],[140.694,38.515],[140.696,38.518],[140.701,38.52],[140.706,38.521],[140.709,38.521],[140.713,38.521],[140.717,38.522],[140.721,38.522],[140.726,38.523],[140.73,38.524],[140.735,38.527],[140.738,38.531],[140.737,38.535],[140.738,38.539],[140.742,38.542],[140.747,38.544],[140.748,38.547],[140.751,38.552],[140.755,38.554],[140.761,38.558],[140.766,38.558],[140.769,38.561],[140.773,38.561],[140.777,38.559],[140.784,38.56],[140.789,38.56],[140.794,38.561],[140.799,38.562],[140.803,38.564],[140.803,38.567],[140.808,38.567],[140.811,38.569],[140.816,38.57],[140.82,38.569],[140.823,38.565],[140.829,38.567],[140.834,38.568],[140.835,38.572],[140.839,38.571],[140.842,38.572],[140.846,38.573],[140.848,38.567],[140.849,38.562],[140.849,38.558],[140.851,38.554],[140.854,38.552],[140.859,38.552],[140.865,38.552],[140.869,38.548],[140.869,38.544],[140.874,38.542],[140.879,38.539],[140.88,38.536],[140.885,38.535],[140.89,38.533],[140.893,38.531],[140.892,38.535],[140.895,38.539],[140.898,38.555],[140.896,38.56],[140.9,38.56],[140.904,38.562],[140.907,38.564],[140.905,38.569],[140.897,38.571],[140.894,38.573],[140.887,38.575],[140.884,38.574],[140.879,38.579],[140.878,38.582],[140.877,38.586],[140.873,38.591],[140.879,38.599],[140.876,38.605],[140.872,38.609],[140.871,38.612],[140.867,38.613],[140.863,38.614],[140.862,38.618],[140.858,38.622],[140.852,38.626],[140.848,38.63],[140.837,38.636],[140.831,38.638],[140.824,38.645],[140.82,38.649],[140.816,38.654],[140.812,38.656],[140.807,38.658],[140.803,38.662],[140.8,38.664],[140.798,38.668],[140.794,38.67],[140.789,38.673],[140.785,38.675],[140.779,38.683],[140.773,38.688],[140.767,38.692],[140.764,38.686],[140.755,38.686],[140.752,38.687],[140.747,38.689],[140.743,38.691],[140.741,38.695],[140.735,38.698],[140.732,38.7],[140.728,38.702],[140.726,38.707],[140.722,38.708],[140.718,38.708],[140.713,38.708],[140.709,38.707],[140.709,38.703],[140.705,38.7],[140.699,38.7],[140.694,38.699],[140.691,38.7],[140.688,38.702],[140.683,38.701],[140.679,38.7],[140.678,38.695],[140.673,38.691],[140.667,38.688],[140.663,38.687],[140.659,38.69],[140.658,38.695],[140.657,38.698],[140.653,38.698],[140.647,38.699],[140.643,38.696],[140.639,38.693],[140.636,38.689],[140.632,38.691],[140.626,38.693]]]]}},{"type":"Feature","properties":{"name":"遠田郡涌谷町","code":"04501"},"geometry":{"type":"MultiPolygon","coordinates":[[[[141.231,38.547],[141.229,38.553],[141.229,38.557],[141.226,38.561],[141.223,38.566],[141.22,38.567],[141.217,38.569],[141.21,38.569],[141.206,38.572],[141.201,38.576],[141.193,38.582],[141.196,38.588],[141.201,38.589],[141.201,38.594],[141.197,38.596],[141.193,38.597],[141.179,38.604],[141.175,38.596],[141.168,38.598],[141.162,38.598],[141.153,38.6],[141.145,38.603],[141.142,38.603],[141.139,38.599],[141.135,38.598],[141.132,38.594],[141.13,38.59],[141.13,38.587],[141.128,38.583],[141.123,38.583],[141.117,38.585],[141.115,38.589],[141.11,38.589],[141.106,38.589],[141.101,38.588],[141.098,38.584],[141.094,38.584],[141.088,38.583],[141.083,38.577],[141.082,38.572],[141.085,38.568],[141.092,38.564],[141.099,38.562],[141.099,38.557],[141.095,38.557],[141.092,38.553],[141.087,38.552],[141.081,38.55],[141.076,38.552],[141.076,38.548],[141.072,38.549],[141.069,38.551],[141.069,38.546],[141.073,38.544],[141.078,38.542],[141.085,38.541],[141.096,38.537],[141.1,38.534],[141.112,38.537],[141.116,38.538],[141.123,38.531],[141.128,38.53],[141.132,38.53],[141.135,38.525],[141.138,38.52],[141.141,38.515],[141.145,38.514],[141.15,38.511],[141.154,38.513],[141.172,38.516],[141.177,38.52],[141.177,38.524],[141.178,38.531],[141.185,38.532],[141.187,38.535],[141.192,38.539],[141.197,38.541],[141.201,38.54],[141.206,38.538],[141.217,38.534],[141.224,38.534],[141.229,38.539],[141.229,38.542],[141.231,38.547]]]]}},{"type":"Feature","properties":{"name":"遠田郡美里町","code":"04505"},"geometry":{"type":"MultiPolygon","coordinates":[[[[141.177,38.52],[141.172,38.516],[141.156,38.512],[141.151,38.511],[141.146,38.514],[141.141,38.515],[141.137,38.517],[141.135,38.524],[141.134,38.527],[141.128,38.53],[141.123,38.531],[141.116,38.538],[141.113,38.536],[141.101,38.536],[141.095,38.535],[141.085,38.54],[141.078,38.542],[141.073,38.544],[141.069,38.546],[141.069,38.551],[141.072,38.549],[141.076,38.548],[141.076,38.552],[141.081,38.552],[141.084,38.551],[141.092,38.551],[141.093,38.556],[141.09,38.557],[141.083,38.56],[141.077,38.564],[141.071,38.563],[141.068,38.563],[141.06,38.561],[141.06,38.564],[141.053,38.566],[141.05,38.571],[141.053,38.574],[141.047,38.574],[141.047,38.577],[141.051,38.59],[141.048,38.59],[141.044,38.59],[141.036,38.591],[141.029,38.589],[141.026,38.59],[141.013,38.593],[141.011,38.589],[141.008,38.588],[141.003,38.584],[141.01,38.584],[141.015,38.586],[141.015,38.582],[141.014,38.578],[141.013,38.569],[141.008,38.57],[141.004,38.574],[141.001,38.575],[140.997,38.575],[140.995,38.568],[140.995,38.563],[140.999,38.561],[141.002,38.557],[141.006,38.558],[141.01,38.556],[141.025,38.549],[141.019,38.547],[141.022,38.543],[141.02,38.54],[141.025,38.538],[141.026,38.534],[141.026,38.528],[141.031,38.527],[141.035,38.527],[141.038,38.529],[141.045,38.529],[141.049,38.533],[141.053,38.532],[141.056,38.528],[141.065,38.528],[141.069,38.528],[141.076,38.53],[141.078,38.527],[141.082,38.525],[141.089,38.525],[141.096,38.524],[141.099,38.52],[141.091,38.518],[141.095,38.514],[141.1,38.515],[141.101,38.51],[141.105,38.507],[141.109,38.508],[141.114,38.504],[141.117,38.502],[141.115,38.498],[141.121,38.496],[141.126,38.493],[141.126,38.487],[141.13,38.483],[141.128,38.475],[141.126,38.471],[141.126,38.467],[141.121,38.464],[141.116,38.461],[141.112,38.46],[141.109,38.455],[141.104,38.452],[141.108,38.448],[141.108,38.445],[141.111,38.444],[141.115,38.442],[141.119,38.445],[141.128,38.45],[141.131,38.446],[141.125,38.443],[141.129,38.438],[141.132,38.439],[141.131,38.442],[141.135,38.442],[141.141,38.445],[141.148,38.451],[141.154,38.451],[141.16,38.453],[141.163,38.452],[141.167,38.453],[141.171,38.454],[141.174,38.454],[141.174,38.458],[141.17,38.46],[141.166,38.461],[141.165,38.467],[141.166,38.47],[141.162,38.472],[141.161,38.476],[141.167,38.479],[141.166,38.485],[141.171,38.485],[141.17,38.49],[141.169,38.494],[141.165,38.497],[141.164,38.501],[141.167,38.506],[141.17,38.511],[141.174,38.515],[141.177,38.519]]]]}}]}