{"type":"FeatureCollection","features":[{"type":"Feature","properties":{"name":"長崎市","code":"42201"},"geometry":{"type":"MultiPolygon","coordinates":[[[[129.787,32.571],[129.786,32.567],[129.783,32.569],[129.78,32.569],[129.775,32.566],[129.775,32.561],[129.775,32.557],[129.774,32.553],[129.775,32.549],[129.779,32.551],[129.782,32.555],[129.79,32.556],[129.791,32.564],[129.789,32.569]]],[[[129.781,32.703],[129.775,32.701],[129.772,32.701],[129.777,32.696],[129.777,32.691],[129.786,32.693],[129.785,32.697],[129.78,32.699],[129.781,32.703]]],[[[129.751,32.667],[129.746,32.662],[129.748,32.658],[129.755,32.65],[129.759,32.655],[129.756,32.658],[129.757,32.661],[129.757,32.664],[129.754,32.665]]],[[[129.761,32.715],[129.761,32.709],[129.765,32.707],[129.768,32.706],[129.772,32.703],[129.775,32.702],[129.779,32.703],[129.775,32.71],[129.771,32.709],[129.768,32.712],[129.761,32.715]]],[[[129.965,32.762],[129.966,32.757],[129.967,32.754],[129.971,32.752],[129.977,32.749],[129.982,32.749],[129.987,32.748],[129.988,32.752],[129.985,32.753],[129.981,32.75],[129.978,32.753],[129.979,32.757],[129.979,32.761],[129.975,32.759],[129.97,32.76],[129.967,32.76]]],[[[129.602,32.891],[129.598,32.889],[129.592,32.885],[129.59,32.882],[129.599,32.88],[129.605,32.885],[129.605,32.891]]],[[[129.846,32.812],[129.842,32.811],[129.839,32.81],[129.84,32.813],[129.84,32.817],[129.835,32.816],[129.828,32.818],[129.821,32.815],[129.818,32.815],[129.818,32.819],[129.821,32.826],[129.816,32.829],[129.815,32.833],[129.808,32.837],[129.802,32.843],[129.802,32.849],[129.8,32.854],[129.797,32.855],[129.794,32.859],[129.794,32.862],[129.795,32.866],[129.795,32.87],[129.796,32.873],[129.791,32.872],[129.788,32.873],[129.789,32.877],[129.79,32.882],[129.795,32.889],[129.795,32.885],[129.796,32.882],[129.8,32.882],[129.803,32.884],[129.807,32.887],[129.808,32.89],[129.809,32.894],[129.805,32.894],[129.806,32.898],[129.804,32.901],[129.805,32.908],[129.802,32.908],[129.798,32.91],[129.795,32.906],[129.791,32.907],[129.793,32.903],[129.789,32.901],[129.784,32.908],[129.785,32.913],[129.789,32.914],[129.793,32.914],[129.785,32.918],[129.789,32.921],[129.788,32.926],[129.785,32.929],[129.786,32.933],[129.785,32.937],[129.783,32.941],[129.785,32.947],[129.792,32.952],[129.796,32.952],[129.8,32.951],[129.797,32.947],[129.797,32.943],[129.796,32.939],[129.796,32.936],[129.801,32.94],[129.8,32.935],[129.801,32.932],[129.801,32.929],[129.798,32.926],[129.798,32.922],[129.801,32.92],[129.807,32.917],[129.811,32.92],[129.816,32.926],[129.816,32.933],[129.815,32.936],[129.818,32.94],[129.818,32.944],[129.819,32.947],[129.815,32.956],[129.811,32.96],[129.807,32.962],[129.804,32.963],[129.795,32.966],[129.792,32.969],[129.787,32.966],[129.786,32.963],[129.781,32.962],[129.778,32.959],[129.773,32.956],[129.769,32.956],[129.763,32.955],[129.756,32.951],[129.748,32.948],[129.745,32.948],[129.741,32.947],[129.74,32.939],[129.741,32.936],[129.737,32.93],[129.74,32.923],[129.742,32.919],[129.738,32.913],[129.733,32.915],[129.73,32.911],[129.726,32.911],[129.719,32.911],[129.716,32.91],[129.709,32.913],[129.709,32.91],[129.706,32.906],[129.702,32.907],[129.699,32.904],[129.693,32.903],[129.688,32.903],[129.683,32.904],[129.677,32.902],[129.673,32.897],[129.669,32.895],[129.672,32.889],[129.674,32.885],[129.677,32.884],[129.68,32.88],[129.679,32.875],[129.677,32.867],[129.682,32.863],[129.684,32.858],[129.685,32.852],[129.69,32.849],[129.693,32.843],[129.697,32.843],[129.701,32.841],[129.7,32.834],[129.704,32.833],[129.71,32.833],[129.714,32.835],[129.718,32.833],[129.719,32.83],[129.72,32.822],[129.723,32.823],[129.727,32.82],[129.73,32.818],[129.733,32.814],[129.734,32.808],[129.737,32.808],[129.741,32.811],[129.744,32.816],[129.745,32.82],[129.748,32.822],[129.752,32.82],[129.757,32.819],[129.762,32.823],[129.766,32.822],[129.763,32.817],[129.767,32.816],[129.77,32.821],[129.775,32.819],[129.77,32.808],[129.768,32.804],[129.766,32.8],[129.77,32.797],[129.775,32.798],[129.777,32.795],[129.782,32.793],[129.783,32.788],[129.79,32.787],[129.791,32.784],[129.791,32.779],[129.795,32.778],[129.801,32.777],[129.802,32.772],[129.8,32.768],[129.794,32.767],[129.796,32.761],[129.8,32.761],[129.807,32.754],[129.809,32.758],[129.807,32.761],[129.811,32.758],[129.815,32.758],[129.813,32.753],[129.81,32.751],[129.806,32.748],[129.805,32.744],[129.809,32.742],[129.813,32.742],[129.815,32.738],[129.82,32.744],[129.823,32.746],[129.83,32.744],[129.826,32.74],[129.829,32.739],[129.832,32.735],[129.829,32.731],[129.826,32.732],[129.819,32.723],[129.823,32.72],[129.827,32.718],[129.83,32.722],[129.833,32.725],[129.835,32.72],[129.837,32.724],[129.84,32.726],[129.846,32.72],[129.847,32.726],[129.851,32.728],[129.855,32.73],[129.858,32.734],[129.857,32.741],[129.863,32.746],[129.87,32.749],[129.868,32.745],[129.868,32.742],[129.869,32.738],[129.865,32.732],[129.858,32.727],[129.859,32.722],[129.855,32.721],[129.85,32.717],[129.85,32.712],[129.848,32.706],[129.843,32.706],[129.842,32.702],[129.848,32.699],[129.84,32.696],[129.835,32.7],[129.833,32.694],[129.837,32.689],[129.831,32.688],[129.82,32.695],[129.824,32.696],[129.828,32.701],[129.829,32.707],[129.823,32.707],[129.818,32.706],[129.816,32.702],[129.813,32.698],[129.811,32.693],[129.807,32.693],[129.802,32.692],[129.794,32.693],[129.791,32.69],[129.794,32.689],[129.795,32.685],[129.8,32.683],[129.803,32.678],[129.807,32.679],[129.811,32.682],[129.815,32.687],[129.82,32.686],[129.818,32.68],[129.818,32.676],[129.817,32.673],[129.818,32.668],[129.817,32.654],[129.811,32.656],[129.807,32.653],[129.805,32.649],[129.804,32.644],[129.802,32.64],[129.796,32.636],[129.794,32.632],[129.794,32.628],[129.79,32.626],[129.792,32.621],[129.791,32.615],[129.785,32.612],[129.78,32.611],[129.782,32.607],[129.78,32.604],[129.776,32.602],[129.773,32.6],[129.767,32.595],[129.761,32.594],[129.758,32.593],[129.757,32.588],[129.756,32.584],[129.752,32.585],[129.755,32.588],[129.751,32.592],[129.746,32.587],[129.742,32.583],[129.739,32.582],[129.736,32.581],[129.737,32.575],[129.738,32.57],[129.742,32.571],[129.745,32.574],[129.749,32.574],[129.753,32.575],[129.753,32.579],[129.758,32.581],[129.764,32.583],[129.768,32.583],[129.774,32.581],[129.778,32.577],[129.779,32.573],[129.782,32.574],[129.784,32.578],[129.781,32.577],[129.779,32.582],[129.785,32.583],[129.791,32.586],[129.795,32.587],[129.805,32.591],[129.81,32.594],[129.811,32.598],[129.816,32.603],[129.823,32.607],[129.83,32.613],[129.833,32.619],[129.838,32.621],[129.835,32.627],[129.835,32.632],[129.837,32.636],[129.838,32.64],[129.841,32.642],[129.846,32.638],[129.85,32.639],[129.857,32.641],[129.862,32.643],[129.866,32.644],[129.872,32.646],[129.872,32.651],[129.876,32.652],[129.88,32.653],[129.884,32.652],[129.887,32.656],[129.891,32.658],[129.896,32.663],[129.895,32.667],[129.9,32.671],[129.902,32.677],[129.906,32.683],[129.91,32.687],[129.914,32.693],[129.916,32.699],[129.914,32.703],[129.912,32.707],[129.913,32.712],[129.916,32.709],[129.92,32.708],[129.926,32.708],[129.926,32.714],[129.928,32.718],[129.929,32.723],[129.934,32.717],[129.936,32.72],[129.939,32.724],[129.943,32.726],[129.939,32.729],[129.946,32.736],[129.954,32.737],[129.957,32.742],[129.955,32.745],[129.953,32.749],[129.949,32.753],[129.947,32.759],[129.951,32.761],[129.956,32.763],[129.962,32.765],[129.966,32.765],[129.97,32.764],[129.974,32.762],[129.979,32.762],[129.982,32.763],[129.988,32.759],[129.991,32.763],[129.99,32.767],[129.987,32.772],[129.988,32.775],[129.993,32.779],[129.991,32.784],[129.99,32.787],[129.989,32.795],[129.989,32.799],[129.993,32.804],[129.993,32.807],[129.986,32.807],[129.983,32.809],[129.979,32.815],[129.975,32.818],[129.969,32.813],[129.962,32.81],[129.957,32.812],[129.955,32.816],[129.952,32.817],[129.947,32.819],[129.939,32.817],[129.935,32.816],[129.931,32.82],[129.924,32.821],[129.917,32.814],[129.912,32.811],[129.909,32.81],[129.904,32.809],[129.899,32.81],[129.894,32.812],[129.89,32.808],[129.885,32.806],[129.881,32.808],[129.877,32.806],[129.873,32.804],[129.87,32.803],[129.87,32.8],[129.867,32.798],[129.867,32.802],[129.87,32.806],[129.867,32.808],[129.864,32.801],[129.861,32.798],[129.856,32.802],[129.851,32.805],[129.848,32.809],[129.846,32.812]]]]}},{"type":"Feature","properties":{"name":"対馬市","code":"42209"},"geometry":{"type":"MultiPolygon","coordinates":[[[[129.384,34.303],[129.38,34.304],[129.374,34.302],[129.375,34.296],[129.377,34.292],[129.373,34.295],[129.37,34.301],[129.364,34.298],[129.357,34.298],[129.353,34.295],[129.352,34.291],[129.351,34.286],[129.353,34.28],[129.359,34.271],[129.363,34.274],[129.366,34.276],[129.372,34.279],[129.382,34.286],[129.387,34.29],[129.391,34.296],[129.394,34.299],[129.388,34.301],[129.384,34.303]]],[[[129.328,34.307],[129.323,34.304],[129.321,34.301],[129.326,34.302],[129.33,34.304]]],[[[129.395,34.323],[129.388,34.321],[129.392,34.317],[129.394,34.313],[129.399,34.313],[129.405,34.314],[129.408,34.314],[129.412,34.316],[129.413,34.319],[129.409,34.317],[129.404,34.315],[129.393,34.317],[129.395,34.32],[129.395,34.323]]],[[[129.205,34.332],[129.203,34.327],[129.203,34.323],[129.198,34.319],[129.201,34.315],[129.196,34.313],[129.197,34.31],[129.197,34.307],[129.199,34.302],[129.196,34.295],[129.197,34.289],[129.198,34.282],[129.195,34.278],[129.194,34.274],[129.198,34.274],[129.199,34.27],[129.196,34.269],[129.193,34.264],[129.192,34.259],[129.186,34.251],[129.185,34.246],[129.187,34.243],[129.189,34.24],[129.191,34.235],[129.19,34.231],[129.182,34.228],[129.181,34.222],[129.18,34.216],[129.181,34.211],[129.179,34.207],[129.179,34.203],[129.179,34.2],[129.178,34.193],[129.178,34.189],[129.182,34.188],[129.18,34.185],[129.179,34.18],[129.176,34.176],[129.177,34.172],[129.179,34.168],[129.174,34.168],[129.174,34.163],[129.173,34.16],[129.173,34.156],[129.173,34.152],[129.173,34.149],[129.169,34.146],[129.168,34.142],[129.169,34.138],[129.168,34.133],[129.168,34.13],[129.172,34.123],[129.17,34.119],[129.171,34.112],[129.169,34.108],[129.167,34.104],[129.17,34.104],[129.174,34.106],[129.174,34.11],[129.177,34.113],[129.182,34.114],[129.183,34.118],[129.187,34.118],[129.192,34.115],[129.196,34.113],[129.196,34.11],[129.197,34.106],[129.2,34.105],[129.204,34.104],[129.206,34.108],[129.21,34.107],[129.211,34.11],[129.216,34.112],[129.214,34.108],[129.214,34.104],[129.218,34.1],[129.216,34.093],[129.213,34.089],[129.212,34.085],[129.22,34.089],[129.219,34.092],[129.218,34.095],[129.222,34.097],[129.225,34.097],[129.229,34.095],[129.229,34.098],[129.23,34.103],[129.23,34.107],[129.23,34.111],[129.234,34.114],[129.237,34.106],[129.238,34.102],[129.243,34.104],[129.246,34.108],[129.247,34.112],[129.25,34.113],[129.254,34.11],[129.261,34.114],[129.263,34.122],[129.259,34.122],[129.254,34.125],[129.259,34.129],[129.264,34.126],[129.267,34.127],[129.272,34.128],[129.276,34.128],[129.276,34.133],[129.279,34.131],[129.283,34.132],[129.279,34.135],[129.278,34.141],[129.274,34.145],[129.28,34.144],[129.284,34.145],[129.283,34.15],[129.28,34.156],[129.284,34.157],[129.282,34.163],[129.286,34.166],[129.29,34.163],[129.296,34.162],[129.296,34.166],[129.295,34.17],[129.295,34.175],[129.289,34.175],[129.292,34.18],[129.296,34.18],[129.297,34.183],[129.297,34.187],[129.292,34.19],[129.289,34.19],[129.285,34.189],[129.289,34.195],[129.289,34.2],[129.293,34.196],[129.297,34.194],[129.298,34.198],[129.301,34.202],[129.3,34.205],[129.304,34.21],[129.3,34.212],[129.297,34.214],[129.297,34.22],[129.303,34.223],[129.304,34.218],[129.31,34.217],[129.313,34.219],[129.319,34.224],[129.322,34.226],[129.326,34.226],[129.326,34.23],[129.319,34.232],[129.322,34.236],[129.319,34.239],[129.317,34.242],[129.317,34.247],[129.318,34.252],[129.322,34.255],[129.323,34.259],[129.32,34.26],[129.319,34.263],[129.322,34.262],[129.326,34.262],[129.325,34.265],[129.326,34.269],[129.327,34.272],[129.331,34.276],[129.334,34.274],[129.341,34.277],[129.344,34.277],[129.349,34.278],[129.353,34.277],[129.351,34.282],[129.347,34.284],[129.35,34.288],[129.348,34.293],[129.346,34.296],[129.342,34.297],[129.338,34.299],[129.34,34.295],[129.334,34.297],[129.331,34.298],[129.327,34.296],[129.323,34.294],[129.319,34.298],[129.319,34.294],[129.314,34.291],[129.314,34.287],[129.312,34.283],[129.311,34.287],[129.306,34.287],[129.307,34.284],[129.305,34.279],[129.302,34.282],[129.299,34.282],[129.299,34.287],[129.302,34.292],[129.303,34.296],[129.304,34.304],[129.31,34.308],[129.306,34.308],[129.302,34.31],[129.3,34.305],[129.299,34.31],[129.293,34.311],[129.294,34.317],[129.289,34.318],[129.286,34.321],[129.281,34.316],[129.282,34.32],[129.279,34.323],[129.274,34.321],[129.271,34.324],[129.267,34.322],[129.266,34.319],[129.27,34.318],[129.274,34.318],[129.274,34.314],[129.274,34.31],[129.28,34.308],[129.284,34.308],[129.284,34.304],[129.284,34.3],[129.288,34.296],[129.29,34.292],[129.287,34.29],[129.286,34.285],[129.289,34.284],[129.29,34.28],[129.283,34.285],[129.282,34.29],[129.285,34.293],[129.283,34.296],[129.279,34.298],[129.281,34.301],[129.282,34.305],[129.276,34.305],[129.272,34.305],[129.266,34.305],[129.264,34.301],[129.261,34.294],[129.263,34.291],[129.26,34.291],[129.257,34.292],[129.26,34.296],[129.259,34.3],[129.252,34.299],[129.253,34.302],[129.257,34.302],[129.261,34.306],[129.257,34.307],[129.257,34.311],[129.254,34.307],[129.25,34.305],[129.246,34.301],[129.244,34.298],[129.239,34.3],[129.235,34.297],[129.234,34.293],[129.229,34.293],[129.23,34.296],[129.227,34.295],[129.224,34.294],[129.222,34.299],[129.224,34.302],[129.226,34.306],[129.223,34.309],[129.226,34.313],[129.227,34.317],[129.227,34.32],[129.228,34.324],[129.222,34.33],[129.217,34.327],[129.211,34.327],[129.209,34.33],[129.205,34.332]]],[[[129.298,34.337],[129.294,34.331],[129.292,34.328],[129.29,34.324],[129.296,34.323],[129.297,34.327],[129.3,34.33],[129.302,34.324],[129.307,34.322],[129.312,34.325],[129.316,34.324],[129.315,34.321],[129.317,34.317],[129.318,34.313],[129.322,34.309],[129.325,34.31],[129.332,34.311],[129.331,34.307],[129.334,34.307],[129.335,34.311],[129.336,34.316],[129.331,34.315],[129.329,34.32],[129.329,34.323],[129.328,34.326],[129.329,34.33],[129.325,34.332],[129.327,34.336],[129.323,34.335],[129.318,34.331],[129.317,34.326],[129.313,34.327],[129.31,34.331],[129.303,34.331],[129.3,34.334],[129.298,34.337]]],[[[129.396,34.36],[129.394,34.357],[129.392,34.352],[129.39,34.348],[129.39,34.344],[129.389,34.34],[129.395,34.337],[129.397,34.334],[129.401,34.337],[129.404,34.336],[129.408,34.338],[129.405,34.342],[129.403,34.347],[129.406,34.349],[129.404,34.352],[129.401,34.355],[129.398,34.359]]],[[[129.412,34.363],[129.408,34.359],[129.404,34.361],[129.403,34.357],[129.405,34.353],[129.409,34.351],[129.41,34.355],[129.411,34.36]]],[[[129.45,34.706],[129.442,34.701],[129.44,34.698],[129.437,34.695],[129.431,34.691],[129.424,34.694],[129.424,34.697],[129.419,34.696],[129.417,34.692],[129.419,34.688],[129.416,34.685],[129.42,34.68],[129.424,34.682],[129.429,34.682],[129.432,34.679],[129.432,34.674],[129.428,34.673],[129.429,34.677],[129.425,34.679],[129.419,34.676],[129.408,34.678],[129.408,34.674],[129.404,34.671],[129.4,34.669],[129.403,34.67],[129.402,34.666],[129.397,34.664],[129.395,34.66],[129.393,34.656],[129.396,34.653],[129.391,34.655],[129.388,34.653],[129.386,34.649],[129.388,34.644],[129.391,34.64],[129.386,34.64],[129.381,34.643],[129.374,34.647],[129.369,34.643],[129.365,34.638],[129.363,34.644],[129.359,34.649],[129.353,34.65],[129.345,34.646],[129.342,34.645],[129.34,34.641],[129.335,34.638],[129.335,34.642],[129.334,34.65],[129.331,34.651],[129.326,34.649],[129.321,34.649],[129.321,34.642],[129.319,34.638],[129.318,34.634],[129.318,34.629],[129.318,34.626],[129.315,34.623],[129.313,34.614],[129.309,34.609],[129.305,34.603],[129.305,34.599],[129.306,34.593],[129.306,34.589],[129.303,34.589],[129.299,34.585],[129.299,34.581],[129.296,34.575],[129.292,34.571],[129.289,34.571],[129.286,34.563],[129.289,34.556],[129.295,34.556],[129.298,34.558],[129.301,34.563],[129.304,34.568],[129.31,34.563],[129.312,34.558],[129.316,34.558],[129.317,34.554],[129.314,34.55],[129.317,34.55],[129.323,34.549],[129.328,34.551],[129.327,34.547],[129.328,34.544],[129.328,34.538],[129.33,34.533],[129.333,34.534],[129.334,34.538],[129.338,34.538],[129.342,34.535],[129.338,34.535],[129.336,34.531],[129.333,34.529],[129.329,34.528],[129.325,34.53],[129.326,34.533],[129.323,34.536],[129.319,34.536],[129.319,34.533],[129.316,34.529],[129.317,34.526],[129.312,34.52],[129.309,34.516],[129.31,34.52],[129.31,34.526],[129.305,34.521],[129.301,34.513],[129.302,34.51],[129.298,34.508],[129.296,34.504],[129.296,34.499],[129.293,34.497],[129.293,34.492],[129.291,34.488],[129.289,34.484],[129.285,34.482],[129.282,34.481],[129.28,34.476],[129.277,34.471],[129.274,34.469],[129.273,34.466],[129.278,34.465],[129.278,34.461],[129.274,34.457],[129.277,34.455],[129.28,34.453],[129.286,34.45],[129.291,34.452],[129.294,34.452],[129.298,34.457],[129.303,34.46],[129.306,34.463],[129.311,34.461],[129.308,34.458],[129.31,34.453],[129.306,34.454],[129.302,34.456],[129.299,34.451],[129.302,34.449],[129.298,34.449],[129.294,34.447],[129.292,34.442],[129.295,34.438],[129.295,34.434],[129.291,34.433],[129.291,34.439],[129.286,34.444],[129.281,34.444],[129.278,34.441],[129.274,34.441],[129.272,34.436],[129.276,34.433],[129.28,34.432],[129.275,34.432],[129.271,34.426],[129.274,34.419],[129.278,34.416],[129.283,34.417],[129.28,34.415],[129.277,34.415],[129.274,34.416],[129.273,34.412],[129.274,34.409],[129.275,34.405],[129.273,34.397],[129.271,34.392],[129.268,34.386],[129.272,34.385],[129.277,34.383],[129.277,34.38],[129.276,34.377],[129.271,34.375],[129.263,34.368],[129.259,34.369],[129.254,34.366],[129.254,34.361],[129.252,34.356],[129.247,34.36],[129.244,34.365],[129.239,34.367],[129.233,34.366],[129.227,34.363],[129.229,34.358],[129.232,34.357],[129.234,34.353],[129.238,34.352],[129.242,34.352],[129.247,34.353],[129.251,34.352],[129.254,34.35],[129.262,34.355],[129.268,34.356],[129.272,34.357],[129.276,34.355],[129.279,34.35],[129.279,34.347],[129.284,34.344],[129.284,34.348],[129.288,34.347],[129.288,34.339],[129.292,34.345],[129.292,34.349],[129.287,34.353],[129.291,34.353],[129.295,34.353],[129.293,34.356],[129.289,34.359],[129.285,34.36],[129.285,34.364],[129.28,34.366],[129.283,34.367],[129.287,34.365],[129.291,34.372],[129.287,34.377],[129.284,34.384],[129.288,34.385],[129.288,34.389],[129.289,34.385],[129.287,34.381],[129.29,34.377],[129.293,34.377],[129.299,34.379],[129.299,34.383],[129.302,34.381],[129.305,34.382],[129.309,34.386],[129.313,34.384],[129.31,34.38],[129.307,34.377],[129.303,34.376],[129.305,34.372],[129.299,34.37],[129.3,34.366],[129.304,34.367],[129.303,34.363],[129.303,34.359],[129.307,34.356],[129.31,34.358],[129.308,34.353],[129.305,34.351],[129.3,34.35],[129.3,34.345],[129.302,34.341],[129.306,34.342],[129.309,34.345],[129.311,34.34],[129.307,34.337],[129.311,34.338],[129.314,34.34],[129.316,34.348],[129.32,34.347],[129.32,34.35],[129.321,34.354],[129.324,34.349],[129.326,34.356],[129.322,34.361],[129.325,34.359],[129.329,34.36],[129.325,34.364],[129.324,34.367],[129.32,34.369],[129.325,34.368],[129.328,34.367],[129.328,34.37],[129.333,34.375],[129.337,34.38],[129.334,34.373],[129.332,34.369],[129.332,34.365],[129.337,34.368],[129.343,34.367],[129.344,34.372],[129.347,34.375],[129.352,34.374],[129.348,34.372],[129.346,34.368],[129.349,34.364],[129.346,34.362],[129.341,34.358],[129.346,34.354],[129.349,34.353],[129.348,34.348],[129.352,34.346],[129.349,34.345],[129.349,34.342],[129.353,34.345],[129.35,34.341],[129.356,34.339],[129.352,34.338],[129.348,34.337],[129.343,34.337],[129.35,34.334],[129.351,34.331],[129.346,34.33],[129.347,34.325],[129.354,34.319],[129.348,34.321],[129.343,34.324],[129.339,34.324],[129.334,34.32],[129.337,34.316],[129.335,34.311],[129.339,34.316],[129.339,34.312],[129.336,34.307],[129.34,34.306],[129.344,34.302],[129.35,34.305],[129.353,34.309],[129.357,34.308],[129.353,34.307],[129.35,34.304],[129.351,34.297],[129.354,34.296],[129.357,34.301],[129.36,34.301],[129.364,34.305],[129.366,34.311],[129.37,34.311],[129.371,34.314],[129.368,34.317],[129.371,34.316],[129.375,34.317],[129.374,34.314],[129.379,34.312],[129.379,34.316],[129.375,34.32],[129.378,34.324],[129.377,34.327],[129.374,34.331],[129.367,34.33],[129.369,34.335],[129.365,34.337],[129.37,34.337],[129.375,34.336],[129.379,34.336],[129.385,34.335],[129.385,34.33],[129.389,34.332],[129.393,34.337],[129.388,34.341],[129.389,34.347],[129.384,34.343],[129.38,34.344],[129.372,34.344],[129.369,34.345],[129.365,34.345],[129.371,34.347],[129.375,34.346],[129.381,34.347],[129.386,34.351],[129.39,34.355],[129.393,34.36],[129.386,34.365],[129.389,34.369],[129.384,34.372],[129.381,34.368],[129.376,34.37],[129.38,34.372],[129.38,34.377],[129.377,34.378],[129.376,34.382],[129.376,34.386],[129.379,34.387],[129.383,34.385],[129.387,34.383],[129.391,34.384],[129.388,34.388],[129.394,34.392],[129.393,34.398],[129.394,34.403],[129.397,34.407],[129.397,34.41],[129.394,34.41],[129.39,34.405],[129.39,34.401],[129.387,34.404],[129.386,34.4],[129.382,34.399],[129.379,34.395],[129.379,34.398],[129.371,34.394],[129.368,34.392],[129.363,34.391],[129.356,34.39],[129.354,34.386],[129.356,34.392],[129.358,34.395],[129.363,34.398],[129.366,34.398],[129.366,34.402],[129.369,34.406],[129.376,34.407],[129.377,34.411],[129.378,34.42],[129.375,34.426],[129.371,34.427],[129.372,34.424],[129.367,34.421],[129.367,34.424],[129.366,34.427],[129.366,34.432],[129.369,34.433],[129.375,34.433],[129.378,34.43],[129.383,34.425],[129.385,34.429],[129.382,34.433],[129.381,34.437],[129.383,34.44],[129.38,34.44],[129.376,34.44],[129.375,34.445],[129.37,34.452],[129.372,34.456],[129.376,34.455],[129.375,34.452],[129.379,34.455],[129.383,34.456],[129.387,34.458],[129.384,34.461],[129.388,34.464],[129.391,34.464],[129.394,34.471],[129.397,34.478],[129.403,34.48],[129.407,34.484],[129.411,34.488],[129.412,34.492],[129.416,34.491],[129.42,34.494],[129.423,34.497],[129.427,34.499],[129.434,34.505],[129.437,34.507],[129.436,34.511],[129.437,34.517],[129.442,34.514],[129.443,34.519],[129.451,34.524],[129.451,34.528],[129.445,34.53],[129.45,34.53],[129.454,34.532],[129.458,34.536],[129.461,34.54],[129.459,34.545],[129.459,34.548],[129.459,34.553],[129.462,34.552],[129.465,34.553],[129.469,34.55],[129.472,34.556],[129.472,34.561],[129.47,34.565],[129.469,34.569],[129.473,34.57],[129.476,34.572],[129.471,34.575],[129.476,34.585],[129.471,34.587],[129.476,34.591],[129.48,34.593],[129.474,34.595],[129.473,34.6],[129.47,34.605],[129.462,34.606],[129.459,34.608],[129.453,34.607],[129.45,34.608],[129.45,34.613],[129.447,34.614],[129.441,34.614],[129.437,34.613],[129.437,34.616],[129.434,34.618],[129.435,34.622],[129.439,34.623],[129.438,34.618],[129.442,34.619],[129.446,34.619],[129.45,34.617],[129.453,34.614],[129.457,34.612],[129.454,34.616],[129.451,34.623],[129.447,34.623],[129.448,34.628],[129.447,34.632],[129.45,34.626],[129.453,34.627],[129.455,34.621],[129.457,34.616],[129.461,34.614],[129.466,34.616],[129.47,34.619],[129.477,34.618],[129.48,34.62],[129.476,34.622],[129.472,34.624],[129.471,34.628],[129.477,34.629],[129.482,34.629],[129.482,34.632],[129.486,34.635],[129.491,34.643],[129.487,34.645],[129.484,34.644],[129.482,34.641],[129.483,34.645],[129.479,34.645],[129.476,34.644],[129.475,34.647],[129.475,34.651],[129.469,34.656],[129.474,34.657],[129.48,34.655],[129.484,34.655],[129.484,34.658],[129.491,34.664],[129.495,34.666],[129.497,34.669],[129.49,34.665],[129.485,34.667],[129.484,34.673],[129.488,34.675],[129.494,34.677],[129.492,34.681],[129.489,34.684],[129.487,34.679],[129.487,34.676],[129.483,34.675],[129.478,34.678],[129.474,34.674],[129.471,34.678],[129.475,34.679],[129.475,34.685],[129.471,34.687],[129.48,34.689],[129.477,34.693],[129.474,34.693],[129.471,34.696],[129.466,34.696],[129.461,34.697],[129.458,34.693],[129.455,34.696],[129.451,34.699],[129.448,34.697],[129.451,34.702],[129.45,34.706]]]]}},{"type":"Feature","properties":{"name":"壱岐市","code":"42210"},"geometry":{"type":"MultiPolygon","coordinates":[[[[129.629,33.731],[129.625,33.728],[129.629,33.725],[129.633,33.725],[129.637,33.728],[129.631,33.73]]],[[[129.648,33.731],[129.649,33.727],[129.644,33.725],[129.646,33.72],[129.65,33.719],[129.654,33.725],[129.648,33.729]]],[[[129.637,33.745],[129.633,33.742],[129.63,33.744],[129.629,33.739],[129.629,33.734],[129.634,33.734],[129.638,33.734],[129.641,33.739],[129.639,33.744]]],[[[129.704,33.864],[129.698,33.86],[129.702,33.856],[129.699,33.855],[129.696,33.856],[129.693,33.851],[129.692,33.856],[129.686,33.854],[129.683,33.851],[129.679,33.847],[129.683,33.846],[129.679,33.844],[129.674,33.841],[129.673,33.836],[129.672,33.832],[129.67,33.826],[129.675,33.825],[129.673,33.82],[129.679,33.814],[129.684,33.812],[129.688,33.807],[129.685,33.806],[129.681,33.806],[129.677,33.805],[129.674,33.801],[129.677,33.798],[129.673,33.798],[129.671,33.803],[129.667,33.804],[129.667,33.809],[129.662,33.811],[129.658,33.812],[129.654,33.813],[129.65,33.807],[129.653,33.807],[129.658,33.804],[129.663,33.802],[129.667,33.8],[129.662,33.799],[129.658,33.799],[129.651,33.8],[129.654,33.797],[129.658,33.794],[129.661,33.79],[129.657,33.789],[129.656,33.783],[129.66,33.776],[129.663,33.777],[129.67,33.776],[129.676,33.778],[129.676,33.774],[129.68,33.772],[129.68,33.769],[129.682,33.761],[129.685,33.761],[129.681,33.758],[129.679,33.763],[129.674,33.765],[129.67,33.766],[129.664,33.766],[129.662,33.771],[129.658,33.77],[129.655,33.769],[129.652,33.773],[129.645,33.772],[129.643,33.769],[129.645,33.765],[129.649,33.763],[129.654,33.762],[129.65,33.76],[129.651,33.757],[129.647,33.753],[129.651,33.749],[129.653,33.744],[129.654,33.74],[129.658,33.741],[129.657,33.746],[129.662,33.746],[129.667,33.748],[129.668,33.754],[129.669,33.757],[129.672,33.758],[129.671,33.754],[129.676,33.753],[129.679,33.749],[129.684,33.746],[129.684,33.742],[129.685,33.738],[129.681,33.736],[129.677,33.728],[129.683,33.725],[129.689,33.721],[129.692,33.724],[129.696,33.727],[129.696,33.722],[129.693,33.721],[129.688,33.718],[129.692,33.716],[129.697,33.712],[129.7,33.712],[129.704,33.711],[129.709,33.711],[129.715,33.707],[129.717,33.711],[129.718,33.715],[129.722,33.719],[129.727,33.721],[129.727,33.725],[129.731,33.726],[129.733,33.73],[129.734,33.735],[129.734,33.739],[129.738,33.738],[129.747,33.74],[129.751,33.739],[129.754,33.743],[129.757,33.743],[129.762,33.738],[129.769,33.741],[129.774,33.739],[129.779,33.74],[129.786,33.742],[129.788,33.749],[129.788,33.755],[129.791,33.757],[129.796,33.754],[129.797,33.759],[129.797,33.764],[129.79,33.763],[129.787,33.769],[129.78,33.773],[129.776,33.772],[129.772,33.773],[129.772,33.768],[129.766,33.767],[129.762,33.772],[129.758,33.776],[129.759,33.779],[129.764,33.782],[129.77,33.784],[129.773,33.786],[129.777,33.786],[129.781,33.784],[129.785,33.786],[129.788,33.785],[129.793,33.783],[129.796,33.779],[129.799,33.786],[129.796,33.788],[129.793,33.787],[129.786,33.788],[129.781,33.791],[129.778,33.795],[129.77,33.796],[129.766,33.799],[129.764,33.803],[129.76,33.805],[129.756,33.806],[129.749,33.807],[129.753,33.809],[129.758,33.812],[129.764,33.811],[129.761,33.814],[129.762,33.819],[129.765,33.822],[129.764,33.825],[129.766,33.829],[129.765,33.834],[129.769,33.838],[129.773,33.842],[129.768,33.846],[129.764,33.845],[129.759,33.846],[129.754,33.847],[129.748,33.848],[129.743,33.847],[129.732,33.849],[129.727,33.85],[129.723,33.854],[129.719,33.857],[129.711,33.855],[129.708,33.857],[129.707,33.861]]],[[[129.701,33.869],[129.695,33.867],[129.7,33.865],[129.704,33.865],[129.701,33.869]]],[[[129.686,33.871],[129.683,33.87],[129.684,33.867],[129.684,33.862],[129.69,33.861],[129.689,33.866],[129.691,33.87],[129.687,33.87]]]]}},{"type":"Feature","properties":{"name":"五島市","code":"42211"},"geometry":{"type":"MultiPolygon","coordinates":[[[[128.942,32.885],[128.941,32.881],[128.947,32.878],[128.949,32.873],[128.947,32.869],[128.946,32.866],[128.943,32.862],[128.944,32.857],[128.943,32.853],[128.943,32.849],[128.939,32.849],[128.937,32.855],[128.934,32.859],[128.931,32.865],[128.929,32.868],[128.926,32.873],[128.923,32.87],[128.924,32.866],[128.928,32.863],[128.932,32.861],[128.931,32.857],[128.934,32.853],[128.933,32.846],[128.933,32.843],[128.932,32.839],[128.929,32.839],[128.927,32.843],[128.927,32.847],[128.927,32.853],[128.923,32.858],[128.92,32.86],[128.921,32.864],[128.916,32.87],[128.913,32.869],[128.911,32.872],[128.905,32.874],[128.903,32.87],[128.9,32.871],[128.897,32.875],[128.894,32.878],[128.891,32.877],[128.887,32.872],[128.89,32.867],[128.88,32.868],[128.876,32.866],[128.878,32.862],[128.881,32.859],[128.882,32.853],[128.886,32.854],[128.889,32.853],[128.892,32.854],[128.888,32.859],[128.889,32.863],[128.892,32.864],[128.894,32.859],[128.898,32.858],[128.902,32.857],[128.902,32.853],[128.905,32.849],[128.908,32.848],[128.912,32.844],[128.912,32.841],[128.917,32.843],[128.92,32.842],[128.923,32.836],[128.928,32.832],[128.93,32.828],[128.928,32.822],[128.925,32.822],[128.921,32.822],[128.916,32.825],[128.914,32.821],[128.92,32.821],[128.924,32.819],[128.929,32.818],[128.934,32.819],[128.935,32.825],[128.939,32.824],[128.94,32.821],[128.939,32.816],[128.939,32.811],[128.94,32.808],[128.94,32.802],[128.943,32.8],[128.946,32.806],[128.947,32.81],[128.949,32.814],[128.952,32.815],[128.95,32.819],[128.946,32.818],[128.943,32.824],[128.942,32.827],[128.945,32.833],[128.949,32.832],[128.953,32.83],[128.956,32.829],[128.961,32.831],[128.958,32.832],[128.954,32.834],[128.955,32.838],[128.958,32.842],[128.954,32.846],[128.956,32.851],[128.96,32.85],[128.964,32.852],[128.962,32.857],[128.962,32.86],[128.959,32.865],[128.958,32.869],[128.956,32.872],[128.953,32.875],[128.95,32.878],[128.942,32.885]]],[[[128.394,32.054],[128.393,32.049],[128.391,32.045],[128.388,32.043],[128.384,32.041],[128.389,32.04],[128.392,32.039],[128.397,32.041],[128.402,32.041],[128.405,32.037],[128.409,32.045],[128.414,32.05],[128.411,32.05],[128.407,32.049],[128.402,32.05],[128.398,32.052],[128.394,32.054]]],[[[128.906,32.571],[128.9,32.57],[128.896,32.57],[128.892,32.567],[128.892,32.563],[128.896,32.561],[128.901,32.56],[128.906,32.562],[128.908,32.567],[128.906,32.571]]],[[[128.357,32.008],[128.352,32.006],[128.348,32.005],[128.344,32.006],[128.35,31.997],[128.349,31.994],[128.349,31.989],[128.353,31.992],[128.352,31.998],[128.355,32.001],[128.358,32.003],[128.357,32.007]]],[[[128.718,32.583],[128.714,32.582],[128.708,32.58],[128.713,32.581],[128.721,32.579],[128.718,32.583]]],[[[128.926,32.599],[128.922,32.598],[128.918,32.597],[128.915,32.595],[128.92,32.592],[128.928,32.592],[128.927,32.595],[128.926,32.599]]],[[[128.832,32.606],[128.829,32.602],[128.827,32.599],[128.834,32.596],[128.838,32.595],[128.842,32.599],[128.841,32.602],[128.836,32.604],[128.832,32.606]]],[[[128.635,32.68],[128.629,32.677],[128.627,32.671],[128.624,32.667],[128.621,32.665],[128.618,32.661],[128.616,32.658],[128.617,32.652],[128.617,32.646],[128.619,32.643],[128.622,32.638],[128.629,32.638],[128.628,32.641],[128.631,32.644],[128.636,32.647],[128.634,32.652],[128.631,32.654],[128.633,32.657],[128.631,32.66],[128.628,32.664],[128.634,32.663],[128.64,32.663],[128.634,32.669],[128.639,32.671],[128.64,32.674],[128.635,32.68]]],[[[128.898,32.712],[128.895,32.711],[128.894,32.706],[128.896,32.7],[128.897,32.694],[128.901,32.696],[128.901,32.7],[128.905,32.703],[128.905,32.707],[128.9,32.706],[128.9,32.709]]],[[[128.863,32.731],[128.858,32.729],[128.86,32.726],[128.863,32.721],[128.867,32.722],[128.867,32.726],[128.863,32.726],[128.863,32.731]]],[[[128.606,32.74],[128.601,32.74],[128.598,32.735],[128.595,32.731],[128.591,32.727],[128.59,32.724],[128.591,32.721],[128.592,32.716],[128.595,32.712],[128.598,32.711],[128.601,32.716],[128.603,32.72],[128.601,32.726],[128.605,32.731],[128.61,32.735],[128.61,32.739],[128.606,32.74]]],[[[128.88,32.751],[128.876,32.749],[128.874,32.745],[128.87,32.746],[128.869,32.741],[128.872,32.74],[128.876,32.739],[128.878,32.744],[128.881,32.749]]],[[[128.958,32.777],[128.953,32.773],[128.955,32.764],[128.963,32.761],[128.968,32.764],[128.967,32.768],[128.963,32.771],[128.958,32.777]]],[[[128.993,32.791],[128.989,32.789],[128.991,32.785],[128.991,32.782],[128.987,32.782],[128.985,32.778],[128.986,32.774],[128.989,32.771],[128.992,32.77],[128.988,32.767],[128.989,32.76],[128.984,32.759],[128.979,32.76],[128.978,32.757],[128.975,32.759],[128.969,32.755],[128.965,32.753],[128.964,32.748],[128.969,32.747],[128.973,32.745],[128.979,32.746],[128.983,32.743],[128.986,32.742],[128.985,32.749],[128.988,32.755],[128.992,32.753],[128.996,32.751],[129.001,32.75],[129.004,32.75],[129.005,32.755],[129.004,32.759],[129.002,32.767],[129.007,32.77],[129.005,32.774],[129.003,32.779],[129.0,32.782],[128.999,32.787],[128.993,32.791]]],[[[128.809,32.798],[128.805,32.792],[128.801,32.793],[128.792,32.789],[128.794,32.785],[128.797,32.784],[128.791,32.782],[128.793,32.777],[128.788,32.775],[128.783,32.777],[128.779,32.778],[128.775,32.778],[128.776,32.772],[128.773,32.768],[128.771,32.765],[128.765,32.76],[128.769,32.757],[128.772,32.757],[128.776,32.756],[128.779,32.758],[128.782,32.762],[128.785,32.762],[128.789,32.763],[128.795,32.764],[128.799,32.755],[128.795,32.76],[128.79,32.759],[128.784,32.758],[128.781,32.756],[128.775,32.75],[128.776,32.746],[128.777,32.742],[128.776,32.738],[128.772,32.734],[128.771,32.738],[128.768,32.742],[128.769,32.745],[128.769,32.749],[128.769,32.753],[128.765,32.756],[128.762,32.759],[128.761,32.764],[128.759,32.769],[128.754,32.769],[128.751,32.763],[128.752,32.76],[128.747,32.757],[128.747,32.754],[128.745,32.75],[128.745,32.747],[128.74,32.743],[128.738,32.74],[128.735,32.744],[128.739,32.746],[128.742,32.748],[128.741,32.751],[128.735,32.748],[128.729,32.748],[128.729,32.752],[128.735,32.755],[128.739,32.755],[128.732,32.755],[128.726,32.756],[128.723,32.753],[128.719,32.753],[128.718,32.749],[128.713,32.749],[128.71,32.747],[128.705,32.745],[128.708,32.74],[128.704,32.739],[128.701,32.739],[128.694,32.74],[128.694,32.745],[128.698,32.748],[128.697,32.753],[128.698,32.757],[128.698,32.76],[128.697,32.766],[128.692,32.769],[128.685,32.769],[128.681,32.773],[128.682,32.776],[128.678,32.779],[128.674,32.781],[128.67,32.781],[128.666,32.781],[128.664,32.785],[128.656,32.78],[128.651,32.775],[128.649,32.77],[128.646,32.764],[128.64,32.761],[128.644,32.758],[128.648,32.757],[128.647,32.751],[128.649,32.747],[128.652,32.747],[128.654,32.742],[128.648,32.737],[128.647,32.733],[128.647,32.728],[128.645,32.724],[128.647,32.72],[128.65,32.717],[128.655,32.714],[128.656,32.71],[128.66,32.711],[128.659,32.706],[128.664,32.701],[128.658,32.701],[128.651,32.703],[128.648,32.7],[128.649,32.697],[128.653,32.691],[128.653,32.688],[128.654,32.685],[128.649,32.681],[128.652,32.678],[128.659,32.676],[128.661,32.672],[128.665,32.672],[128.669,32.67],[128.673,32.672],[128.671,32.668],[128.665,32.667],[128.663,32.663],[128.666,32.66],[128.667,32.657],[128.672,32.652],[128.668,32.653],[128.663,32.658],[128.659,32.66],[128.653,32.658],[128.654,32.654],[128.659,32.653],[128.663,32.653],[128.664,32.65],[128.668,32.646],[128.664,32.645],[128.66,32.646],[128.657,32.647],[128.653,32.65],[128.65,32.65],[128.647,32.654],[128.644,32.653],[128.646,32.647],[128.65,32.646],[128.653,32.641],[128.645,32.642],[128.641,32.641],[128.644,32.636],[128.639,32.634],[128.636,32.628],[128.64,32.627],[128.643,32.623],[128.641,32.619],[128.646,32.62],[128.647,32.625],[128.653,32.63],[128.659,32.631],[128.663,32.631],[128.668,32.63],[128.661,32.627],[128.657,32.626],[128.653,32.622],[128.653,32.616],[128.656,32.613],[128.647,32.607],[128.646,32.603],[128.643,32.605],[128.647,32.611],[128.642,32.612],[128.637,32.612],[128.633,32.615],[128.631,32.62],[128.625,32.618],[128.629,32.622],[128.623,32.626],[128.626,32.626],[128.623,32.628],[128.619,32.631],[128.615,32.625],[128.615,32.622],[128.611,32.626],[128.613,32.63],[128.623,32.634],[128.617,32.635],[128.619,32.64],[128.615,32.646],[128.611,32.646],[128.611,32.641],[128.607,32.637],[128.608,32.633],[128.609,32.629],[128.605,32.625],[128.603,32.621],[128.598,32.613],[128.601,32.614],[128.605,32.612],[128.61,32.611],[128.615,32.608],[128.618,32.61],[128.621,32.608],[128.63,32.605],[128.632,32.6],[128.637,32.596],[128.641,32.593],[128.646,32.595],[128.653,32.592],[128.657,32.591],[128.661,32.595],[128.659,32.598],[128.655,32.6],[128.658,32.605],[128.665,32.607],[128.669,32.608],[128.673,32.607],[128.676,32.607],[128.685,32.605],[128.688,32.603],[128.694,32.604],[128.698,32.604],[128.704,32.605],[128.713,32.605],[128.718,32.606],[128.723,32.606],[128.727,32.606],[128.731,32.607],[128.737,32.607],[128.74,32.604],[128.742,32.6],[128.747,32.596],[128.752,32.591],[128.752,32.585],[128.754,32.581],[128.756,32.577],[128.762,32.577],[128.765,32.576],[128.77,32.574],[128.773,32.574],[128.775,32.578],[128.778,32.583],[128.78,32.586],[128.783,32.591],[128.787,32.588],[128.791,32.589],[128.793,32.594],[128.793,32.599],[128.791,32.602],[128.789,32.606],[128.786,32.609],[128.779,32.613],[128.776,32.613],[128.769,32.618],[128.768,32.623],[128.767,32.617],[128.763,32.618],[128.761,32.621],[128.765,32.626],[128.768,32.629],[128.765,32.634],[128.768,32.637],[128.768,32.642],[128.777,32.645],[128.782,32.645],[128.785,32.647],[128.789,32.648],[128.793,32.65],[128.796,32.652],[128.8,32.652],[128.803,32.654],[128.806,32.655],[128.812,32.654],[128.81,32.648],[128.816,32.646],[128.818,32.639],[128.822,32.638],[128.826,32.636],[128.83,32.637],[128.835,32.638],[128.839,32.637],[128.845,32.641],[128.849,32.641],[128.855,32.642],[128.859,32.643],[128.864,32.642],[128.867,32.643],[128.871,32.644],[128.872,32.639],[128.878,32.64],[128.883,32.64],[128.886,32.641],[128.89,32.641],[128.893,32.644],[128.895,32.649],[128.897,32.654],[128.892,32.657],[128.887,32.656],[128.884,32.662],[128.883,32.67],[128.879,32.673],[128.871,32.679],[128.868,32.681],[128.863,32.684],[128.859,32.686],[128.857,32.692],[128.854,32.692],[128.851,32.694],[128.847,32.697],[128.851,32.701],[128.846,32.703],[128.843,32.708],[128.841,32.712],[128.839,32.715],[128.843,32.716],[128.841,32.721],[128.84,32.725],[128.843,32.731],[128.844,32.735],[128.842,32.739],[128.844,32.744],[128.852,32.743],[128.855,32.742],[128.856,32.746],[128.852,32.75],[128.848,32.75],[128.844,32.748],[128.839,32.748],[128.836,32.745],[128.836,32.748],[128.833,32.752],[128.829,32.749],[128.831,32.744],[128.828,32.743],[128.825,32.742],[128.827,32.749],[128.83,32.755],[128.837,32.758],[128.83,32.759],[128.826,32.757],[128.825,32.753],[128.821,32.752],[128.817,32.751],[128.813,32.748],[128.81,32.752],[128.805,32.752],[128.809,32.754],[128.814,32.756],[128.822,32.756],[128.826,32.76],[128.823,32.762],[128.819,32.767],[128.813,32.77],[128.81,32.774],[128.805,32.774],[128.806,32.778],[128.809,32.779],[128.809,32.785],[128.809,32.79],[128.811,32.795]]],[[[128.934,32.808],[128.929,32.807],[128.932,32.804],[128.929,32.8],[128.933,32.798],[128.937,32.801],[128.936,32.806]]],[[[128.681,32.81],[128.677,32.809],[128.673,32.808],[128.678,32.803],[128.683,32.804],[128.681,32.81]]],[[[128.864,32.845],[128.862,32.842],[128.865,32.836],[128.866,32.832],[128.866,32.829],[128.869,32.824],[128.868,32.821],[128.878,32.818],[128.879,32.815],[128.879,32.811],[128.873,32.808],[128.876,32.804],[128.878,32.799],[128.872,32.798],[128.869,32.802],[128.863,32.802],[128.866,32.805],[128.871,32.806],[128.866,32.808],[128.863,32.813],[128.864,32.816],[128.863,32.822],[128.862,32.826],[128.865,32.83],[128.861,32.832],[128.861,32.835],[128.858,32.836],[128.855,32.832],[128.852,32.83],[128.848,32.832],[128.844,32.833],[128.841,32.836],[128.837,32.836],[128.833,32.832],[128.838,32.83],[128.837,32.826],[128.837,32.817],[128.839,32.814],[128.839,32.809],[128.838,32.804],[128.84,32.801],[128.836,32.8],[128.833,32.797],[128.837,32.794],[128.838,32.79],[128.837,32.783],[128.836,32.779],[128.839,32.778],[128.84,32.784],[128.843,32.783],[128.844,32.779],[128.85,32.779],[128.853,32.775],[128.855,32.772],[128.859,32.771],[128.86,32.767],[128.864,32.764],[128.87,32.765],[128.873,32.764],[128.877,32.765],[128.883,32.765],[128.885,32.771],[128.886,32.776],[128.889,32.779],[128.892,32.783],[128.898,32.787],[128.902,32.788],[128.903,32.793],[128.904,32.796],[128.91,32.797],[128.906,32.802],[128.905,32.806],[128.903,32.809],[128.906,32.813],[128.9,32.815],[128.901,32.822],[128.896,32.825],[128.891,32.825],[128.886,32.825],[128.883,32.834],[128.88,32.835],[128.874,32.838],[128.871,32.841],[128.866,32.843]]],[[[128.917,32.897],[128.912,32.894],[128.909,32.888],[128.914,32.885],[128.918,32.892],[128.917,32.897]]]]}},{"type":"Feature","properties":{"name":"南松浦郡新上五島町","code":"42411"},"geometry":{"type":"MultiPolygon","coordinates":[[[[129.038,32.854],[129.039,32.843],[129.042,32.85],[129.038,32.854]]],[[[129.032,32.869],[129.034,32.86],[129.035,32.865],[129.032,32.869]]],[[[129.035,32.883],[129.03,32.882],[129.031,32.876],[129.031,32.871],[129.035,32.868],[129.036,32.872],[129.036,32.877],[129.035,32.883]]],[[[129.19,32.925],[129.186,32.923],[129.184,32.918],[129.189,32.918],[129.193,32.919],[129.197,32.921],[129.19,32.925]]],[[[128.963,32.932],[128.957,32.926],[128.958,32.922],[128.957,32.917],[128.952,32.919],[128.948,32.919],[128.947,32.923],[128.942,32.924],[128.939,32.925],[128.935,32.923],[128.93,32.92],[128.934,32.916],[128.936,32.911],[128.942,32.91],[128.947,32.906],[128.951,32.907],[128.954,32.91],[128.962,32.904],[128.964,32.908],[128.968,32.909],[128.965,32.914],[128.959,32.91],[128.955,32.91],[128.954,32.916],[128.957,32.916],[128.962,32.918],[128.967,32.921],[128.968,32.925],[128.969,32.93],[128.964,32.932]]],[[[128.99,32.933],[128.983,32.93],[128.987,32.928],[128.991,32.925],[128.987,32.92],[128.983,32.92],[128.978,32.919],[128.981,32.917],[128.985,32.912],[128.988,32.908],[128.983,32.909],[128.98,32.904],[128.987,32.899],[128.991,32.899],[128.997,32.9],[129.001,32.903],[128.999,32.897],[128.998,32.893],[128.999,32.889],[129.001,32.884],[129.004,32.882],[129.001,32.88],[128.999,32.884],[128.996,32.888],[128.994,32.894],[128.991,32.894],[128.986,32.889],[128.988,32.884],[128.983,32.889],[128.985,32.893],[128.98,32.896],[128.975,32.898],[128.972,32.896],[128.972,32.902],[128.968,32.904],[128.965,32.903],[128.962,32.904],[128.961,32.899],[128.964,32.897],[128.967,32.888],[128.97,32.885],[128.975,32.878],[128.972,32.875],[128.969,32.874],[128.969,32.87],[128.972,32.872],[128.977,32.872],[128.981,32.872],[128.982,32.869],[128.978,32.865],[128.977,32.86],[128.981,32.858],[128.984,32.862],[128.986,32.866],[128.99,32.867],[128.995,32.867],[129.0,32.869],[129.002,32.865],[129.005,32.864],[129.009,32.865],[129.013,32.866],[129.018,32.865],[129.012,32.86],[129.011,32.856],[129.016,32.858],[129.02,32.857],[129.023,32.855],[129.019,32.854],[129.016,32.854],[129.018,32.848],[129.024,32.848],[129.026,32.845],[129.028,32.849],[129.03,32.853],[129.028,32.857],[129.026,32.861],[129.024,32.864],[129.028,32.863],[129.028,32.867],[129.027,32.873],[129.022,32.873],[129.026,32.874],[129.029,32.878],[129.027,32.885],[129.031,32.886],[129.031,32.89],[129.028,32.889],[129.022,32.888],[129.026,32.891],[129.029,32.893],[129.033,32.895],[129.03,32.9],[129.028,32.904],[129.023,32.904],[129.024,32.908],[129.024,32.912],[129.021,32.917],[129.015,32.916],[129.017,32.919],[129.016,32.924],[129.011,32.926],[129.006,32.922],[129.002,32.92],[129.0,32.925],[128.993,32.93],[128.99,32.933]]],[[[128.99,32.966],[128.987,32.961],[128.984,32.959],[128.98,32.961],[128.98,32.956],[128.98,32.952],[128.978,32.949],[128.983,32.945],[128.983,32.948],[128.986,32.952],[128.99,32.953],[128.995,32.952],[128.994,32.956],[128.997,32.962],[128.992,32.963]]],[[[129.025,32.994],[129.021,32.985],[129.025,32.984],[129.025,32.98],[129.024,32.976],[129.027,32.977],[129.026,32.984],[129.024,32.987],[129.027,32.993]]],[[[129.032,33.015],[129.026,33.013],[129.022,33.012],[129.019,33.014],[129.015,33.011],[129.01,33.01],[129.006,33.005],[129.008,33.001],[129.012,33.003],[129.014,33.008],[129.019,33.007],[129.022,33.011],[129.025,33.008],[129.029,33.01],[129.032,33.014]]],[[[129.189,33.02],[129.188,33.016],[129.182,33.014],[129.174,33.015],[129.175,33.012],[129.179,33.007],[129.185,33.009],[129.191,33.007],[129.196,33.008],[129.196,33.011],[129.197,33.014],[129.196,33.018],[129.193,33.018],[129.189,33.02]]],[[[129.113,33.164],[129.11,33.161],[129.107,33.158],[129.108,33.155],[129.107,33.149],[129.104,33.144],[129.1,33.135],[129.097,33.131],[129.099,33.125],[129.095,33.123],[129.096,33.119],[129.1,33.115],[129.104,33.115],[129.102,33.108],[129.098,33.107],[129.099,33.103],[129.105,33.102],[129.109,33.102],[129.108,33.097],[129.106,33.093],[129.108,33.088],[129.106,33.085],[129.102,33.08],[129.097,33.079],[129.089,33.079],[129.086,33.075],[129.084,33.071],[129.084,33.064],[129.082,33.059],[129.077,33.059],[129.076,33.053],[129.081,33.052],[129.082,33.046],[129.085,33.043],[129.08,33.04],[129.08,33.036],[129.083,33.031],[129.085,33.026],[129.089,33.026],[129.086,33.023],[129.083,33.022],[129.076,33.022],[129.07,33.019],[129.07,33.022],[129.068,33.026],[129.069,33.03],[129.067,33.035],[129.066,33.04],[129.067,33.044],[129.064,33.043],[129.058,33.041],[129.055,33.041],[129.052,33.041],[129.054,33.038],[129.05,33.036],[129.046,33.035],[129.046,33.03],[129.042,33.028],[129.042,33.023],[129.042,33.017],[129.043,33.013],[129.043,33.007],[129.041,33.003],[129.045,32.998],[129.05,32.996],[129.046,32.992],[129.042,32.992],[129.044,32.987],[129.047,32.984],[129.051,32.984],[129.056,32.981],[129.06,32.981],[129.057,32.977],[129.052,32.979],[129.053,32.975],[129.051,32.969],[129.051,32.966],[129.049,32.969],[129.049,32.975],[129.04,32.977],[129.036,32.971],[129.033,32.972],[129.033,32.967],[129.031,32.961],[129.027,32.964],[129.025,32.968],[129.024,32.973],[129.019,32.977],[129.016,32.968],[129.014,32.971],[129.014,32.976],[129.01,32.973],[129.006,32.969],[129.002,32.969],[128.998,32.967],[128.998,32.962],[129.003,32.96],[129.0,32.957],[128.998,32.953],[129.001,32.954],[129.005,32.951],[129.002,32.951],[128.998,32.95],[129.001,32.947],[128.997,32.946],[128.993,32.946],[128.996,32.941],[128.999,32.941],[129.003,32.94],[129.007,32.94],[129.013,32.946],[129.014,32.949],[129.016,32.944],[129.017,32.939],[129.014,32.937],[129.018,32.939],[129.021,32.935],[129.026,32.934],[129.026,32.937],[129.03,32.936],[129.034,32.945],[129.036,32.941],[129.038,32.937],[129.041,32.932],[129.038,32.927],[129.032,32.932],[129.03,32.928],[129.031,32.925],[129.027,32.922],[129.027,32.919],[129.034,32.918],[129.036,32.922],[129.038,32.926],[129.041,32.923],[129.051,32.921],[129.048,32.916],[129.052,32.91],[129.061,32.909],[129.063,32.905],[129.065,32.899],[129.061,32.896],[129.06,32.901],[129.059,32.907],[129.052,32.905],[129.053,32.901],[129.049,32.905],[129.044,32.905],[129.046,32.908],[129.042,32.909],[129.042,32.906],[129.039,32.903],[129.043,32.901],[129.039,32.9],[129.04,32.896],[129.043,32.893],[129.048,32.895],[129.052,32.893],[129.05,32.89],[129.054,32.89],[129.055,32.894],[129.057,32.891],[129.056,32.887],[129.059,32.882],[129.056,32.879],[129.052,32.885],[129.049,32.884],[129.043,32.886],[129.051,32.88],[129.047,32.877],[129.043,32.879],[129.042,32.876],[129.042,32.872],[129.046,32.872],[129.046,32.869],[129.048,32.864],[129.044,32.859],[129.047,32.853],[129.045,32.847],[129.045,32.843],[129.046,32.84],[129.05,32.839],[129.05,32.835],[129.046,32.832],[129.05,32.827],[129.05,32.824],[129.044,32.824],[129.048,32.821],[129.057,32.82],[129.059,32.816],[129.063,32.817],[129.066,32.821],[129.066,32.824],[129.066,32.828],[129.069,32.832],[129.068,32.837],[129.065,32.838],[129.061,32.845],[129.057,32.847],[129.062,32.849],[129.066,32.856],[129.066,32.86],[129.071,32.86],[129.075,32.86],[129.086,32.857],[129.094,32.855],[129.096,32.858],[129.1,32.86],[129.098,32.866],[129.098,32.87],[129.094,32.871],[129.097,32.875],[129.094,32.877],[129.094,32.882],[129.087,32.88],[129.086,32.884],[129.09,32.885],[129.092,32.889],[129.087,32.891],[129.088,32.894],[129.083,32.894],[129.085,32.904],[129.09,32.903],[129.094,32.904],[129.094,32.908],[129.09,32.909],[129.093,32.911],[129.096,32.918],[129.092,32.922],[129.086,32.924],[129.092,32.924],[129.095,32.924],[129.1,32.926],[129.103,32.928],[129.107,32.925],[129.109,32.929],[129.106,32.932],[129.111,32.937],[129.111,32.941],[129.107,32.95],[129.102,32.952],[129.101,32.956],[129.102,32.962],[129.105,32.959],[129.103,32.956],[129.109,32.954],[129.11,32.951],[129.113,32.947],[129.116,32.942],[129.118,32.938],[129.124,32.94],[129.128,32.94],[129.131,32.945],[129.133,32.941],[129.137,32.938],[129.142,32.938],[129.143,32.947],[129.145,32.95],[129.148,32.956],[129.155,32.958],[129.159,32.961],[129.162,32.962],[129.167,32.965],[129.17,32.966],[129.171,32.969],[129.177,32.97],[129.182,32.971],[129.182,32.978],[129.181,32.981],[129.18,32.986],[129.177,32.987],[129.175,32.991],[129.178,32.995],[129.174,32.997],[129.177,32.998],[129.182,33.0],[129.179,33.006],[129.176,33.007],[129.172,33.006],[129.171,33.003],[129.167,33.007],[129.163,33.007],[129.16,33.004],[129.158,33.0],[129.153,33.0],[129.149,33.0],[129.144,33.003],[129.141,32.999],[129.137,32.999],[129.133,32.996],[129.132,32.991],[129.128,32.991],[129.124,32.987],[129.12,32.984],[129.118,32.99],[129.115,32.989],[129.111,32.987],[129.114,32.985],[129.111,32.982],[129.107,32.982],[129.106,32.985],[129.102,32.985],[129.102,32.981],[129.098,32.98],[129.095,32.986],[129.092,32.981],[129.089,32.983],[129.088,32.987],[129.092,32.995],[129.096,32.999],[129.096,33.003],[129.093,33.003],[129.094,33.008],[129.091,33.014],[129.089,33.018],[129.095,33.022],[129.098,33.028],[129.097,33.032],[129.093,33.032],[129.093,33.036],[129.098,33.041],[129.1,33.046],[129.105,33.049],[129.102,33.05],[129.098,33.052],[129.1,33.056],[129.104,33.058],[129.106,33.062],[129.112,33.062],[129.109,33.068],[129.111,33.072],[129.11,33.076],[129.114,33.082],[129.113,33.085],[129.117,33.085],[129.117,33.09],[129.119,33.095],[129.121,33.107],[129.118,33.111],[129.116,33.115],[129.112,33.115],[129.109,33.119],[129.104,33.122],[129.107,33.127],[129.109,33.131],[129.111,33.136],[129.114,33.142],[129.111,33.148],[129.116,33.154],[129.118,33.161],[129.113,33.164]]]]}},{"type":"Feature","properties":{"name":"佐世保市","code":"42202"},"geometry":{"type":"MultiPolygon","coordinates":[[[[129.781,33.077],[129.778,33.071],[129.783,33.067],[129.786,33.068],[129.785,33.073],[129.781,33.077]]],[[[129.768,33.143],[129.765,33.139],[129.76,33.137],[129.758,33.131],[129.765,33.132],[129.771,33.129],[129.774,33.126],[129.77,33.126],[129.767,33.126],[129.759,33.128],[129.762,33.122],[129.757,33.12],[129.758,33.116],[129.761,33.115],[129.755,33.114],[129.754,33.119],[129.752,33.124],[129.747,33.125],[129.744,33.122],[129.744,33.116],[129.745,33.112],[129.748,33.112],[129.751,33.109],[129.753,33.104],[129.747,33.101],[129.744,33.1],[129.74,33.101],[129.736,33.101],[129.731,33.103],[129.729,33.1],[129.734,33.094],[129.734,33.09],[129.736,33.087],[129.738,33.083],[129.739,33.08],[129.743,33.077],[129.747,33.081],[129.748,33.076],[129.746,33.073],[129.74,33.072],[129.741,33.068],[129.742,33.065],[129.743,33.062],[129.75,33.063],[129.755,33.063],[129.755,33.059],[129.755,33.055],[129.759,33.054],[129.763,33.054],[129.764,33.05],[129.768,33.05],[129.765,33.053],[129.765,33.058],[129.769,33.061],[129.774,33.06],[129.781,33.061],[129.778,33.066],[129.775,33.066],[129.771,33.066],[129.772,33.073],[129.768,33.074],[129.765,33.074],[129.76,33.079],[129.758,33.082],[129.758,33.088],[129.762,33.089],[129.762,33.094],[129.764,33.097],[129.768,33.1],[129.769,33.097],[129.768,33.094],[129.769,33.091],[129.765,33.089],[129.763,33.083],[129.766,33.08],[129.77,33.079],[129.777,33.078],[129.78,33.078],[129.784,33.078],[129.786,33.083],[129.793,33.083],[129.795,33.086],[129.795,33.091],[129.792,33.096],[129.789,33.1],[129.787,33.104],[129.794,33.111],[129.795,33.119],[129.792,33.127],[129.796,33.132],[129.795,33.136],[129.791,33.138],[129.788,33.138],[129.785,33.14],[129.78,33.142],[129.774,33.141],[129.77,33.142]]],[[[129.544,33.152],[129.541,33.149],[129.536,33.149],[129.53,33.148],[129.524,33.146],[129.519,33.144],[129.515,33.14],[129.512,33.142],[129.504,33.142],[129.507,33.138],[129.513,33.138],[129.518,33.136],[129.521,33.137],[129.525,33.136],[129.529,33.132],[129.534,33.132],[129.538,33.133],[129.54,33.138],[129.545,33.137],[129.55,33.136],[129.551,33.14],[129.551,33.144],[129.547,33.149]]],[[[129.591,33.194],[129.587,33.192],[129.581,33.192],[129.581,33.187],[129.579,33.182],[129.581,33.179],[129.585,33.176],[129.589,33.173],[129.59,33.169],[129.587,33.168],[129.582,33.163],[129.586,33.162],[129.591,33.163],[129.592,33.171],[129.594,33.175],[129.592,33.18],[129.588,33.18],[129.586,33.185],[129.587,33.189],[129.592,33.188],[129.591,33.184],[129.595,33.185],[129.594,33.189],[129.591,33.193]]],[[[129.611,33.198],[129.611,33.193],[129.609,33.19],[129.613,33.189],[129.611,33.194],[129.611,33.198]]],[[[129.067,33.263],[129.058,33.257],[129.06,33.25],[129.062,33.247],[129.065,33.248],[129.069,33.244],[129.072,33.245],[129.075,33.248],[129.075,33.251],[129.073,33.255],[129.067,33.254],[129.064,33.251],[129.064,33.255],[129.062,33.259],[129.067,33.263]]],[[[129.129,33.302],[129.124,33.301],[129.124,33.298],[129.125,33.295],[129.119,33.292],[129.114,33.288],[129.111,33.288],[129.108,33.29],[129.104,33.287],[129.097,33.286],[129.093,33.288],[129.088,33.285],[129.085,33.281],[129.083,33.278],[129.08,33.277],[129.076,33.273],[129.072,33.272],[129.073,33.268],[129.076,33.265],[129.073,33.26],[129.078,33.262],[129.082,33.265],[129.085,33.264],[129.088,33.26],[129.093,33.259],[129.092,33.255],[129.094,33.252],[129.1,33.249],[129.104,33.249],[129.108,33.249],[129.116,33.247],[129.12,33.247],[129.123,33.246],[129.126,33.247],[129.13,33.249],[129.133,33.253],[129.129,33.256],[129.13,33.261],[129.138,33.262],[129.142,33.265],[129.146,33.268],[129.149,33.269],[129.154,33.269],[129.155,33.273],[129.149,33.275],[129.145,33.276],[129.14,33.279],[129.142,33.283],[129.14,33.289],[129.137,33.293],[129.139,33.298],[129.135,33.297],[129.136,33.301],[129.132,33.301],[129.129,33.302]]],[[[129.778,33.27],[129.775,33.267],[129.77,33.269],[129.767,33.269],[129.761,33.275],[129.757,33.277],[129.749,33.277],[129.744,33.275],[129.739,33.278],[129.735,33.279],[129.73,33.283],[129.724,33.285],[129.719,33.286],[129.716,33.288],[129.714,33.293],[129.716,33.301],[129.708,33.302],[129.709,33.307],[129.704,33.311],[129.699,33.311],[129.696,33.31],[129.692,33.31],[129.687,33.31],[129.683,33.311],[129.679,33.311],[129.676,33.308],[129.673,33.308],[129.667,33.311],[129.667,33.316],[129.664,33.322],[129.659,33.32],[129.656,33.323],[129.651,33.327],[129.645,33.333],[129.641,33.334],[129.638,33.339],[129.631,33.343],[129.631,33.339],[129.631,33.335],[129.625,33.337],[129.62,33.333],[129.623,33.329],[129.623,33.326],[129.616,33.325],[129.611,33.326],[129.607,33.324],[129.607,33.319],[129.606,33.316],[129.61,33.313],[129.615,33.311],[129.62,33.31],[129.616,33.308],[129.607,33.312],[129.602,33.308],[129.597,33.303],[129.595,33.298],[129.591,33.295],[129.59,33.291],[129.588,33.295],[129.585,33.292],[129.587,33.288],[129.589,33.285],[129.586,33.28],[129.591,33.276],[129.589,33.272],[129.585,33.271],[129.582,33.271],[129.58,33.266],[129.577,33.273],[129.577,33.277],[129.579,33.28],[129.575,33.277],[129.572,33.274],[129.574,33.27],[129.569,33.268],[129.571,33.265],[129.568,33.262],[129.565,33.256],[129.567,33.253],[129.566,33.248],[129.56,33.248],[129.557,33.244],[129.562,33.24],[129.566,33.245],[129.567,33.241],[129.567,33.238],[129.567,33.232],[129.565,33.227],[129.561,33.227],[129.556,33.224],[129.556,33.22],[129.553,33.218],[129.559,33.214],[129.562,33.216],[129.567,33.218],[129.571,33.218],[129.577,33.216],[129.58,33.217],[129.584,33.216],[129.583,33.213],[129.587,33.212],[129.593,33.213],[129.596,33.209],[129.6,33.212],[129.602,33.218],[129.605,33.221],[129.611,33.223],[129.615,33.224],[129.608,33.222],[129.607,33.219],[129.606,33.214],[129.601,33.21],[129.603,33.205],[129.607,33.205],[129.61,33.207],[129.614,33.203],[129.617,33.204],[129.618,33.209],[129.62,33.212],[129.62,33.209],[129.622,33.205],[129.62,33.2],[129.619,33.195],[129.623,33.192],[129.626,33.19],[129.629,33.193],[129.634,33.196],[129.636,33.2],[129.639,33.2],[129.637,33.204],[129.64,33.208],[129.639,33.212],[129.639,33.215],[129.635,33.224],[129.638,33.228],[129.636,33.233],[129.632,33.237],[129.632,33.241],[129.628,33.243],[129.624,33.246],[129.623,33.249],[129.623,33.253],[129.625,33.258],[129.626,33.262],[129.628,33.268],[129.633,33.272],[129.641,33.269],[129.643,33.273],[129.647,33.277],[129.651,33.279],[129.656,33.277],[129.66,33.276],[129.663,33.274],[129.669,33.272],[129.674,33.267],[129.68,33.266],[129.685,33.263],[129.685,33.259],[129.689,33.255],[129.684,33.252],[129.683,33.248],[129.681,33.244],[129.685,33.241],[129.689,33.236],[129.691,33.233],[129.69,33.229],[129.685,33.226],[129.679,33.222],[129.675,33.223],[129.671,33.218],[129.667,33.215],[129.664,33.212],[129.66,33.212],[129.655,33.21],[129.65,33.208],[129.644,33.203],[129.645,33.199],[129.645,33.196],[129.648,33.194],[129.651,33.196],[129.656,33.192],[129.653,33.192],[129.653,33.189],[129.655,33.184],[129.65,33.181],[129.647,33.181],[129.643,33.179],[129.643,33.175],[129.639,33.175],[129.638,33.172],[129.636,33.168],[129.64,33.168],[129.645,33.171],[129.651,33.174],[129.662,33.171],[129.66,33.168],[129.667,33.165],[129.671,33.167],[129.674,33.166],[129.678,33.164],[129.678,33.161],[129.678,33.154],[129.681,33.152],[129.681,33.149],[129.685,33.144],[129.69,33.143],[129.696,33.141],[129.698,33.138],[129.692,33.137],[129.688,33.136],[129.684,33.138],[129.684,33.134],[129.68,33.133],[129.68,33.127],[129.675,33.128],[129.672,33.128],[129.667,33.126],[129.663,33.127],[129.663,33.13],[129.659,33.132],[129.661,33.125],[129.658,33.122],[129.659,33.116],[129.661,33.112],[129.665,33.111],[129.666,33.105],[129.667,33.101],[129.672,33.106],[129.674,33.111],[129.672,33.117],[129.676,33.12],[129.678,33.116],[129.69,33.115],[129.695,33.115],[129.698,33.113],[129.703,33.115],[129.709,33.115],[129.712,33.118],[129.708,33.119],[129.7,33.124],[129.704,33.125],[129.708,33.123],[129.71,33.128],[129.71,33.132],[129.709,33.138],[129.706,33.141],[129.702,33.143],[129.706,33.144],[129.706,33.147],[129.706,33.153],[129.705,33.156],[129.702,33.159],[129.699,33.16],[129.702,33.163],[129.71,33.165],[129.711,33.162],[129.715,33.161],[129.713,33.165],[129.717,33.167],[129.718,33.162],[129.724,33.164],[129.726,33.16],[129.729,33.159],[129.729,33.155],[129.724,33.155],[129.721,33.154],[129.722,33.146],[129.728,33.15],[129.729,33.146],[129.723,33.144],[129.72,33.139],[129.724,33.137],[129.727,33.136],[129.728,33.133],[129.728,33.129],[129.731,33.126],[129.735,33.126],[129.734,33.129],[129.731,33.132],[129.732,33.137],[129.735,33.14],[129.735,33.136],[129.74,33.132],[129.743,33.135],[129.747,33.136],[129.746,33.14],[129.748,33.144],[129.752,33.145],[129.756,33.142],[129.76,33.14],[129.761,33.144],[129.767,33.145],[129.771,33.143],[129.774,33.143],[129.78,33.144],[129.785,33.143],[129.788,33.139],[129.792,33.139],[129.798,33.134],[129.794,33.125],[129.797,33.115],[129.796,33.111],[129.791,33.108],[129.789,33.105],[129.789,33.101],[129.796,33.092],[129.797,33.087],[129.796,33.082],[129.799,33.08],[129.805,33.075],[129.8,33.074],[129.804,33.072],[129.803,33.068],[129.809,33.07],[129.814,33.072],[129.818,33.074],[129.82,33.077],[129.825,33.076],[129.83,33.074],[129.834,33.076],[129.837,33.077],[129.84,33.082],[129.842,33.087],[129.847,33.091],[129.845,33.094],[129.843,33.1],[129.846,33.101],[129.846,33.104],[129.843,33.112],[129.845,33.117],[129.846,33.124],[129.848,33.127],[129.85,33.133],[129.849,33.138],[129.85,33.144],[129.854,33.146],[129.856,33.152],[129.86,33.156],[129.864,33.156],[129.868,33.158],[129.869,33.162],[129.873,33.165],[129.869,33.169],[129.865,33.17],[129.858,33.171],[129.853,33.176],[129.848,33.178],[129.843,33.177],[129.837,33.174],[129.83,33.177],[129.826,33.18],[129.821,33.182],[129.817,33.185],[129.816,33.189],[129.817,33.192],[129.817,33.198],[129.81,33.202],[129.808,33.207],[129.807,33.211],[129.808,33.215],[129.81,33.219],[129.813,33.221],[129.81,33.227],[129.81,33.23],[129.814,33.237],[129.814,33.243],[129.81,33.243],[129.803,33.25],[129.798,33.253],[129.791,33.257],[129.784,33.264],[129.78,33.267]]]]}},{"type":"Feature","properties":{"name":"南島原市","code":"42214"},"geometry":{"type":"MultiPolygon","coordinates":[[[[130.373,32.738],[130.369,32.739],[130.366,32.741],[130.36,32.745],[130.356,32.742],[130.351,32.743],[130.349,32.747],[130.343,32.748],[130.337,32.747],[130.329,32.748],[130.322,32.747],[130.316,32.746],[130.309,32.746],[130.306,32.748],[130.3,32.747],[130.29,32.748],[130.286,32.75],[130.285,32.746],[130.287,32.739],[130.284,32.74],[130.28,32.737],[130.277,32.733],[130.272,32.73],[130.272,32.724],[130.262,32.724],[130.257,32.724],[130.252,32.724],[130.248,32.72],[130.248,32.713],[130.248,32.71],[130.243,32.705],[130.237,32.702],[130.231,32.698],[130.227,32.696],[130.222,32.691],[130.21,32.687],[130.205,32.684],[130.202,32.683],[130.199,32.68],[130.194,32.677],[130.187,32.672],[130.182,32.671],[130.179,32.666],[130.173,32.662],[130.164,32.663],[130.159,32.662],[130.153,32.66],[130.15,32.659],[130.145,32.658],[130.136,32.657],[130.129,32.656],[130.128,32.651],[130.129,32.647],[130.13,32.641],[130.134,32.637],[130.138,32.636],[130.143,32.636],[130.149,32.633],[130.154,32.627],[130.154,32.624],[130.157,32.624],[130.162,32.627],[130.166,32.623],[130.17,32.619],[130.171,32.613],[130.175,32.607],[130.174,32.603],[130.17,32.601],[130.166,32.598],[130.167,32.594],[130.177,32.594],[130.181,32.593],[130.184,32.596],[130.188,32.598],[130.193,32.599],[130.196,32.6],[130.195,32.604],[130.19,32.605],[130.186,32.608],[130.188,32.612],[130.195,32.609],[130.199,32.608],[130.204,32.604],[130.208,32.604],[130.211,32.606],[130.218,32.605],[130.223,32.608],[130.226,32.61],[130.23,32.611],[130.231,32.616],[130.234,32.619],[130.238,32.627],[130.245,32.629],[130.248,32.626],[130.252,32.627],[130.255,32.629],[130.259,32.633],[130.258,32.637],[130.259,32.642],[130.266,32.647],[130.259,32.651],[130.265,32.652],[130.273,32.654],[130.277,32.654],[130.283,32.653],[130.286,32.652],[130.29,32.653],[130.296,32.652],[130.3,32.651],[130.305,32.654],[130.31,32.656],[130.315,32.657],[130.319,32.659],[130.322,32.665],[130.326,32.665],[130.333,32.668],[130.337,32.667],[130.343,32.668],[130.342,32.672],[130.345,32.672],[130.348,32.674],[130.351,32.68],[130.354,32.683],[130.354,32.688],[130.358,32.691],[130.358,32.695],[130.352,32.698],[130.349,32.701],[130.346,32.708],[130.35,32.711],[130.351,32.715],[130.357,32.719],[130.365,32.727],[130.37,32.735],[130.373,32.738]]]]}},{"type":"Feature","properties":{"name":"西彼杵郡長与町","code":"42307"},"geometry":{"type":"MultiPolygon","coordinates":[[[[129.924,32.821],[129.921,32.826],[129.918,32.83],[129.916,32.833],[129.91,32.837],[129.907,32.84],[129.902,32.843],[129.899,32.844],[129.895,32.852],[129.893,32.856],[129.89,32.86],[129.889,32.863],[129.885,32.869],[129.89,32.871],[129.889,32.874],[129.886,32.874],[129.883,32.877],[129.882,32.882],[129.879,32.88],[129.879,32.874],[129.881,32.869],[129.88,32.866],[129.87,32.861],[129.873,32.857],[129.872,32.853],[129.867,32.851],[129.867,32.846],[129.864,32.847],[129.859,32.846],[129.856,32.853],[129.854,32.857],[129.852,32.861],[129.853,32.856],[129.853,32.851],[129.855,32.848],[129.861,32.841],[129.867,32.838],[129.868,32.834],[129.868,32.828],[129.863,32.824],[129.86,32.823],[129.856,32.822],[129.855,32.818],[129.851,32.816],[129.846,32.812],[129.848,32.809],[129.852,32.807],[129.855,32.802],[129.858,32.799],[129.862,32.8],[129.867,32.808],[129.87,32.806],[129.867,32.802],[129.867,32.798],[129.87,32.8],[129.87,32.803],[129.873,32.804],[129.877,32.806],[129.881,32.808],[129.882,32.805],[129.888,32.806],[129.891,32.81],[129.897,32.81],[129.904,32.809],[129.909,32.81],[129.912,32.811],[129.917,32.814],[129.922,32.819]]]]}},{"type":"Feature","properties":{"name":"西彼杵郡時津町","code":"42308"},"geometry":{"type":"MultiPolygon","coordinates":[[[[129.846,32.812],[129.85,32.814],[129.853,32.818],[129.856,32.822],[129.86,32.823],[129.863,32.824],[129.866,32.828],[129.867,32.832],[129.867,32.838],[129.862,32.839],[129.856,32.845],[129.854,32.849],[129.854,32.854],[129.852,32.858],[129.851,32.851],[129.852,32.847],[129.852,32.843],[129.849,32.842],[129.847,32.836],[129.85,32.832],[129.845,32.836],[129.841,32.841],[129.844,32.843],[129.825,32.855],[129.821,32.86],[129.816,32.86],[129.812,32.865],[129.807,32.864],[129.8,32.864],[129.8,32.867],[129.797,32.87],[129.795,32.866],[129.791,32.863],[129.794,32.859],[129.797,32.855],[129.8,32.854],[129.8,32.85],[129.801,32.846],[129.807,32.839],[129.813,32.836],[129.814,32.831],[129.821,32.826],[129.819,32.82],[129.818,32.815],[129.821,32.815],[129.826,32.816],[129.832,32.817],[129.84,32.817],[129.84,32.813],[129.839,32.81],[129.842,32.811],[129.846,32.812]]],[[[129.805,32.873],[129.805,32.869],[129.808,32.866],[129.813,32.869],[129.809,32.87],[129.805,32.873]]]]}},{"type":"Feature","properties":{"name":"東彼杵郡東彼杵町","code":"42321"},"geometry":{"type":"MultiPolygon","coordinates":[[[[130.043,33.004],[130.04,33.007],[130.034,33.009],[130.028,33.012],[130.029,33.016],[130.027,33.02],[130.024,33.021],[130.018,33.019],[130.015,33.017],[130.011,33.02],[130.006,33.025],[130.001,33.026],[129.999,33.029],[129.997,33.035],[129.993,33.039],[129.996,33.045],[129.994,33.048],[129.991,33.051],[129.987,33.053],[129.983,33.057],[129.978,33.057],[129.975,33.059],[129.969,33.063],[129.964,33.064],[129.958,33.066],[129.955,33.066],[129.95,33.068],[129.947,33.07],[129.943,33.072],[129.939,33.074],[129.94,33.078],[129.935,33.081],[129.934,33.085],[129.933,33.088],[129.928,33.09],[129.922,33.09],[129.924,33.087],[129.921,33.08],[129.916,33.077],[129.912,33.075],[129.906,33.075],[129.901,33.075],[129.892,33.078],[129.889,33.077],[129.884,33.076],[129.879,33.074],[129.881,33.071],[129.877,33.068],[129.877,33.064],[129.887,33.059],[129.893,33.057],[129.897,33.052],[129.902,33.048],[129.904,33.039],[129.911,33.038],[129.916,33.034],[129.921,33.034],[129.924,33.033],[129.927,33.03],[129.932,33.027],[129.936,33.022],[129.944,33.016],[129.944,33.011],[129.944,33.007],[129.947,33.003],[129.944,32.999],[129.948,32.996],[129.948,32.991],[129.954,32.991],[129.958,32.992],[129.96,32.989],[129.964,32.983],[129.97,32.985],[129.974,32.986],[129.981,32.987],[129.985,32.987],[129.99,32.991],[129.993,32.995],[129.998,32.995],[130.002,32.995],[130.006,32.996],[130.01,32.998],[130.015,32.995],[130.016,32.991],[130.023,32.994],[130.025,32.998],[130.03,32.999],[130.035,33.0],[130.038,33.001],[130.043,33.004]]]]}},{"type":"Feature","properties":{"name":"島原市","code":"42203"},"geometry":{"type":"MultiPolygon","coordinates":[[[[130.373,32.738],[130.377,32.74],[130.377,32.747],[130.374,32.749],[130.374,32.755],[130.372,32.76],[130.371,32.764],[130.375,32.768],[130.374,32.773],[130.377,32.777],[130.378,32.781],[130.375,32.786],[130.376,32.791],[130.37,32.796],[130.368,32.8],[130.366,32.804],[130.365,32.807],[130.363,32.81],[130.361,32.816],[130.357,32.817],[130.355,32.824],[130.352,32.827],[130.35,32.832],[130.346,32.84],[130.345,32.844],[130.344,32.848],[130.341,32.851],[130.341,32.855],[130.335,32.859],[130.329,32.862],[130.322,32.866],[130.315,32.865],[130.312,32.86],[130.308,32.856],[130.305,32.851],[130.303,32.847],[130.301,32.84],[130.303,32.835],[130.302,32.83],[130.301,32.827],[130.3,32.822],[130.299,32.818],[130.298,32.815],[130.297,32.811],[130.293,32.803],[130.29,32.794],[130.285,32.791],[130.285,32.784],[130.28,32.783],[130.277,32.784],[130.273,32.774],[130.273,32.767],[130.278,32.765],[130.281,32.765],[130.287,32.762],[130.294,32.765],[130.296,32.762],[130.302,32.762],[130.307,32.762],[130.31,32.764],[130.309,32.759],[130.309,32.755],[130.299,32.754],[130.295,32.754],[130.292,32.753],[130.288,32.753],[130.29,32.748],[130.3,32.747],[130.306,32.748],[130.309,32.746],[130.314,32.747],[130.321,32.746],[130.326,32.747],[130.337,32.747],[130.343,32.748],[130.347,32.748],[130.351,32.745],[130.356,32.742],[130.357,32.746],[130.366,32.741],[130.369,32.739],[130.373,32.738]]]]}},{"type":"Feature","properties":{"name":"諫早市","code":"42204"},"geometry":{"type":"MultiPolygon","coordinates":[[[[129.988,32.759],[129.991,32.754],[129.994,32.756],[129.996,32.76],[129.999,32.762],[130.002,32.761],[130.005,32.758],[130.01,32.758],[130.02,32.76],[130.024,32.758],[130.03,32.762],[130.032,32.766],[130.041,32.767],[130.045,32.771],[130.05,32.776],[130.054,32.779],[130.059,32.781],[130.066,32.786],[130.074,32.789],[130.078,32.79],[130.082,32.792],[130.087,32.795],[130.092,32.794],[130.098,32.793],[130.104,32.793],[130.113,32.79],[130.121,32.789],[130.124,32.788],[130.131,32.788],[130.135,32.79],[130.142,32.794],[130.143,32.798],[130.14,32.797],[130.141,32.801],[130.138,32.805],[130.137,32.81],[130.144,32.81],[130.147,32.812],[130.15,32.819],[130.153,32.823],[130.156,32.826],[130.158,32.841],[130.154,32.841],[130.148,32.845],[130.174,32.87],[130.155,32.894],[130.153,32.899],[130.156,32.901],[130.156,32.906],[130.162,32.906],[130.168,32.912],[130.169,32.916],[130.173,32.916],[130.178,32.914],[130.183,32.916],[130.187,32.914],[130.189,32.919],[130.187,32.925],[130.192,32.927],[130.197,32.929],[130.202,32.929],[130.203,32.932],[130.202,32.936],[130.203,32.941],[130.201,32.944],[130.201,32.95],[130.204,32.955],[130.201,32.959],[130.193,32.959],[130.187,32.959],[130.178,32.96],[130.173,32.962],[130.168,32.961],[130.162,32.961],[130.155,32.963],[130.15,32.963],[130.147,32.969],[130.143,32.971],[130.139,32.969],[130.131,32.968],[130.127,32.969],[130.123,32.971],[130.119,32.97],[130.116,32.971],[130.109,32.972],[130.105,32.973],[130.1,32.974],[130.095,32.975],[130.089,32.974],[130.085,32.973],[130.081,32.969],[130.078,32.967],[130.077,32.961],[130.075,32.958],[130.072,32.956],[130.068,32.955],[130.064,32.953],[130.058,32.957],[130.053,32.956],[130.049,32.955],[130.043,32.957],[130.038,32.953],[130.036,32.949],[130.032,32.946],[130.028,32.943],[130.021,32.941],[130.021,32.937],[130.018,32.932],[130.018,32.926],[130.016,32.922],[130.017,32.917],[130.015,32.911],[130.014,32.906],[130.013,32.895],[130.011,32.891],[130.01,32.888],[130.01,32.884],[130.012,32.878],[130.012,32.874],[130.015,32.87],[130.014,32.867],[130.014,32.863],[130.013,32.86],[130.015,32.854],[130.014,32.85],[130.01,32.848],[130.005,32.845],[130.005,32.84],[130.001,32.841],[129.998,32.84],[129.994,32.84],[129.986,32.842],[129.986,32.837],[129.984,32.841],[129.981,32.84],[129.977,32.839],[129.979,32.844],[129.975,32.847],[129.973,32.85],[129.966,32.847],[129.96,32.846],[129.956,32.848],[129.958,32.854],[129.954,32.857],[129.95,32.861],[129.942,32.862],[129.937,32.86],[129.934,32.858],[129.93,32.859],[129.93,32.864],[129.926,32.866],[129.923,32.865],[129.918,32.869],[129.912,32.866],[129.91,32.871],[129.905,32.872],[129.904,32.878],[129.9,32.879],[129.895,32.874],[129.894,32.868],[129.89,32.871],[129.887,32.871],[129.887,32.866],[129.89,32.86],[129.89,32.857],[129.894,32.854],[129.898,32.847],[129.902,32.843],[129.906,32.842],[129.91,32.839],[129.913,32.834],[129.918,32.83],[129.921,32.828],[129.923,32.824],[129.931,32.82],[129.935,32.816],[129.939,32.817],[129.945,32.819],[129.95,32.819],[129.955,32.816],[129.957,32.812],[129.962,32.81],[129.969,32.813],[129.974,32.817],[129.978,32.817],[129.98,32.811],[129.985,32.808],[129.993,32.807],[129.993,32.804],[129.989,32.799],[129.989,32.795],[129.99,32.787],[129.991,32.784],[129.993,32.779],[129.988,32.775],[129.987,32.772],[129.99,32.767],[129.991,32.763],[129.988,32.759]]]]}},{"type":"Feature","properties":{"name":"大村市","code":"42205"},"geometry":{"type":"MultiPolygon","coordinates":[[[[129.902,32.929],[129.907,32.921],[129.906,32.916],[129.911,32.912],[129.913,32.908],[129.918,32.904],[129.921,32.907],[129.927,32.908],[129.924,32.911],[129.917,32.921],[129.904,32.929]]],[[[129.949,32.991],[129.95,32.985],[129.946,32.983],[129.945,32.978],[129.942,32.975],[129.939,32.974],[129.934,32.973],[129.938,32.97],[129.932,32.972],[129.928,32.969],[129.932,32.966],[129.929,32.959],[129.931,32.95],[129.929,32.945],[129.929,32.941],[129.929,32.936],[129.93,32.931],[129.93,32.926],[129.935,32.921],[129.941,32.916],[129.946,32.912],[129.949,32.909],[129.954,32.905],[129.95,32.901],[129.953,32.899],[129.95,32.895],[129.955,32.896],[129.957,32.892],[129.963,32.891],[129.969,32.891],[129.972,32.886],[129.967,32.885],[129.964,32.882],[129.964,32.878],[129.965,32.873],[129.969,32.871],[129.972,32.872],[129.975,32.869],[129.978,32.868],[129.982,32.864],[129.988,32.859],[129.991,32.858],[129.994,32.853],[129.994,32.849],[130.001,32.848],[130.004,32.844],[130.009,32.847],[130.014,32.85],[130.015,32.854],[130.013,32.857],[130.014,32.863],[130.014,32.867],[130.015,32.87],[130.012,32.874],[130.012,32.878],[130.009,32.881],[130.01,32.888],[130.011,32.891],[130.013,32.895],[130.014,32.905],[130.015,32.911],[130.016,32.916],[130.016,32.922],[130.018,32.926],[130.018,32.932],[130.021,32.937],[130.021,32.941],[130.028,32.943],[130.032,32.946],[130.036,32.949],[130.038,32.953],[130.041,32.956],[130.049,32.955],[130.053,32.956],[130.058,32.957],[130.063,32.955],[130.067,32.955],[130.07,32.957],[130.075,32.958],[130.077,32.961],[130.078,32.967],[130.081,32.969],[130.085,32.97],[130.087,32.975],[130.086,32.979],[130.083,32.981],[130.077,32.985],[130.073,32.988],[130.069,32.986],[130.065,32.987],[130.061,32.986],[130.058,32.988],[130.054,32.992],[130.049,32.998],[130.047,33.002],[130.043,33.004],[130.039,33.004],[130.035,33.0],[130.03,32.999],[130.025,32.998],[130.023,32.994],[130.017,32.994],[130.012,32.997],[130.006,32.996],[130.002,32.995],[129.998,32.995],[129.993,32.995],[129.99,32.991],[129.985,32.987],[129.981,32.987],[129.974,32.986],[129.97,32.985],[129.966,32.983],[129.961,32.986],[129.959,32.991],[129.954,32.991],[129.95,32.99]]]]}},{"type":"Feature","properties":{"name":"平戸市","code":"42207"},"geometry":{"type":"MultiPolygon","coordinates":[[[[129.631,33.343],[129.629,33.347],[129.632,33.351],[129.632,33.354],[129.63,33.357],[129.631,33.361],[129.627,33.363],[129.623,33.364],[129.622,33.367],[129.618,33.37],[129.615,33.373],[129.612,33.374],[129.609,33.371],[129.606,33.369],[129.602,33.373],[129.599,33.374],[129.595,33.37],[129.591,33.375],[129.597,33.379],[129.593,33.381],[129.588,33.378],[129.585,33.379],[129.58,33.378],[129.576,33.379],[129.574,33.376],[129.57,33.376],[129.569,33.371],[129.573,33.368],[129.575,33.364],[129.576,33.36],[129.575,33.356],[129.575,33.351],[129.572,33.346],[129.573,33.342],[129.572,33.337],[129.576,33.334],[129.575,33.33],[129.568,33.331],[129.563,33.333],[129.562,33.325],[129.565,33.322],[129.573,33.314],[129.577,33.313],[129.575,33.309],[129.579,33.307],[129.581,33.311],[129.585,33.307],[129.592,33.304],[129.595,33.309],[129.599,33.312],[129.603,33.312],[129.608,33.315],[129.607,33.319],[129.607,33.324],[129.611,33.326],[129.616,33.325],[129.62,33.328],[129.624,33.327],[129.621,33.331],[129.623,33.334],[129.628,33.337],[129.633,33.338],[129.63,33.342]]],[[[129.555,33.41],[129.551,33.408],[129.547,33.409],[129.543,33.409],[129.538,33.406],[129.535,33.402],[129.532,33.403],[129.524,33.407],[129.52,33.401],[129.523,33.397],[129.527,33.397],[129.526,33.392],[129.522,33.392],[129.518,33.391],[129.522,33.387],[129.525,33.387],[129.531,33.388],[129.535,33.388],[129.545,33.39],[129.55,33.388],[129.55,33.384],[129.552,33.381],[129.547,33.377],[129.542,33.376],[129.539,33.375],[129.53,33.376],[129.525,33.38],[129.526,33.376],[129.529,33.373],[129.532,33.369],[129.53,33.365],[129.525,33.363],[129.523,33.357],[129.523,33.354],[129.517,33.354],[129.514,33.358],[129.518,33.365],[129.518,33.368],[129.518,33.374],[129.521,33.375],[129.518,33.379],[129.514,33.381],[129.511,33.381],[129.508,33.379],[129.506,33.373],[129.506,33.37],[129.506,33.367],[129.504,33.362],[129.502,33.357],[129.498,33.355],[129.495,33.356],[129.488,33.356],[129.484,33.356],[129.479,33.354],[129.478,33.351],[129.474,33.351],[129.469,33.354],[129.461,33.352],[129.457,33.35],[129.454,33.349],[129.444,33.35],[129.437,33.347],[129.442,33.342],[129.442,33.339],[129.442,33.335],[129.443,33.331],[129.443,33.328],[129.442,33.324],[129.437,33.324],[129.437,33.318],[129.433,33.314],[129.437,33.31],[129.438,33.307],[129.44,33.299],[129.447,33.297],[129.444,33.294],[129.446,33.291],[129.443,33.289],[129.439,33.292],[129.433,33.291],[129.428,33.29],[129.423,33.289],[129.422,33.286],[129.426,33.285],[129.423,33.281],[129.417,33.278],[129.414,33.276],[129.409,33.277],[129.404,33.272],[129.408,33.268],[129.404,33.265],[129.408,33.262],[129.412,33.261],[129.411,33.256],[129.407,33.256],[129.408,33.253],[129.411,33.25],[129.415,33.25],[129.42,33.247],[129.424,33.247],[129.427,33.245],[129.423,33.242],[129.427,33.24],[129.432,33.239],[129.436,33.238],[129.43,33.234],[129.426,33.235],[129.423,33.239],[129.422,33.235],[129.424,33.23],[129.424,33.226],[129.422,33.23],[129.418,33.232],[129.412,33.236],[129.408,33.24],[129.405,33.238],[129.399,33.24],[129.396,33.239],[129.394,33.234],[129.39,33.23],[129.385,33.23],[129.382,33.227],[129.38,33.224],[129.38,33.217],[129.381,33.211],[129.38,33.208],[129.388,33.201],[129.393,33.2],[129.393,33.197],[129.4,33.199],[129.406,33.198],[129.406,33.193],[129.403,33.192],[129.404,33.187],[129.4,33.183],[129.399,33.18],[129.396,33.183],[129.39,33.187],[129.387,33.184],[129.384,33.187],[129.379,33.186],[129.373,33.185],[129.373,33.19],[129.369,33.189],[129.368,33.193],[129.364,33.199],[129.363,33.203],[129.36,33.204],[129.357,33.204],[129.357,33.207],[129.353,33.204],[129.352,33.201],[129.356,33.198],[129.355,33.194],[129.359,33.192],[129.354,33.187],[129.351,33.183],[129.355,33.179],[129.361,33.178],[129.365,33.175],[129.369,33.172],[129.373,33.17],[129.379,33.171],[129.384,33.171],[129.387,33.172],[129.394,33.174],[129.398,33.175],[129.403,33.179],[129.412,33.182],[129.42,33.184],[129.423,33.188],[129.429,33.189],[129.434,33.191],[129.437,33.193],[129.442,33.197],[129.444,33.201],[129.447,33.206],[129.45,33.208],[129.452,33.213],[129.457,33.215],[129.464,33.214],[129.467,33.218],[129.469,33.224],[129.472,33.227],[129.475,33.231],[129.477,33.235],[129.482,33.239],[129.487,33.246],[129.488,33.251],[129.494,33.252],[129.499,33.258],[129.502,33.263],[129.502,33.266],[129.505,33.269],[129.501,33.273],[129.498,33.277],[129.493,33.279],[129.489,33.279],[129.485,33.284],[129.489,33.288],[129.493,33.289],[129.492,33.285],[129.497,33.283],[129.501,33.286],[129.504,33.285],[129.507,33.287],[129.512,33.29],[129.506,33.293],[129.504,33.3],[129.508,33.303],[129.512,33.301],[129.518,33.304],[129.524,33.303],[129.529,33.306],[129.532,33.31],[129.532,33.314],[129.526,33.314],[129.522,33.321],[129.516,33.324],[129.514,33.33],[129.518,33.33],[129.521,33.326],[129.524,33.328],[129.532,33.332],[129.537,33.333],[129.542,33.331],[129.545,33.332],[129.541,33.336],[129.546,33.34],[129.545,33.347],[129.549,33.35],[129.553,33.351],[129.558,33.354],[129.566,33.355],[129.568,33.358],[129.563,33.363],[129.558,33.366],[129.558,33.371],[129.553,33.369],[129.558,33.373],[129.558,33.377],[129.562,33.379],[129.563,33.382],[129.559,33.383],[129.558,33.388],[129.555,33.389],[129.56,33.39],[129.561,33.394],[129.556,33.397],[129.559,33.402],[129.555,33.406],[129.555,33.41]]],[[[129.435,33.441],[129.43,33.44],[129.428,33.437],[129.424,33.434],[129.421,33.432],[129.421,33.428],[129.424,33.421],[129.423,33.418],[129.422,33.412],[129.422,33.408],[129.42,33.405],[129.415,33.402],[129.412,33.398],[129.413,33.391],[129.412,33.388],[129.409,33.375],[129.407,33.371],[129.404,33.365],[129.398,33.362],[129.398,33.359],[129.408,33.356],[129.412,33.354],[129.42,33.351],[129.426,33.353],[129.431,33.355],[129.435,33.355],[129.432,33.361],[129.436,33.363],[129.435,33.368],[129.433,33.373],[129.43,33.379],[129.431,33.385],[129.433,33.388],[129.436,33.394],[129.435,33.399],[129.435,33.404],[129.43,33.407],[129.433,33.419],[129.43,33.42],[129.429,33.425],[129.434,33.429],[129.437,33.432],[129.433,33.434],[129.433,33.437],[129.435,33.441]]],[[[129.531,33.454],[129.527,33.453],[129.527,33.448],[129.524,33.444],[129.521,33.44],[129.517,33.439],[129.512,33.438],[129.507,33.435],[129.505,33.428],[129.507,33.424],[129.514,33.426],[129.513,33.431],[129.517,33.432],[129.521,33.434],[129.526,33.436],[129.531,33.436],[129.535,33.437],[129.535,33.44],[129.539,33.442],[129.544,33.442],[129.54,33.446],[129.533,33.448],[129.531,33.454]]],[[[129.556,33.511],[129.552,33.51],[129.548,33.508],[129.543,33.505],[129.539,33.504],[129.535,33.502],[129.531,33.501],[129.528,33.499],[129.527,33.496],[129.521,33.492],[129.518,33.489],[129.509,33.483],[129.504,33.48],[129.502,33.477],[129.498,33.473],[129.503,33.471],[129.507,33.474],[129.511,33.473],[129.518,33.472],[129.518,33.475],[129.513,33.479],[129.518,33.48],[129.518,33.484],[129.524,33.482],[129.527,33.485],[129.533,33.48],[129.534,33.476],[129.541,33.474],[129.549,33.471],[129.554,33.469],[129.554,33.475],[129.558,33.475],[129.562,33.473],[129.565,33.478],[129.569,33.479],[129.573,33.481],[129.576,33.487],[129.58,33.493],[129.584,33.496],[129.58,33.497],[129.575,33.496],[129.571,33.498],[129.567,33.501],[129.568,33.497],[129.565,33.495],[129.565,33.49],[129.561,33.488],[129.554,33.489],[129.554,33.495],[129.554,33.499],[129.556,33.504],[129.555,33.508]]]]}},{"type":"Feature","properties":{"name":"松浦市","code":"42208"},"geometry":{"type":"MultiPolygon","coordinates":[[[[129.778,33.27],[129.772,33.28],[129.768,33.286],[129.764,33.29],[129.759,33.291],[129.762,33.297],[129.763,33.302],[129.764,33.306],[129.766,33.312],[129.769,33.315],[129.769,33.319],[129.772,33.324],[129.776,33.33],[129.777,33.333],[129.782,33.336],[129.787,33.339],[129.791,33.34],[129.793,33.346],[129.793,33.353],[129.792,33.356],[129.789,33.358],[129.789,33.362],[129.792,33.367],[129.789,33.372],[129.783,33.373],[129.78,33.373],[129.777,33.372],[129.774,33.367],[129.776,33.362],[129.771,33.359],[129.774,33.356],[129.767,33.354],[129.763,33.354],[129.761,33.36],[129.756,33.365],[129.75,33.367],[129.745,33.367],[129.739,33.365],[129.738,33.36],[129.734,33.359],[129.731,33.361],[129.728,33.358],[129.722,33.351],[129.717,33.35],[129.712,33.348],[129.706,33.346],[129.7,33.35],[129.697,33.354],[129.693,33.351],[129.697,33.355],[129.697,33.361],[129.687,33.361],[129.687,33.355],[129.678,33.353],[129.676,33.356],[129.675,33.359],[129.668,33.366],[129.671,33.37],[129.674,33.369],[129.674,33.372],[129.675,33.379],[129.676,33.385],[129.679,33.383],[129.683,33.384],[129.686,33.387],[129.682,33.39],[129.678,33.39],[129.675,33.394],[129.674,33.398],[129.669,33.398],[129.665,33.394],[129.664,33.39],[129.668,33.386],[129.665,33.381],[129.661,33.38],[129.658,33.378],[129.657,33.373],[129.654,33.371],[129.649,33.373],[129.646,33.368],[129.646,33.365],[129.642,33.367],[129.636,33.368],[129.632,33.371],[129.63,33.366],[129.633,33.362],[129.63,33.357],[129.632,33.354],[129.632,33.351],[129.629,33.347],[129.632,33.344],[129.638,33.339],[129.641,33.334],[129.645,33.333],[129.649,33.329],[129.653,33.325],[129.657,33.32],[129.662,33.32],[129.667,33.318],[129.667,33.311],[129.67,33.31],[129.674,33.309],[129.679,33.311],[129.683,33.312],[129.687,33.31],[129.692,33.31],[129.696,33.31],[129.699,33.311],[129.704,33.311],[129.707,33.309],[129.708,33.302],[129.715,33.303],[129.715,33.295],[129.714,33.29],[129.719,33.286],[129.724,33.285],[129.73,33.283],[129.735,33.279],[129.739,33.278],[129.744,33.275],[129.749,33.277],[129.754,33.276],[129.76,33.277],[129.765,33.272],[129.77,33.269],[129.775,33.267],[129.778,33.27]]],[[[129.777,33.401],[129.774,33.401],[129.777,33.396],[129.781,33.393],[129.785,33.396],[129.779,33.4]]],[[[129.797,33.415],[129.797,33.411],[129.802,33.409],[129.809,33.404],[129.813,33.403],[129.814,33.399],[129.808,33.393],[129.809,33.389],[129.814,33.383],[129.81,33.383],[129.809,33.378],[129.811,33.375],[129.811,33.37],[129.815,33.367],[129.81,33.368],[129.805,33.365],[129.81,33.356],[129.807,33.353],[129.81,33.35],[129.815,33.349],[129.82,33.356],[129.822,33.361],[129.827,33.362],[129.831,33.364],[129.835,33.363],[129.841,33.365],[129.838,33.37],[129.842,33.37],[129.846,33.37],[129.851,33.37],[129.854,33.372],[129.859,33.376],[129.86,33.379],[129.853,33.385],[129.849,33.386],[129.845,33.386],[129.84,33.387],[129.839,33.382],[129.834,33.384],[129.83,33.388],[129.829,33.391],[129.83,33.396],[129.834,33.4],[129.833,33.404],[129.83,33.407],[129.824,33.409],[129.82,33.411],[129.816,33.41],[129.809,33.41],[129.806,33.412],[129.801,33.411],[129.797,33.415]]],[[[129.687,33.423],[129.682,33.423],[129.683,33.419],[129.686,33.417],[129.685,33.413],[129.68,33.412],[129.682,33.409],[129.685,33.406],[129.689,33.408],[129.69,33.413],[129.686,33.418],[129.688,33.422]]],[[[129.719,33.464],[129.715,33.462],[129.715,33.459],[129.72,33.454],[129.726,33.452],[129.728,33.457],[129.725,33.461],[129.722,33.461],[129.719,33.464]]],[[[129.755,33.47],[129.752,33.469],[129.751,33.465],[129.751,33.46],[129.754,33.459],[129.755,33.455],[129.753,33.45],[129.75,33.45],[129.75,33.447],[129.747,33.443],[129.744,33.442],[129.739,33.438],[129.744,33.435],[129.745,33.43],[129.74,33.429],[129.733,33.428],[129.731,33.423],[129.727,33.423],[129.724,33.423],[129.72,33.42],[129.719,33.414],[129.726,33.414],[129.727,33.41],[129.73,33.41],[129.731,33.406],[129.735,33.406],[129.74,33.408],[129.743,33.407],[129.751,33.413],[129.747,33.42],[129.75,33.42],[129.754,33.42],[129.754,33.417],[129.757,33.42],[129.757,33.423],[129.757,33.427],[129.762,33.425],[129.764,33.429],[129.761,33.433],[129.764,33.432],[129.77,33.429],[129.775,33.428],[129.779,33.428],[129.782,33.427],[129.787,33.427],[129.79,33.426],[129.79,33.43],[129.79,33.433],[129.784,33.435],[129.779,33.434],[129.777,33.439],[129.774,33.439],[129.771,33.443],[129.771,33.446],[129.77,33.451],[129.774,33.453],[129.771,33.456],[129.768,33.456],[129.771,33.46],[129.768,33.462],[129.764,33.464],[129.76,33.465],[129.755,33.47]]]]}},{"type":"Feature","properties":{"name":"西海市","code":"42212"},"geometry":{"type":"MultiPolygon","coordinates":[[[[129.599,32.948],[129.595,32.945],[129.595,32.941],[129.594,32.935],[129.596,32.932],[129.596,32.928],[129.599,32.923],[129.603,32.92],[129.609,32.917],[129.612,32.917],[129.617,32.917],[129.623,32.925],[129.626,32.927],[129.625,32.931],[129.624,32.937],[129.618,32.94],[129.613,32.943],[129.609,32.942],[129.605,32.939],[129.601,32.943],[129.599,32.948]]],[[[129.545,33.008],[129.543,33.003],[129.549,33.005],[129.549,33.002],[129.553,33.001],[129.554,33.005],[129.551,33.008],[129.545,33.008]]],[[[129.65,33.01],[129.648,33.004],[129.648,33.0],[129.647,32.992],[129.647,32.989],[129.65,32.988],[129.653,32.991],[129.651,32.997],[129.649,33.001],[129.652,33.005],[129.65,33.01]]],[[[129.353,33.021],[129.345,33.018],[129.342,33.013],[129.341,33.007],[129.344,33.006],[129.343,33.001],[129.348,32.999],[129.351,32.999],[129.351,33.003],[129.357,33.004],[129.36,33.003],[129.359,33.007],[129.355,33.011],[129.355,33.015],[129.355,33.02]]],[[[129.247,33.023],[129.241,33.019],[129.238,33.016],[129.233,33.011],[129.231,33.007],[129.223,33.002],[129.222,32.998],[129.228,33.0],[129.233,33.001],[129.236,32.998],[129.24,32.996],[129.237,32.992],[129.233,32.99],[129.24,32.991],[129.244,32.993],[129.247,32.997],[129.251,32.997],[129.255,33.0],[129.254,33.005],[129.256,33.009],[129.257,33.015],[129.261,33.02],[129.257,33.019],[129.255,33.016],[129.249,33.013],[129.246,33.017],[129.249,33.021]]],[[[129.562,33.03],[129.56,33.026],[129.564,33.021],[129.564,33.018],[129.565,33.022],[129.57,33.019],[129.567,33.015],[129.56,33.01],[129.564,33.009],[129.559,33.008],[129.556,33.006],[129.556,33.001],[129.562,33.001],[129.565,33.005],[129.571,33.009],[129.577,33.01],[129.58,33.013],[129.584,33.013],[129.587,33.019],[129.59,33.022],[129.587,33.024],[129.583,33.028],[129.576,33.028],[129.569,33.029],[129.562,33.03]]],[[[129.637,33.045],[129.633,33.041],[129.63,33.038],[129.628,33.034],[129.628,33.029],[129.634,33.027],[129.632,33.03],[129.637,33.033],[129.637,33.038],[129.637,33.045]]],[[[129.609,33.065],[129.606,33.063],[129.604,33.059],[129.609,33.057],[129.605,33.057],[129.602,33.051],[129.598,33.052],[129.597,33.049],[129.592,33.047],[129.59,33.041],[129.587,33.036],[129.588,33.032],[129.588,33.028],[129.594,33.027],[129.598,33.024],[129.602,33.028],[129.604,33.023],[129.608,33.025],[129.61,33.028],[129.613,33.031],[129.616,33.035],[129.621,33.031],[129.625,33.033],[129.627,33.037],[129.629,33.04],[129.624,33.043],[129.627,33.046],[129.63,33.045],[129.632,33.048],[129.634,33.051],[129.63,33.053],[129.633,33.057],[129.637,33.059],[129.637,33.062],[129.633,33.063],[129.629,33.064],[129.623,33.06],[129.617,33.061],[129.612,33.061],[129.609,33.065]]],[[[129.807,32.962],[129.808,32.965],[129.811,32.97],[129.815,32.97],[129.818,32.969],[129.819,32.974],[129.824,32.973],[129.821,32.978],[129.823,32.982],[129.819,32.985],[129.816,32.985],[129.813,32.989],[129.811,32.993],[129.814,32.992],[129.812,32.996],[129.811,33.0],[129.807,33.0],[129.804,33.005],[129.801,33.006],[129.797,33.009],[129.791,33.01],[129.787,33.006],[129.783,33.008],[129.78,33.01],[129.779,33.013],[129.775,33.013],[129.77,33.013],[129.769,33.017],[129.764,33.022],[129.761,33.021],[129.762,33.016],[129.759,33.013],[129.753,33.008],[129.753,33.005],[129.758,33.002],[129.762,33.004],[129.764,33.0],[129.757,33.0],[129.759,32.995],[129.755,32.996],[129.755,33.0],[129.749,32.995],[129.745,32.994],[129.742,32.988],[129.741,32.992],[129.738,32.995],[129.736,32.999],[129.732,32.999],[129.737,33.001],[129.741,33.004],[129.734,33.005],[129.734,33.009],[129.735,33.014],[129.738,33.022],[129.741,33.028],[129.745,33.033],[129.747,33.038],[129.754,33.04],[129.759,33.044],[129.762,33.049],[129.755,33.053],[129.752,33.054],[129.75,33.06],[129.742,33.057],[129.74,33.054],[129.74,33.05],[129.738,33.054],[129.736,33.05],[129.736,33.047],[129.731,33.046],[129.727,33.047],[129.73,33.05],[129.729,33.054],[129.73,33.058],[129.735,33.06],[129.736,33.065],[129.732,33.066],[129.73,33.075],[129.726,33.076],[129.722,33.073],[129.718,33.076],[129.719,33.08],[129.715,33.084],[129.711,33.087],[129.706,33.087],[129.708,33.082],[129.705,33.084],[129.7,33.089],[129.69,33.094],[129.683,33.097],[129.68,33.1],[129.676,33.097],[129.673,33.093],[129.674,33.089],[129.677,33.089],[129.676,33.086],[129.674,33.081],[129.669,33.081],[129.664,33.08],[129.663,33.075],[129.668,33.077],[129.672,33.08],[129.675,33.078],[129.672,33.074],[129.666,33.072],[129.661,33.071],[129.665,33.068],[129.67,33.069],[129.672,33.065],[129.676,33.064],[129.667,33.064],[129.662,33.061],[129.664,33.055],[129.66,33.051],[129.661,33.047],[129.659,33.044],[129.659,33.04],[129.653,33.041],[129.647,33.038],[129.649,33.031],[129.648,33.026],[129.647,33.021],[129.649,33.017],[129.653,33.01],[129.653,33.007],[129.659,33.004],[129.662,33.001],[129.658,33.001],[129.654,32.999],[129.654,32.996],[129.653,32.991],[129.652,32.987],[129.646,32.987],[129.646,32.991],[129.643,32.992],[129.639,32.988],[129.633,32.987],[129.631,32.982],[129.628,32.974],[129.628,32.968],[129.63,32.965],[129.63,32.961],[129.627,32.956],[129.631,32.954],[129.626,32.954],[129.629,32.949],[129.635,32.947],[129.638,32.943],[129.639,32.937],[129.634,32.936],[129.636,32.93],[129.634,32.926],[129.64,32.926],[129.639,32.921],[129.642,32.926],[129.643,32.932],[129.648,32.932],[129.652,32.931],[129.655,32.921],[129.659,32.92],[129.663,32.916],[129.66,32.91],[129.666,32.906],[129.667,32.898],[129.673,32.897],[129.677,32.902],[129.683,32.904],[129.688,32.903],[129.693,32.903],[129.699,32.904],[129.702,32.907],[129.706,32.906],[129.709,32.91],[129.709,32.913],[129.716,32.91],[129.719,32.911],[129.726,32.911],[129.73,32.911],[129.733,32.915],[129.738,32.913],[129.742,32.919],[129.741,32.922],[129.739,32.928],[129.738,32.933],[129.741,32.937],[129.741,32.944],[129.745,32.948],[129.748,32.948],[129.756,32.951],[129.763,32.955],[129.769,32.956],[129.772,32.957],[129.778,32.959],[129.781,32.96],[129.786,32.963],[129.787,32.966],[129.792,32.969],[129.795,32.966],[129.803,32.965],[129.807,32.962]]]]}},{"type":"Feature","properties":{"name":"雲仙市","code":"42213"},"geometry":{"type":"MultiPolygon","coordinates":[[[[130.286,32.75],[130.291,32.753],[130.295,32.754],[130.299,32.754],[130.307,32.754],[130.309,32.759],[130.31,32.764],[130.307,32.762],[130.302,32.762],[130.298,32.761],[130.294,32.765],[130.288,32.764],[130.281,32.765],[130.278,32.765],[130.273,32.767],[130.273,32.774],[130.275,32.782],[130.28,32.783],[130.285,32.784],[130.285,32.789],[130.29,32.794],[130.294,32.801],[130.296,32.809],[130.298,32.815],[130.299,32.818],[130.3,32.822],[130.301,32.827],[130.302,32.83],[130.303,32.835],[130.301,32.84],[130.303,32.844],[130.304,32.848],[130.305,32.855],[130.309,32.859],[130.313,32.863],[130.319,32.867],[130.316,32.868],[130.311,32.871],[130.311,32.874],[130.307,32.877],[130.297,32.881],[130.296,32.878],[130.289,32.877],[130.284,32.877],[130.276,32.876],[130.269,32.874],[130.266,32.873],[130.261,32.872],[130.251,32.873],[130.244,32.876],[130.235,32.871],[130.233,32.867],[130.23,32.866],[130.227,32.862],[130.22,32.859],[130.212,32.856],[130.209,32.853],[130.206,32.852],[130.201,32.852],[130.197,32.851],[130.184,32.858],[130.174,32.87],[130.148,32.845],[130.154,32.841],[130.158,32.841],[130.156,32.826],[130.153,32.823],[130.15,32.819],[130.147,32.812],[130.144,32.81],[130.137,32.81],[130.138,32.805],[130.141,32.801],[130.14,32.797],[130.143,32.798],[130.147,32.796],[130.153,32.794],[130.159,32.794],[130.166,32.794],[130.173,32.795],[130.179,32.795],[130.187,32.789],[130.192,32.785],[130.192,32.781],[130.189,32.777],[130.186,32.775],[130.189,32.771],[130.19,32.767],[130.186,32.765],[130.187,32.762],[130.193,32.76],[130.195,32.756],[130.199,32.757],[130.204,32.756],[130.208,32.753],[130.208,32.749],[130.21,32.743],[130.21,32.739],[130.208,32.733],[130.206,32.727],[130.203,32.725],[130.201,32.72],[130.194,32.716],[130.188,32.713],[130.186,32.708],[130.182,32.706],[130.172,32.703],[130.168,32.697],[130.171,32.695],[130.165,32.694],[130.16,32.694],[130.16,32.691],[130.158,32.685],[130.154,32.683],[130.147,32.682],[130.143,32.679],[130.138,32.681],[130.133,32.681],[130.132,32.685],[130.127,32.687],[130.127,32.684],[130.131,32.681],[130.133,32.678],[130.131,32.67],[130.129,32.664],[130.129,32.658],[130.136,32.657],[130.143,32.659],[130.147,32.659],[130.153,32.66],[130.159,32.662],[130.164,32.663],[130.171,32.663],[130.176,32.666],[130.18,32.669],[130.185,32.669],[130.192,32.674],[130.197,32.678],[130.202,32.683],[130.205,32.684],[130.21,32.687],[130.222,32.691],[130.226,32.694],[130.229,32.696],[130.235,32.699],[130.243,32.705],[130.246,32.708],[130.249,32.711],[130.249,32.718],[130.252,32.724],[130.257,32.724],[130.262,32.724],[130.271,32.723],[130.271,32.728],[130.275,32.731],[130.28,32.734],[130.284,32.74],[130.287,32.739],[130.287,32.743],[130.286,32.748]]]]}},{"type":"Feature","properties":{"name":"東彼杵郡川棚町","code":"42322"},"geometry":{"type":"MultiPolygon","coordinates":[[[[129.803,33.068],[129.809,33.069],[129.814,33.066],[129.818,33.063],[129.821,33.063],[129.817,33.064],[129.821,33.066],[129.826,33.067],[129.828,33.063],[129.832,33.063],[129.835,33.062],[129.835,33.056],[129.829,33.055],[129.826,33.054],[129.82,33.054],[129.824,33.054],[129.822,33.049],[129.821,33.044],[129.82,33.039],[129.828,33.037],[129.831,33.038],[129.833,33.043],[129.833,33.049],[129.836,33.049],[129.837,33.054],[129.842,33.056],[129.842,33.053],[129.843,33.048],[129.845,33.053],[129.851,33.058],[129.854,33.061],[129.858,33.063],[129.863,33.063],[129.864,33.06],[129.869,33.061],[129.871,33.065],[129.875,33.065],[129.88,33.068],[129.879,33.074],[129.883,33.075],[129.889,33.077],[129.892,33.078],[129.901,33.075],[129.906,33.075],[129.91,33.073],[129.915,33.076],[129.919,33.078],[129.921,33.084],[129.923,33.088],[129.924,33.094],[129.926,33.098],[129.927,33.102],[129.925,33.106],[129.922,33.106],[129.918,33.109],[129.914,33.108],[129.91,33.11],[129.906,33.108],[129.898,33.106],[129.888,33.103],[129.881,33.104],[129.877,33.1],[129.873,33.102],[129.867,33.104],[129.864,33.105],[129.86,33.106],[129.854,33.107],[129.851,33.106],[129.848,33.103],[129.843,33.1],[129.844,33.097],[129.847,33.092],[129.842,33.087],[129.84,33.082],[129.839,33.079],[129.834,33.076],[129.83,33.074],[129.825,33.076],[129.82,33.077],[129.818,33.074],[129.814,33.072],[129.811,33.07],[129.806,33.071]]]]}},{"type":"Feature","properties":{"name":"東彼杵郡波佐見町","code":"42323"},"geometry":{"type":"MultiPolygon","coordinates":[[[[129.846,33.103],[129.851,33.106],[129.854,33.107],[129.86,33.106],[129.864,33.108],[129.865,33.103],[129.871,33.102],[129.877,33.1],[129.881,33.104],[129.885,33.103],[129.896,33.106],[129.906,33.108],[129.91,33.11],[129.913,33.109],[129.918,33.109],[129.922,33.106],[129.925,33.106],[129.93,33.108],[129.933,33.111],[129.937,33.113],[129.941,33.113],[129.946,33.111],[129.951,33.11],[129.954,33.114],[129.957,33.118],[129.957,33.126],[129.953,33.132],[129.949,33.134],[129.948,33.138],[129.947,33.143],[129.945,33.146],[129.944,33.151],[129.943,33.154],[129.941,33.16],[129.943,33.164],[129.939,33.165],[129.934,33.163],[129.928,33.164],[129.924,33.163],[129.92,33.162],[129.914,33.163],[129.906,33.158],[129.899,33.158],[129.895,33.16],[129.891,33.159],[129.886,33.161],[129.882,33.162],[129.877,33.165],[129.873,33.165],[129.869,33.162],[129.868,33.158],[129.864,33.156],[129.86,33.156],[129.856,33.152],[129.856,33.149],[129.853,33.144],[129.849,33.138],[129.851,33.134],[129.848,33.13],[129.846,33.125],[129.844,33.119],[129.843,33.112],[129.846,33.107],[129.846,33.103]]]]}},{"type":"Feature","properties":{"name":"北松浦郡小値賀町","code":"42383"},"geometry":{"type":"MultiPolygon","coordinates":[[[[129.024,33.175],[129.021,33.174],[129.017,33.169],[129.018,33.165],[129.023,33.164],[129.024,33.168],[129.027,33.172],[129.024,33.175]]],[[[129.022,33.185],[129.018,33.184],[129.014,33.18],[129.019,33.18],[129.023,33.18],[129.022,33.185]]],[[[128.987,33.194],[128.983,33.193],[128.982,33.19],[128.979,33.188],[128.983,33.186],[128.987,33.189],[128.992,33.187],[128.993,33.191],[128.987,33.194]]],[[[129.024,33.213],[129.02,33.211],[129.016,33.212],[129.014,33.209],[129.013,33.205],[129.013,33.201],[129.018,33.201],[129.024,33.201],[129.026,33.205],[129.027,33.208],[129.026,33.213]]],[[[129.123,33.214],[129.119,33.212],[129.115,33.208],[129.117,33.201],[129.122,33.194],[129.124,33.189],[129.122,33.186],[129.121,33.182],[129.12,33.177],[129.122,33.174],[129.124,33.17],[129.124,33.164],[129.133,33.159],[129.133,33.162],[129.135,33.166],[129.134,33.172],[129.133,33.178],[129.132,33.184],[129.134,33.188],[129.138,33.189],[129.142,33.187],[129.144,33.192],[129.139,33.193],[129.135,33.197],[129.134,33.2],[129.136,33.204],[129.13,33.204],[129.126,33.212]]],[[[129.057,33.22],[129.053,33.22],[129.049,33.216],[129.045,33.216],[129.045,33.212],[129.043,33.205],[129.039,33.207],[129.04,33.211],[129.037,33.208],[129.036,33.203],[129.033,33.205],[129.028,33.201],[129.03,33.196],[129.035,33.196],[129.039,33.196],[129.043,33.197],[129.047,33.196],[129.047,33.193],[129.044,33.191],[129.047,33.187],[129.05,33.183],[129.055,33.185],[129.058,33.187],[129.062,33.185],[129.06,33.189],[129.06,33.192],[129.064,33.195],[129.068,33.194],[129.071,33.189],[129.076,33.19],[129.084,33.19],[129.089,33.186],[129.091,33.192],[129.087,33.196],[129.083,33.196],[129.082,33.201],[129.081,33.205],[129.08,33.208],[129.083,33.21],[129.091,33.211],[129.093,33.208],[129.098,33.208],[129.098,33.211],[129.098,33.215],[129.093,33.215],[129.088,33.215],[129.084,33.213],[129.08,33.21],[129.077,33.212],[129.074,33.211],[129.07,33.212],[129.069,33.207],[129.064,33.21],[129.061,33.21],[129.056,33.212],[129.055,33.216],[129.058,33.217]]],[[[129.134,33.228],[129.13,33.226],[129.13,33.223],[129.134,33.22],[129.14,33.222],[129.138,33.227],[129.134,33.228]]],[[[129.067,33.228],[129.062,33.226],[129.066,33.22],[129.07,33.218],[129.072,33.221],[129.071,33.226],[129.066,33.225]]]]}},{"type":"Feature","properties":{"name":"北松浦郡佐々町","code":"42391"},"geometry":{"type":"MultiPolygon","coordinates":[[[[129.637,33.225],[129.639,33.22],[129.645,33.209],[129.648,33.209],[129.653,33.208],[129.658,33.21],[129.664,33.212],[129.667,33.215],[129.67,33.215],[129.674,33.22],[129.677,33.223],[129.683,33.225],[129.69,33.228],[129.69,33.231],[129.688,33.235],[129.686,33.238],[129.681,33.242],[129.682,33.247],[129.684,33.252],[129.689,33.255],[129.685,33.259],[129.685,33.263],[129.683,33.266],[129.677,33.265],[129.67,33.27],[129.666,33.272],[129.66,33.274],[129.656,33.277],[129.651,33.279],[129.647,33.277],[129.643,33.274],[129.642,33.271],[129.636,33.272],[129.628,33.268],[129.627,33.263],[129.625,33.258],[129.623,33.253],[129.623,33.249],[129.624,33.246],[129.627,33.244],[129.632,33.241],[129.632,33.237],[129.633,33.233],[129.639,33.231],[129.637,33.225]]]]}}]}