{"type":"FeatureCollection","features":[{"type":"Feature","properties":{"name":"鹿児島市","code":"46201"},"geometry":{"type":"MultiPolygon","coordinates":[[[[130.707,31.557],[130.71,31.559],[130.716,31.56],[130.721,31.564],[130.716,31.565],[130.711,31.567],[130.715,31.571],[130.716,31.575],[130.711,31.577],[130.71,31.58],[130.718,31.588],[130.718,31.592],[130.714,31.595],[130.714,31.601],[130.717,31.603],[130.714,31.604],[130.71,31.605],[130.707,31.609],[130.707,31.613],[130.7,31.617],[130.7,31.621],[130.694,31.623],[130.684,31.622],[130.68,31.629],[130.676,31.628],[130.669,31.627],[130.665,31.626],[130.653,31.625],[130.643,31.621],[130.637,31.62],[130.633,31.622],[130.626,31.62],[130.621,31.617],[130.619,31.614],[130.615,31.612],[130.611,31.608],[130.608,31.599],[130.599,31.597],[130.6,31.593],[130.593,31.592],[130.593,31.584],[130.592,31.581],[130.597,31.579],[130.602,31.573],[130.607,31.575],[130.613,31.567],[130.612,31.562],[130.619,31.562],[130.62,31.555],[130.624,31.552],[130.628,31.557],[130.633,31.552],[130.636,31.546],[130.639,31.545],[130.645,31.547],[130.647,31.55],[130.655,31.551],[130.662,31.552],[130.665,31.553],[130.67,31.553],[130.675,31.551],[130.675,31.548],[130.682,31.545],[130.686,31.548],[130.688,31.552],[130.692,31.553],[130.696,31.555],[130.701,31.557],[130.707,31.557]]],[[[130.611,31.673],[130.605,31.674],[130.602,31.677],[130.599,31.678],[130.6,31.682],[130.599,31.69],[130.593,31.691],[130.587,31.694],[130.58,31.697],[130.578,31.701],[130.57,31.704],[130.565,31.708],[130.565,31.712],[130.563,31.719],[130.567,31.718],[130.573,31.721],[130.574,31.725],[130.578,31.729],[130.582,31.73],[130.586,31.728],[130.585,31.731],[130.583,31.737],[130.585,31.74],[130.577,31.744],[130.574,31.747],[130.566,31.747],[130.56,31.748],[130.556,31.75],[130.552,31.749],[130.547,31.75],[130.54,31.752],[130.531,31.752],[130.527,31.75],[130.523,31.749],[130.52,31.746],[130.517,31.747],[130.508,31.746],[130.502,31.744],[130.501,31.74],[130.502,31.735],[130.506,31.729],[130.501,31.726],[130.498,31.723],[130.493,31.725],[130.489,31.724],[130.486,31.727],[130.48,31.728],[130.476,31.728],[130.469,31.729],[130.462,31.735],[130.455,31.736],[130.448,31.734],[130.445,31.732],[130.437,31.733],[130.433,31.732],[130.428,31.729],[130.425,31.726],[130.421,31.719],[130.415,31.718],[130.414,31.713],[130.42,31.711],[130.419,31.704],[130.423,31.7],[130.426,31.699],[130.435,31.697],[130.436,31.694],[130.437,31.686],[130.437,31.681],[130.442,31.681],[130.442,31.675],[130.442,31.67],[130.44,31.664],[130.44,31.66],[130.442,31.655],[130.448,31.657],[130.451,31.655],[130.456,31.654],[130.459,31.655],[130.46,31.651],[130.464,31.646],[130.466,31.64],[130.471,31.636],[130.469,31.632],[130.467,31.627],[130.464,31.629],[130.46,31.631],[130.453,31.629],[130.444,31.63],[130.438,31.631],[130.437,31.626],[130.432,31.625],[130.429,31.624],[130.424,31.623],[130.421,31.617],[130.428,31.61],[130.428,31.605],[130.425,31.605],[130.418,31.6],[130.414,31.594],[130.407,31.596],[130.402,31.597],[130.397,31.592],[130.391,31.587],[130.388,31.582],[130.39,31.576],[130.395,31.572],[130.399,31.568],[130.402,31.567],[130.411,31.565],[130.412,31.559],[130.418,31.558],[130.42,31.555],[130.42,31.552],[130.419,31.548],[130.424,31.547],[130.425,31.542],[130.428,31.539],[130.435,31.539],[130.439,31.537],[130.447,31.53],[130.448,31.526],[130.446,31.523],[130.447,31.52],[130.447,31.515],[130.448,31.51],[130.44,31.502],[130.433,31.497],[130.435,31.493],[130.44,31.489],[130.443,31.484],[130.446,31.476],[130.448,31.472],[130.451,31.467],[130.457,31.466],[130.458,31.462],[130.464,31.463],[130.47,31.462],[130.472,31.458],[130.484,31.46],[130.483,31.456],[130.484,31.451],[130.486,31.446],[130.484,31.438],[130.485,31.433],[130.486,31.43],[130.488,31.423],[130.491,31.419],[130.496,31.418],[130.497,31.413],[130.502,31.407],[130.507,31.405],[130.507,31.398],[130.51,31.395],[130.507,31.384],[130.507,31.381],[130.507,31.371],[130.506,31.368],[130.505,31.365],[130.498,31.361],[130.49,31.35],[130.49,31.347],[130.492,31.343],[130.494,31.339],[130.5,31.339],[130.501,31.334],[130.505,31.331],[130.508,31.33],[130.516,31.332],[130.522,31.328],[130.523,31.324],[130.528,31.322],[130.528,31.316],[130.528,31.311],[130.532,31.308],[130.537,31.301],[130.54,31.298],[130.539,31.295],[130.546,31.293],[130.559,31.296],[130.562,31.296],[130.568,31.298],[130.571,31.297],[130.575,31.3],[130.581,31.303],[130.575,31.31],[130.571,31.315],[130.565,31.322],[130.559,31.339],[130.557,31.347],[130.554,31.352],[130.547,31.37],[130.546,31.375],[130.548,31.38],[130.558,31.385],[130.55,31.396],[130.539,31.391],[130.539,31.394],[130.537,31.397],[130.533,31.398],[130.531,31.402],[130.53,31.406],[130.526,31.412],[130.524,31.418],[130.525,31.425],[130.521,31.432],[130.518,31.438],[130.518,31.447],[130.516,31.451],[130.514,31.459],[130.515,31.464],[130.532,31.462],[130.533,31.47],[130.519,31.471],[130.517,31.477],[130.513,31.478],[130.515,31.483],[130.518,31.484],[130.515,31.486],[130.52,31.485],[130.514,31.491],[130.517,31.491],[130.521,31.492],[130.524,31.491],[130.525,31.486],[130.531,31.484],[130.533,31.494],[130.536,31.493],[130.536,31.497],[130.533,31.497],[130.534,31.501],[130.53,31.501],[130.52,31.504],[130.521,31.509],[130.529,31.507],[130.533,31.507],[130.539,31.522],[130.544,31.533],[130.539,31.528],[130.536,31.529],[130.541,31.535],[130.543,31.539],[130.546,31.537],[130.549,31.544],[130.545,31.545],[130.548,31.549],[130.552,31.546],[130.559,31.546],[130.561,31.556],[130.569,31.57],[130.57,31.575],[130.569,31.579],[130.565,31.582],[130.567,31.585],[130.57,31.585],[130.564,31.591],[130.563,31.597],[130.569,31.601],[130.573,31.603],[130.575,31.607],[130.576,31.615],[130.581,31.618],[130.584,31.62],[130.593,31.625],[130.6,31.629],[130.603,31.645],[130.606,31.65],[130.611,31.655],[130.618,31.656],[130.616,31.661],[130.613,31.665],[130.613,31.67],[130.611,31.673]]]]}},{"type":"Feature","properties":{"name":"鹿屋市","code":"46203"},"geometry":{"type":"MultiPolygon","coordinates":[[[[130.926,31.553],[130.927,31.557],[130.927,31.563],[130.924,31.567],[130.92,31.568],[130.914,31.57],[130.906,31.58],[130.903,31.584],[130.898,31.585],[130.894,31.595],[130.89,31.599],[130.884,31.603],[130.875,31.607],[130.868,31.608],[130.865,31.61],[130.861,31.613],[130.855,31.616],[130.851,31.616],[130.847,31.613],[130.847,31.609],[130.836,31.608],[130.83,31.606],[130.826,31.606],[130.827,31.601],[130.828,31.597],[130.825,31.593],[130.823,31.589],[130.82,31.586],[130.821,31.576],[130.816,31.57],[130.819,31.565],[130.818,31.562],[130.813,31.56],[130.812,31.556],[130.815,31.551],[130.817,31.546],[130.811,31.541],[130.804,31.54],[130.802,31.531],[130.806,31.531],[130.804,31.525],[130.801,31.519],[130.798,31.514],[130.794,31.511],[130.797,31.507],[130.802,31.503],[130.812,31.499],[130.817,31.492],[130.816,31.489],[130.819,31.486],[130.817,31.481],[130.818,31.477],[130.814,31.471],[130.809,31.466],[130.808,31.458],[130.807,31.45],[130.803,31.443],[130.798,31.442],[130.795,31.434],[130.79,31.433],[130.783,31.431],[130.78,31.433],[130.776,31.43],[130.773,31.43],[130.766,31.426],[130.76,31.422],[130.76,31.414],[130.766,31.408],[130.768,31.402],[130.771,31.393],[130.771,31.389],[130.774,31.387],[130.778,31.38],[130.781,31.375],[130.782,31.368],[130.785,31.363],[130.79,31.361],[130.791,31.354],[130.794,31.349],[130.798,31.344],[130.803,31.337],[130.804,31.333],[130.802,31.327],[130.8,31.322],[130.796,31.318],[130.795,31.315],[130.795,31.311],[130.791,31.307],[130.792,31.3],[130.792,31.296],[130.798,31.3],[130.804,31.3],[130.806,31.306],[130.81,31.31],[130.814,31.309],[130.821,31.307],[130.826,31.309],[130.832,31.308],[130.84,31.306],[130.845,31.301],[130.854,31.3],[130.863,31.298],[130.865,31.295],[130.868,31.289],[130.863,31.282],[130.864,31.278],[130.86,31.274],[130.867,31.27],[130.87,31.271],[130.875,31.269],[130.877,31.265],[130.88,31.26],[130.885,31.255],[130.888,31.251],[130.894,31.25],[130.899,31.252],[130.903,31.247],[130.904,31.243],[130.907,31.24],[130.911,31.239],[130.915,31.235],[130.917,31.231],[130.921,31.229],[130.925,31.229],[130.932,31.231],[130.936,31.234],[130.939,31.244],[130.938,31.248],[130.935,31.252],[130.931,31.256],[130.933,31.259],[130.93,31.267],[130.928,31.274],[130.926,31.28],[130.928,31.285],[130.928,31.295],[130.925,31.297],[130.925,31.302],[130.922,31.309],[130.917,31.315],[130.916,31.322],[130.917,31.326],[130.916,31.331],[130.916,31.335],[130.915,31.342],[130.916,31.35],[130.915,31.358],[130.911,31.361],[130.906,31.361],[130.904,31.369],[130.897,31.373],[130.896,31.381],[130.895,31.389],[130.896,31.396],[130.902,31.394],[130.908,31.391],[130.908,31.385],[130.906,31.38],[130.908,31.373],[130.914,31.367],[130.929,31.362],[130.936,31.359],[130.941,31.361],[130.946,31.364],[130.95,31.363],[130.953,31.362],[130.958,31.365],[130.964,31.363],[130.969,31.368],[130.965,31.373],[130.97,31.376],[130.966,31.381],[130.962,31.381],[130.961,31.388],[130.962,31.395],[130.959,31.399],[130.958,31.404],[130.96,31.407],[130.956,31.41],[130.953,31.42],[130.955,31.425],[130.954,31.43],[130.955,31.433],[130.957,31.438],[130.953,31.445],[130.95,31.452],[130.948,31.457],[130.945,31.462],[130.94,31.466],[130.932,31.468],[130.928,31.467],[130.924,31.469],[130.92,31.468],[130.916,31.468],[130.915,31.471],[130.911,31.474],[130.908,31.481],[130.904,31.482],[130.902,31.487],[130.9,31.493],[130.9,31.499],[130.903,31.502],[130.906,31.502],[130.915,31.502],[130.919,31.506],[130.922,31.51],[130.919,31.515],[130.917,31.521],[130.921,31.53],[130.92,31.535],[130.917,31.538],[130.917,31.544],[130.92,31.55],[130.925,31.552]]]]}},{"type":"Feature","properties":{"name":"枕崎市","code":"46204"},"geometry":{"type":"MultiPolygon","coordinates":[[[[130.312,31.335],[130.303,31.339],[130.296,31.338],[130.292,31.331],[130.287,31.332],[130.283,31.329],[130.278,31.324],[130.275,31.321],[130.271,31.317],[130.263,31.314],[130.26,31.311],[130.252,31.312],[130.246,31.312],[130.244,31.305],[130.252,31.303],[130.257,31.299],[130.259,31.296],[130.267,31.293],[130.265,31.289],[130.258,31.284],[130.251,31.277],[130.253,31.272],[130.262,31.265],[130.264,31.26],[130.262,31.256],[130.275,31.249],[130.278,31.25],[130.282,31.254],[130.282,31.261],[130.282,31.266],[130.288,31.266],[130.293,31.266],[130.297,31.268],[130.296,31.264],[130.304,31.265],[130.31,31.265],[130.313,31.26],[130.323,31.255],[130.327,31.257],[130.333,31.256],[130.341,31.256],[130.345,31.254],[130.351,31.251],[130.357,31.251],[130.364,31.252],[130.367,31.251],[130.369,31.254],[130.368,31.26],[130.368,31.27],[130.365,31.278],[130.365,31.284],[130.365,31.29],[130.363,31.296],[130.363,31.3],[130.368,31.303],[130.376,31.308],[130.372,31.314],[130.37,31.32],[130.363,31.312],[130.358,31.314],[130.352,31.31],[130.348,31.309],[130.342,31.311],[130.337,31.309],[130.333,31.309],[130.327,31.317],[130.326,31.32],[130.322,31.322],[130.312,31.335]]]]}},{"type":"Feature","properties":{"name":"阿久根市","code":"46206"},"geometry":{"type":"MultiPolygon","coordinates":[[[[130.233,32.128],[130.227,32.129],[130.222,32.128],[130.216,32.125],[130.211,32.125],[130.208,32.124],[130.2,32.12],[130.196,32.117],[130.191,32.116],[130.19,32.111],[130.181,32.111],[130.179,32.107],[130.176,32.106],[130.175,32.097],[130.175,32.091],[130.171,32.088],[130.172,32.078],[130.18,32.074],[130.184,32.071],[130.183,32.077],[130.186,32.081],[130.192,32.083],[130.192,32.078],[130.195,32.075],[130.199,32.077],[130.205,32.069],[130.208,32.061],[130.204,32.053],[130.205,32.047],[130.203,32.038],[130.199,32.037],[130.195,32.032],[130.191,32.03],[130.194,32.024],[130.192,32.018],[130.186,32.015],[130.179,32.016],[130.181,32.008],[130.179,32.001],[130.182,31.998],[130.184,31.994],[130.189,31.99],[130.196,31.989],[130.199,31.986],[130.202,31.984],[130.2,31.978],[130.204,31.977],[130.209,31.972],[130.213,31.963],[130.216,31.953],[130.217,31.949],[130.216,31.941],[130.217,31.936],[130.22,31.929],[130.227,31.928],[130.231,31.932],[130.234,31.933],[130.238,31.932],[130.242,31.933],[130.247,31.932],[130.261,31.928],[130.264,31.934],[130.267,31.936],[130.265,31.941],[130.269,31.946],[130.269,31.951],[130.267,31.954],[130.265,31.962],[130.267,31.967],[130.272,31.966],[130.279,31.959],[130.287,31.952],[130.296,31.952],[130.3,31.957],[130.302,31.96],[130.303,31.967],[130.307,31.969],[130.311,31.973],[130.312,31.977],[130.309,31.982],[130.306,31.988],[130.3,31.99],[130.295,31.997],[130.296,32.0],[130.292,32.005],[130.283,32.01],[130.279,32.011],[130.272,32.015],[130.271,32.019],[130.268,32.018],[130.264,32.021],[130.258,32.021],[130.254,32.026],[130.246,32.026],[130.244,32.03],[130.25,32.033],[130.246,32.039],[130.25,32.04],[130.246,32.045],[130.251,32.05],[130.251,32.058],[130.246,32.063],[130.241,32.066],[130.237,32.065],[130.233,32.069],[130.233,32.076],[130.234,32.083],[130.233,32.087],[130.234,32.091],[130.23,32.096],[130.229,32.1],[130.226,32.102],[130.229,32.109],[130.23,32.115],[130.23,32.123],[130.233,32.128]]]]}},{"type":"Feature","properties":{"name":"出水市","code":"46208"},"geometry":{"type":"MultiPolygon","coordinates":[[[[130.312,31.977],[130.319,31.977],[130.323,31.973],[130.327,31.972],[130.334,31.97],[130.343,31.97],[130.35,31.972],[130.353,31.978],[130.354,31.983],[130.358,31.984],[130.368,31.981],[130.368,31.986],[130.373,31.989],[130.38,31.991],[130.391,31.992],[130.397,31.995],[130.402,31.995],[130.405,31.995],[130.408,31.993],[130.411,31.997],[130.415,32.002],[130.415,32.008],[130.428,32.011],[130.434,32.011],[130.44,32.012],[130.445,32.007],[130.449,32.008],[130.454,32.009],[130.457,32.01],[130.456,32.014],[130.46,32.014],[130.461,32.02],[130.463,32.024],[130.461,32.029],[130.465,32.031],[130.469,32.031],[130.478,32.032],[130.479,32.036],[130.483,32.036],[130.49,32.042],[130.495,32.048],[130.498,32.054],[130.498,32.058],[130.501,32.058],[130.502,32.062],[130.506,32.065],[130.509,32.066],[130.514,32.065],[130.51,32.071],[130.507,32.076],[130.507,32.085],[130.5,32.088],[130.496,32.095],[130.493,32.097],[130.494,32.105],[130.49,32.107],[130.487,32.11],[130.482,32.111],[130.485,32.117],[130.481,32.119],[130.476,32.122],[130.474,32.119],[130.467,32.116],[130.463,32.119],[130.457,32.117],[130.449,32.117],[130.443,32.115],[130.43,32.115],[130.425,32.117],[130.418,32.118],[130.413,32.119],[130.403,32.12],[130.403,32.124],[130.399,32.128],[130.392,32.134],[130.391,32.138],[130.388,32.143],[130.387,32.147],[130.382,32.15],[130.378,32.155],[130.374,32.157],[130.368,32.163],[130.36,32.168],[130.358,32.162],[130.363,32.154],[130.359,32.148],[130.354,32.145],[130.352,32.136],[130.347,32.132],[130.341,32.129],[130.337,32.125],[130.331,32.123],[130.316,32.117],[130.309,32.108],[130.301,32.108],[130.287,32.109],[130.284,32.11],[130.272,32.117],[130.273,32.126],[130.267,32.129],[130.262,32.128],[130.266,32.124],[130.264,32.119],[130.261,32.123],[130.258,32.126],[130.251,32.128],[130.243,32.129],[130.238,32.128],[130.233,32.128],[130.23,32.123],[130.23,32.115],[130.232,32.11],[130.228,32.104],[130.229,32.1],[130.23,32.096],[130.234,32.091],[130.233,32.087],[130.236,32.084],[130.234,32.077],[130.233,32.069],[130.237,32.065],[130.241,32.066],[130.246,32.063],[130.251,32.058],[130.249,32.052],[130.246,32.045],[130.25,32.042],[130.246,32.039],[130.249,32.036],[130.246,32.032],[130.246,32.026],[130.254,32.026],[130.258,32.021],[130.264,32.021],[130.268,32.018],[130.271,32.019],[130.272,32.015],[130.276,32.013],[130.283,32.01],[130.289,32.007],[130.295,32.002],[130.295,31.997],[130.298,31.99],[130.306,31.988],[130.307,31.985],[130.312,31.977]]]]}},{"type":"Feature","properties":{"name":"指宿市","code":"46210"},"geometry":{"type":"MultiPolygon","coordinates":[[[[130.677,31.281],[130.673,31.278],[130.674,31.273],[130.677,31.273],[130.681,31.276],[130.677,31.281]]],[[[130.539,31.295],[130.537,31.291],[130.536,31.287],[130.537,31.284],[130.541,31.281],[130.541,31.276],[130.542,31.271],[130.544,31.266],[130.539,31.259],[130.538,31.253],[130.536,31.245],[130.533,31.242],[130.531,31.238],[130.533,31.233],[130.531,31.23],[130.53,31.225],[130.526,31.222],[130.521,31.219],[130.517,31.218],[130.511,31.216],[130.512,31.207],[130.516,31.198],[130.508,31.194],[130.51,31.19],[130.51,31.183],[130.508,31.178],[130.518,31.166],[130.53,31.163],[130.536,31.166],[130.54,31.167],[130.545,31.17],[130.55,31.174],[130.554,31.178],[130.557,31.178],[130.564,31.176],[130.573,31.171],[130.579,31.165],[130.586,31.161],[130.59,31.16],[130.593,31.163],[130.59,31.166],[130.589,31.174],[130.592,31.177],[130.596,31.18],[130.601,31.182],[130.606,31.183],[130.614,31.183],[130.624,31.182],[130.63,31.185],[130.635,31.185],[130.64,31.19],[130.64,31.195],[130.644,31.197],[130.644,31.201],[130.644,31.206],[130.637,31.208],[130.634,31.2],[130.63,31.202],[130.628,31.207],[130.63,31.211],[130.634,31.214],[130.641,31.217],[130.646,31.216],[130.65,31.218],[130.655,31.217],[130.658,31.22],[130.656,31.224],[130.65,31.234],[130.65,31.245],[130.654,31.25],[130.656,31.253],[130.662,31.261],[130.667,31.267],[130.66,31.267],[130.659,31.271],[130.646,31.271],[130.643,31.271],[130.635,31.272],[130.628,31.273],[130.624,31.276],[130.621,31.277],[130.615,31.285],[130.608,31.291],[130.603,31.295],[130.599,31.293],[130.594,31.295],[130.59,31.302],[130.584,31.304],[130.578,31.302],[130.573,31.299],[130.568,31.298],[130.563,31.297],[130.559,31.296],[130.546,31.293],[130.542,31.295]]]]}},{"type":"Feature","properties":{"name":"南さつま市","code":"46220"},"geometry":{"type":"MultiPolygon","coordinates":[[[[130.169,31.364],[130.163,31.36],[130.16,31.356],[130.161,31.352],[130.165,31.352],[130.166,31.357],[130.169,31.361],[130.169,31.364]]],[[[129.447,31.2],[129.444,31.188],[129.44,31.187],[129.437,31.185],[129.436,31.179],[129.433,31.179],[129.438,31.179],[129.441,31.18],[129.447,31.178],[129.448,31.184],[129.448,31.19],[129.451,31.192],[129.454,31.197],[129.447,31.2]]],[[[129.472,31.212],[129.473,31.207],[129.469,31.204],[129.473,31.202],[129.473,31.197],[129.476,31.196],[129.476,31.205],[129.475,31.209],[129.472,31.212]]],[[[130.435,31.493],[130.43,31.491],[130.424,31.491],[130.419,31.489],[130.411,31.487],[130.408,31.482],[130.4,31.478],[130.396,31.477],[130.386,31.475],[130.383,31.477],[130.378,31.476],[130.373,31.479],[130.367,31.479],[130.361,31.48],[130.357,31.476],[130.352,31.478],[130.346,31.484],[130.341,31.485],[130.338,31.486],[130.328,31.486],[130.322,31.486],[130.319,31.489],[130.313,31.491],[130.307,31.478],[130.303,31.471],[130.292,31.453],[130.289,31.446],[130.285,31.444],[130.277,31.435],[130.271,31.427],[130.263,31.422],[130.259,31.421],[130.256,31.418],[130.253,31.418],[130.234,31.41],[130.228,31.4],[130.225,31.399],[130.225,31.402],[130.204,31.406],[130.196,31.408],[130.193,31.409],[130.192,31.415],[130.19,31.424],[130.193,31.429],[130.187,31.426],[130.19,31.424],[130.191,31.42],[130.19,31.414],[130.187,31.41],[130.185,31.415],[130.184,31.418],[130.178,31.422],[130.173,31.419],[130.169,31.431],[130.167,31.435],[130.163,31.437],[130.158,31.439],[130.154,31.431],[130.151,31.431],[130.145,31.427],[130.142,31.421],[130.135,31.417],[130.136,31.414],[130.133,31.413],[130.132,31.416],[130.13,31.42],[130.125,31.421],[130.122,31.423],[130.119,31.423],[130.116,31.424],[130.11,31.422],[130.108,31.418],[130.107,31.413],[130.111,31.413],[130.117,31.416],[130.121,31.417],[130.132,31.411],[130.138,31.408],[130.143,31.402],[130.145,31.398],[130.148,31.393],[130.15,31.39],[130.153,31.385],[130.156,31.384],[130.16,31.381],[130.165,31.374],[130.17,31.375],[130.175,31.366],[130.179,31.365],[130.185,31.365],[130.191,31.367],[130.191,31.362],[130.19,31.355],[130.195,31.358],[130.201,31.358],[130.2,31.353],[130.204,31.352],[130.203,31.349],[130.209,31.348],[130.209,31.343],[130.206,31.342],[130.206,31.337],[130.2,31.334],[130.196,31.33],[130.191,31.332],[130.184,31.33],[130.178,31.33],[130.174,31.325],[130.18,31.324],[130.189,31.322],[130.19,31.317],[130.197,31.317],[130.204,31.318],[130.207,31.322],[130.215,31.321],[130.216,31.317],[130.22,31.313],[130.225,31.31],[130.226,31.306],[130.222,31.301],[130.218,31.301],[130.213,31.299],[130.209,31.298],[130.203,31.296],[130.199,31.295],[130.199,31.292],[130.202,31.286],[130.207,31.282],[130.214,31.29],[130.217,31.283],[130.226,31.283],[130.229,31.281],[130.224,31.276],[130.218,31.277],[130.214,31.274],[130.218,31.272],[130.228,31.271],[130.229,31.268],[130.225,31.267],[130.219,31.267],[130.22,31.263],[130.217,31.261],[130.213,31.255],[130.217,31.25],[130.223,31.254],[130.226,31.25],[130.232,31.256],[130.236,31.257],[130.239,31.259],[130.242,31.255],[130.247,31.255],[130.253,31.257],[130.262,31.256],[130.264,31.26],[130.262,31.265],[130.255,31.269],[130.251,31.277],[130.259,31.281],[130.265,31.289],[130.267,31.293],[130.259,31.296],[130.257,31.299],[130.252,31.303],[130.244,31.305],[130.246,31.312],[130.25,31.311],[130.26,31.311],[130.263,31.314],[130.269,31.314],[130.274,31.319],[130.278,31.324],[130.282,31.327],[130.287,31.332],[130.292,31.331],[130.294,31.335],[130.301,31.339],[130.309,31.335],[130.316,31.341],[130.321,31.345],[130.327,31.345],[130.328,31.35],[130.327,31.354],[130.332,31.36],[130.338,31.365],[130.339,31.369],[130.339,31.374],[130.34,31.38],[130.336,31.383],[130.336,31.387],[130.34,31.39],[130.341,31.394],[130.346,31.398],[130.356,31.404],[130.359,31.409],[130.36,31.412],[130.366,31.412],[130.375,31.411],[130.381,31.412],[130.383,31.417],[130.383,31.422],[130.39,31.425],[130.391,31.429],[130.395,31.433],[130.397,31.438],[130.401,31.439],[130.405,31.443],[130.412,31.449],[130.416,31.454],[130.419,31.456],[130.42,31.461],[130.422,31.466],[130.429,31.469],[130.432,31.471],[130.436,31.472],[130.443,31.476],[130.446,31.476],[130.445,31.483],[130.44,31.489],[130.435,31.493]]]]}},{"type":"Feature","properties":{"name":"志布志市","code":"46221"},"geometry":{"type":"MultiPolygon","coordinates":[[[[130.939,31.514],[130.935,31.514],[130.93,31.509],[130.932,31.504],[130.936,31.504],[130.939,31.51],[130.939,31.514]]],[[[130.961,31.531],[130.964,31.538],[130.958,31.539],[130.954,31.536],[130.961,31.531]]],[[[131.06,31.446],[131.067,31.452],[131.074,31.456],[131.078,31.458],[131.085,31.448],[131.09,31.451],[131.088,31.454],[131.083,31.457],[131.087,31.461],[131.092,31.458],[131.099,31.46],[131.097,31.465],[131.102,31.464],[131.105,31.468],[131.111,31.476],[131.118,31.475],[131.122,31.474],[131.125,31.471],[131.13,31.471],[131.137,31.467],[131.138,31.461],[131.141,31.464],[131.144,31.468],[131.149,31.467],[131.153,31.467],[131.156,31.463],[131.163,31.465],[131.164,31.474],[131.164,31.481],[131.163,31.484],[131.166,31.489],[131.171,31.494],[131.17,31.499],[131.175,31.502],[131.179,31.506],[131.184,31.507],[131.193,31.51],[131.197,31.512],[131.2,31.515],[131.201,31.518],[131.2,31.523],[131.201,31.527],[131.201,31.531],[131.197,31.539],[131.196,31.547],[131.195,31.552],[131.192,31.555],[131.194,31.56],[131.2,31.564],[131.202,31.567],[131.203,31.571],[131.205,31.58],[131.2,31.59],[131.197,31.595],[131.192,31.599],[131.187,31.604],[131.185,31.61],[131.189,31.619],[131.189,31.622],[131.18,31.626],[131.179,31.63],[131.174,31.633],[131.17,31.633],[131.167,31.625],[131.157,31.619],[131.155,31.615],[131.156,31.612],[131.152,31.61],[131.143,31.608],[131.139,31.605],[131.134,31.606],[131.124,31.606],[131.122,31.597],[131.119,31.597],[131.115,31.595],[131.112,31.591],[131.109,31.59],[131.102,31.593],[131.095,31.594],[131.09,31.595],[131.083,31.593],[131.079,31.597],[131.071,31.597],[131.063,31.601],[131.056,31.6],[131.052,31.605],[131.049,31.602],[131.04,31.604],[131.037,31.608],[131.03,31.609],[131.026,31.605],[131.024,31.599],[131.016,31.595],[131.018,31.59],[131.022,31.587],[131.03,31.583],[131.031,31.579],[131.035,31.573],[131.039,31.572],[131.039,31.565],[131.032,31.561],[131.03,31.558],[131.024,31.556],[131.021,31.556],[131.019,31.551],[131.02,31.545],[131.023,31.545],[131.024,31.539],[131.02,31.537],[131.011,31.533],[131.007,31.531],[131.002,31.529],[130.999,31.536],[130.996,31.535],[130.992,31.537],[130.987,31.539],[130.983,31.541],[130.975,31.538],[130.972,31.534],[130.972,31.531],[130.972,31.527],[130.977,31.525],[130.972,31.523],[130.972,31.516],[130.976,31.515],[130.976,31.51],[130.969,31.511],[130.967,31.507],[130.962,31.506],[130.959,31.504],[130.966,31.503],[130.97,31.503],[130.971,31.497],[130.966,31.484],[130.963,31.48],[130.963,31.475],[130.968,31.471],[130.974,31.468],[130.977,31.464],[130.982,31.464],[130.984,31.46],[130.992,31.454],[130.999,31.457],[131.003,31.456],[131.008,31.459],[131.011,31.467],[131.015,31.471],[131.02,31.473],[131.026,31.467],[131.033,31.461],[131.042,31.462],[131.052,31.457],[131.046,31.457],[131.048,31.454],[131.052,31.449],[131.049,31.446],[131.055,31.447],[131.06,31.446]],[[130.994,31.48],[130.991,31.476],[130.991,31.473],[130.993,31.469],[130.989,31.469],[130.984,31.469],[130.985,31.474],[130.985,31.478],[130.994,31.48]]]]}},{"type":"Feature","properties":{"name":"奄美市","code":"46222"},"geometry":{"type":"MultiPolygon","coordinates":[[[[129.571,28.345],[129.567,28.348],[129.564,28.347],[129.559,28.347],[129.547,28.346],[129.544,28.344],[129.54,28.345],[129.54,28.348],[129.536,28.349],[129.533,28.347],[129.528,28.351],[129.522,28.354],[129.524,28.36],[129.531,28.367],[129.535,28.366],[129.54,28.369],[129.542,28.377],[129.545,28.379],[129.549,28.38],[129.552,28.382],[129.553,28.388],[129.552,28.393],[129.556,28.395],[129.557,28.399],[129.556,28.403],[129.558,28.407],[129.554,28.408],[129.545,28.406],[129.546,28.409],[129.549,28.417],[129.547,28.423],[129.545,28.427],[129.547,28.43],[129.55,28.435],[129.55,28.442],[129.548,28.448],[129.546,28.453],[129.544,28.457],[129.54,28.456],[129.535,28.454],[129.536,28.45],[129.531,28.448],[129.526,28.445],[129.521,28.445],[129.519,28.44],[129.516,28.435],[129.519,28.43],[129.519,28.426],[129.515,28.424],[129.514,28.419],[129.511,28.411],[129.513,28.406],[129.518,28.404],[129.523,28.402],[129.517,28.402],[129.515,28.398],[129.51,28.4],[129.503,28.392],[129.503,28.388],[129.5,28.383],[129.496,28.384],[129.495,28.388],[129.497,28.394],[129.497,28.403],[129.494,28.408],[129.49,28.413],[129.486,28.407],[129.482,28.403],[129.478,28.4],[129.468,28.402],[129.471,28.408],[129.468,28.412],[129.463,28.413],[129.456,28.411],[129.454,28.401],[129.453,28.393],[129.449,28.391],[129.448,28.386],[129.45,28.382],[129.446,28.38],[129.443,28.382],[129.436,28.381],[129.431,28.383],[129.429,28.388],[129.424,28.389],[129.417,28.385],[129.413,28.387],[129.41,28.384],[129.405,28.383],[129.4,28.384],[129.395,28.385],[129.399,28.383],[129.403,28.38],[129.407,28.38],[129.412,28.375],[129.415,28.374],[129.418,28.374],[129.422,28.372],[129.423,28.365],[129.426,28.362],[129.425,28.357],[129.424,28.352],[129.427,28.349],[129.431,28.34],[129.432,28.333],[129.435,28.327],[129.429,28.328],[129.419,28.329],[129.415,28.327],[129.41,28.327],[129.404,28.324],[129.407,28.315],[129.405,28.311],[129.406,28.308],[129.399,28.308],[129.395,28.303],[129.387,28.303],[129.381,28.301],[129.373,28.296],[129.368,28.296],[129.36,28.293],[129.361,28.284],[129.364,28.282],[129.367,28.279],[129.373,28.276],[129.377,28.273],[129.368,28.266],[129.363,28.262],[129.359,28.262],[129.357,28.256],[129.353,28.255],[129.35,28.252],[129.349,28.249],[129.347,28.241],[129.348,28.228],[129.353,28.226],[129.36,28.223],[129.363,28.218],[129.361,28.212],[129.366,28.21],[129.37,28.207],[129.371,28.204],[129.375,28.205],[129.379,28.21],[129.381,28.213],[129.389,28.212],[129.396,28.216],[129.403,28.218],[129.404,28.213],[129.411,28.212],[129.416,28.213],[129.422,28.207],[129.424,28.2],[129.425,28.197],[129.43,28.193],[129.433,28.199],[129.437,28.199],[129.441,28.197],[129.444,28.199],[129.45,28.197],[129.454,28.2],[129.452,28.205],[129.456,28.208],[129.46,28.209],[129.469,28.212],[129.471,28.208],[129.477,28.211],[129.475,28.217],[129.471,28.219],[129.466,28.225],[129.458,28.229],[129.457,28.232],[129.453,28.232],[129.449,28.229],[129.444,28.23],[129.44,28.232],[129.437,28.235],[129.433,28.238],[129.429,28.237],[129.426,28.242],[129.423,28.242],[129.418,28.243],[129.412,28.247],[129.408,28.247],[129.408,28.25],[129.412,28.25],[129.419,28.249],[129.428,28.249],[129.434,28.248],[129.439,28.245],[129.443,28.246],[129.446,28.249],[129.445,28.253],[129.449,28.261],[129.453,28.263],[129.458,28.265],[129.46,28.268],[129.458,28.272],[129.457,28.275],[129.455,28.282],[129.458,28.288],[129.455,28.292],[129.458,28.296],[129.462,28.297],[129.468,28.296],[129.474,28.295],[129.48,28.289],[129.486,28.29],[129.49,28.292],[129.495,28.297],[129.5,28.298],[129.507,28.298],[129.515,28.301],[129.519,28.301],[129.523,28.302],[129.526,28.305],[129.53,28.304],[129.534,28.307],[129.538,28.306],[129.541,28.309],[129.545,28.312],[129.543,28.316],[129.537,28.32],[129.533,28.324],[129.536,28.328],[129.539,28.331],[129.546,28.331],[129.551,28.332],[129.556,28.334],[129.562,28.333],[129.566,28.336],[129.568,28.342],[129.571,28.345]]],[[[129.634,28.406],[129.642,28.404],[129.652,28.402],[129.654,28.398],[129.661,28.399],[129.664,28.398],[129.666,28.401],[129.667,28.405],[129.669,28.409],[129.673,28.411],[129.679,28.411],[129.682,28.41],[129.686,28.413],[129.692,28.414],[129.697,28.417],[129.702,28.421],[129.704,28.424],[129.709,28.421],[129.719,28.439],[129.714,28.443],[129.714,28.447],[129.721,28.454],[129.722,28.458],[129.721,28.462],[129.717,28.463],[129.717,28.471],[129.718,28.475],[129.713,28.475],[129.704,28.477],[129.702,28.481],[129.698,28.484],[129.698,28.488],[129.696,28.492],[129.692,28.5],[129.691,28.509],[129.693,28.518],[129.69,28.525],[129.69,28.531],[129.684,28.528],[129.677,28.527],[129.669,28.516],[129.665,28.51],[129.66,28.506],[129.66,28.502],[129.653,28.501],[129.648,28.504],[129.646,28.501],[129.646,28.497],[129.65,28.495],[129.653,28.49],[129.657,28.481],[129.666,28.475],[129.669,28.47],[129.672,28.468],[129.671,28.463],[129.673,28.458],[129.668,28.455],[129.666,28.447],[129.67,28.445],[129.671,28.44],[129.667,28.439],[129.661,28.446],[129.661,28.45],[129.66,28.453],[129.658,28.459],[129.655,28.461],[129.655,28.465],[129.653,28.468],[129.649,28.469],[129.65,28.464],[129.649,28.459],[129.65,28.453],[129.648,28.449],[129.652,28.447],[129.652,28.441],[129.656,28.437],[129.659,28.432],[129.656,28.425],[129.652,28.422],[129.65,28.425],[129.646,28.428],[129.646,28.432],[129.645,28.427],[129.648,28.422],[129.647,28.413],[129.647,28.408],[129.64,28.409],[129.636,28.406]]]]}},{"type":"Feature","properties":{"name":"熊毛郡屋久島町","code":"46505"},"geometry":{"type":"MultiPolygon","coordinates":[[[[130.498,30.469],[130.494,30.467],[130.493,30.463],[130.497,30.456],[130.492,30.454],[130.488,30.454],[130.489,30.458],[130.484,30.458],[130.479,30.458],[130.476,30.461],[130.472,30.461],[130.469,30.457],[130.464,30.457],[130.463,30.454],[130.466,30.45],[130.466,30.446],[130.464,30.437],[130.46,30.432],[130.456,30.432],[130.452,30.433],[130.447,30.429],[130.444,30.423],[130.44,30.421],[130.435,30.41],[130.431,30.405],[130.424,30.4],[130.419,30.396],[130.412,30.396],[130.406,30.398],[130.396,30.397],[130.391,30.397],[130.388,30.392],[130.381,30.394],[130.378,30.392],[130.381,30.389],[130.379,30.386],[130.377,30.383],[130.378,30.377],[130.377,30.372],[130.38,30.366],[130.38,30.361],[130.383,30.359],[130.383,30.354],[130.384,30.343],[130.388,30.34],[130.387,30.336],[130.392,30.322],[130.396,30.317],[130.401,30.317],[130.405,30.313],[130.407,30.305],[130.41,30.298],[130.413,30.297],[130.411,30.294],[130.414,30.288],[130.413,30.284],[130.414,30.276],[130.414,30.271],[130.413,30.266],[130.417,30.267],[130.421,30.267],[130.424,30.262],[130.427,30.257],[130.431,30.255],[130.431,30.251],[130.435,30.244],[130.436,30.241],[130.443,30.237],[130.446,30.238],[130.451,30.236],[130.463,30.234],[130.471,30.233],[130.477,30.234],[130.482,30.232],[130.489,30.227],[130.495,30.227],[130.498,30.231],[130.503,30.233],[130.509,30.232],[130.512,30.232],[130.519,30.23],[130.522,30.227],[130.525,30.228],[130.529,30.23],[130.53,30.234],[130.538,30.23],[130.541,30.231],[130.545,30.23],[130.55,30.234],[130.554,30.234],[130.557,30.232],[130.559,30.236],[130.567,30.237],[130.572,30.236],[130.577,30.237],[130.581,30.24],[130.586,30.24],[130.587,30.244],[130.592,30.249],[130.597,30.249],[130.605,30.253],[130.605,30.258],[130.607,30.262],[130.61,30.263],[130.616,30.267],[130.619,30.271],[130.623,30.272],[130.624,30.276],[130.628,30.281],[130.634,30.282],[130.638,30.287],[130.644,30.293],[130.651,30.298],[130.658,30.306],[130.657,30.312],[130.66,30.317],[130.662,30.323],[130.663,30.331],[130.663,30.335],[130.664,30.339],[130.667,30.349],[130.666,30.357],[130.668,30.361],[130.669,30.366],[130.672,30.372],[130.67,30.377],[130.668,30.381],[130.663,30.386],[130.657,30.39],[130.654,30.392],[130.649,30.395],[130.644,30.398],[130.639,30.401],[130.63,30.401],[130.625,30.402],[130.621,30.404],[130.611,30.408],[130.604,30.409],[130.599,30.41],[130.597,30.413],[130.598,30.417],[130.592,30.418],[130.586,30.421],[130.58,30.425],[130.573,30.426],[130.571,30.429],[130.567,30.434],[130.562,30.436],[130.557,30.438],[130.552,30.443],[130.549,30.443],[130.543,30.447],[130.539,30.448],[130.533,30.447],[130.528,30.448],[130.528,30.444],[130.522,30.447],[130.518,30.451],[130.511,30.456],[130.507,30.455],[130.499,30.453],[130.501,30.458],[130.498,30.469]]],[[[130.147,30.49],[130.146,30.486],[130.149,30.483],[130.15,30.479],[130.155,30.477],[130.16,30.474],[130.166,30.47],[130.171,30.461],[130.169,30.458],[130.173,30.457],[130.178,30.456],[130.182,30.457],[130.192,30.463],[130.196,30.461],[130.196,30.456],[130.19,30.454],[130.189,30.45],[130.192,30.444],[130.193,30.439],[130.198,30.434],[130.201,30.433],[130.203,30.428],[130.21,30.425],[130.21,30.422],[130.216,30.425],[130.22,30.425],[130.226,30.424],[130.23,30.425],[130.23,30.428],[130.234,30.431],[130.235,30.435],[130.239,30.437],[130.245,30.437],[130.248,30.438],[130.254,30.439],[130.257,30.437],[130.261,30.433],[130.266,30.44],[130.265,30.445],[130.265,30.448],[130.256,30.451],[130.25,30.454],[130.247,30.46],[130.243,30.46],[130.239,30.464],[130.235,30.47],[130.229,30.468],[130.225,30.472],[130.221,30.474],[130.213,30.473],[130.207,30.478],[130.2,30.481],[130.196,30.476],[130.196,30.473],[130.191,30.472],[130.186,30.476],[130.184,30.481],[130.179,30.483],[130.172,30.484],[130.169,30.483],[130.166,30.482],[130.169,30.489],[130.165,30.49],[130.159,30.486],[130.156,30.485],[130.149,30.488]]]]}},{"type":"Feature","properties":{"name":"大島郡瀬戸内町","code":"46525"},"geometry":{"type":"MultiPolygon","coordinates":[[[[129.344,28.238],[129.337,28.24],[129.331,28.236],[129.327,28.233],[129.324,28.237],[129.316,28.236],[129.311,28.233],[129.305,28.24],[129.298,28.241],[129.295,28.239],[129.292,28.241],[129.289,28.245],[129.285,28.25],[129.279,28.248],[129.27,28.246],[129.266,28.245],[129.26,28.245],[129.252,28.242],[129.246,28.237],[129.241,28.237],[129.237,28.235],[129.232,28.235],[129.226,28.242],[129.22,28.24],[129.215,28.239],[129.212,28.24],[129.206,28.238],[129.202,28.242],[129.194,28.241],[129.189,28.242],[129.187,28.246],[129.183,28.25],[129.175,28.251],[129.171,28.249],[129.165,28.25],[129.157,28.252],[129.151,28.25],[129.146,28.255],[129.14,28.254],[129.135,28.255],[129.138,28.252],[129.144,28.252],[129.143,28.248],[129.148,28.247],[129.152,28.237],[129.158,28.238],[129.163,28.238],[129.163,28.243],[129.17,28.243],[129.173,28.239],[129.173,28.236],[129.176,28.231],[129.176,28.227],[129.178,28.224],[129.181,28.224],[129.186,28.222],[129.19,28.223],[129.191,28.227],[129.195,28.228],[129.2,28.225],[129.205,28.219],[129.209,28.22],[129.213,28.219],[129.214,28.224],[129.217,28.229],[129.22,28.225],[129.224,28.222],[129.23,28.219],[129.237,28.219],[129.242,28.217],[129.243,28.214],[129.242,28.209],[129.246,28.204],[129.251,28.204],[129.254,28.205],[129.257,28.21],[129.253,28.212],[129.249,28.212],[129.249,28.216],[129.254,28.219],[129.254,28.224],[129.252,28.228],[129.253,28.232],[129.258,28.231],[129.262,28.232],[129.264,28.226],[129.266,28.232],[129.269,28.228],[129.272,28.23],[129.276,28.232],[129.278,28.228],[129.274,28.226],[129.269,28.222],[129.269,28.219],[129.262,28.218],[129.267,28.215],[129.271,28.216],[129.277,28.219],[129.288,28.222],[129.295,28.22],[129.29,28.216],[129.287,28.212],[129.282,28.211],[129.28,28.208],[129.275,28.209],[129.273,28.199],[129.269,28.197],[129.264,28.193],[129.266,28.189],[129.263,28.186],[129.263,28.183],[129.266,28.183],[129.274,28.182],[129.274,28.186],[129.28,28.187],[129.282,28.191],[129.28,28.194],[129.281,28.197],[129.285,28.193],[129.289,28.19],[129.287,28.185],[129.283,28.182],[129.285,28.179],[129.289,28.181],[129.294,28.178],[129.292,28.175],[129.297,28.172],[129.297,28.168],[129.292,28.166],[129.289,28.168],[129.287,28.163],[129.292,28.162],[129.297,28.16],[129.295,28.155],[129.291,28.153],[129.296,28.151],[129.299,28.15],[129.304,28.148],[129.309,28.147],[129.316,28.143],[129.32,28.137],[129.322,28.132],[129.326,28.135],[129.331,28.134],[129.333,28.129],[129.338,28.132],[129.338,28.137],[129.341,28.139],[129.345,28.139],[129.348,28.131],[129.354,28.136],[129.36,28.135],[129.36,28.132],[129.367,28.13],[129.36,28.127],[129.364,28.123],[129.364,28.119],[129.368,28.118],[129.366,28.112],[129.37,28.111],[129.377,28.111],[129.38,28.113],[129.379,28.117],[129.378,28.126],[129.372,28.13],[129.37,28.135],[129.369,28.141],[129.363,28.149],[129.36,28.149],[129.356,28.152],[129.355,28.156],[129.349,28.159],[129.344,28.162],[129.337,28.167],[129.338,28.17],[129.343,28.17],[129.348,28.173],[129.356,28.172],[129.362,28.17],[129.364,28.166],[129.368,28.165],[129.372,28.165],[129.376,28.164],[129.382,28.166],[129.384,28.161],[129.395,28.159],[129.402,28.156],[129.406,28.167],[129.407,28.171],[129.408,28.174],[129.408,28.18],[129.408,28.184],[129.404,28.185],[129.403,28.191],[129.411,28.192],[129.415,28.19],[129.419,28.187],[129.43,28.193],[129.425,28.197],[129.424,28.2],[129.422,28.207],[129.416,28.211],[129.411,28.212],[129.407,28.212],[129.403,28.218],[129.396,28.216],[129.389,28.212],[129.381,28.213],[129.379,28.21],[129.375,28.205],[129.371,28.204],[129.37,28.207],[129.366,28.21],[129.361,28.212],[129.363,28.218],[129.36,28.223],[129.353,28.226],[129.348,28.228],[129.344,28.238]]],[[[129.214,28.055],[129.213,28.048],[129.206,28.041],[129.206,28.034],[129.21,28.03],[129.212,28.023],[129.217,28.023],[129.226,28.025],[129.235,28.023],[129.24,28.019],[129.243,28.019],[129.248,28.017],[129.253,28.014],[129.256,28.01],[129.257,28.005],[129.261,28.007],[129.265,28.011],[129.269,28.017],[129.266,28.02],[129.27,28.026],[129.268,28.03],[129.268,28.036],[129.262,28.036],[129.259,28.031],[129.254,28.03],[129.254,28.034],[129.25,28.039],[129.243,28.033],[129.239,28.031],[129.236,28.031],[129.231,28.034],[129.232,28.037],[129.226,28.045],[129.219,28.051],[129.217,28.055]]],[[[129.173,28.069],[129.166,28.068],[129.164,28.062],[129.159,28.06],[129.158,28.054],[129.152,28.05],[129.149,28.036],[129.146,28.033],[129.145,28.028],[129.144,28.023],[129.144,28.019],[129.148,28.014],[129.154,28.018],[129.159,28.017],[129.166,28.021],[129.165,28.03],[129.167,28.035],[129.17,28.037],[129.165,28.043],[129.166,28.046],[129.172,28.049],[129.177,28.048],[129.174,28.053],[129.173,28.057],[129.17,28.062],[129.173,28.066],[129.173,28.069]]],[[[129.165,28.123],[129.161,28.123],[129.162,28.118],[129.167,28.117],[129.171,28.115],[129.174,28.109],[129.177,28.111],[129.175,28.115],[129.171,28.12],[129.166,28.121]]],[[[129.17,28.199],[129.164,28.193],[129.17,28.192],[129.173,28.197]]],[[[129.209,28.201],[129.204,28.2],[129.196,28.197],[129.192,28.194],[129.19,28.188],[129.187,28.187],[129.183,28.187],[129.182,28.191],[129.176,28.188],[129.176,28.183],[129.178,28.18],[129.183,28.176],[129.185,28.169],[129.187,28.159],[129.192,28.155],[129.195,28.155],[129.199,28.151],[129.195,28.146],[129.199,28.145],[129.203,28.143],[129.208,28.147],[129.214,28.142],[129.22,28.139],[129.216,28.135],[129.214,28.126],[129.216,28.123],[129.217,28.12],[129.215,28.115],[129.221,28.111],[129.222,28.106],[129.224,28.103],[129.224,28.099],[129.222,28.095],[129.222,28.092],[129.22,28.088],[129.215,28.086],[129.211,28.085],[129.214,28.084],[129.216,28.077],[129.222,28.078],[129.225,28.082],[129.229,28.085],[129.229,28.089],[129.233,28.093],[129.237,28.094],[129.241,28.1],[129.244,28.1],[129.249,28.1],[129.247,28.105],[129.243,28.106],[129.25,28.111],[129.255,28.108],[129.259,28.107],[129.262,28.1],[129.262,28.095],[129.261,28.091],[129.265,28.09],[129.265,28.083],[129.262,28.081],[129.268,28.073],[129.273,28.07],[129.279,28.065],[129.284,28.063],[129.289,28.065],[129.284,28.071],[129.288,28.076],[129.287,28.081],[129.286,28.085],[129.291,28.085],[129.292,28.091],[129.295,28.091],[129.301,28.089],[129.307,28.087],[129.309,28.091],[129.314,28.092],[129.315,28.096],[129.321,28.097],[129.324,28.094],[129.325,28.09],[129.321,28.087],[129.319,28.083],[129.318,28.078],[129.316,28.074],[129.316,28.07],[129.32,28.071],[129.318,28.066],[129.319,28.062],[129.323,28.068],[129.328,28.072],[129.333,28.075],[129.34,28.076],[129.342,28.085],[129.345,28.089],[129.346,28.092],[129.348,28.098],[129.352,28.1],[129.354,28.106],[129.348,28.108],[129.344,28.112],[129.345,28.116],[129.341,28.118],[129.341,28.114],[129.337,28.11],[129.33,28.11],[129.325,28.114],[129.326,28.11],[129.325,28.105],[129.322,28.101],[129.319,28.102],[129.318,28.106],[129.312,28.111],[129.307,28.112],[129.307,28.115],[129.305,28.12],[129.3,28.116],[129.298,28.111],[129.295,28.108],[129.291,28.108],[129.288,28.112],[129.286,28.117],[129.289,28.123],[129.282,28.122],[129.28,28.119],[129.279,28.115],[129.275,28.113],[129.271,28.115],[129.273,28.119],[129.274,28.124],[129.266,28.125],[129.266,28.121],[129.262,28.119],[129.265,28.124],[129.265,28.129],[129.271,28.13],[129.275,28.134],[129.276,28.14],[129.267,28.136],[129.265,28.132],[129.259,28.131],[129.253,28.124],[129.245,28.122],[129.246,28.128],[129.25,28.131],[129.249,28.134],[129.243,28.134],[129.242,28.138],[129.246,28.14],[129.255,28.14],[129.259,28.142],[129.26,28.146],[129.256,28.145],[129.25,28.142],[129.256,28.148],[129.252,28.149],[129.248,28.148],[129.25,28.151],[129.254,28.154],[129.262,28.153],[129.268,28.153],[129.275,28.151],[129.274,28.155],[129.274,28.158],[129.271,28.161],[129.268,28.167],[129.264,28.171],[129.262,28.166],[129.257,28.163],[129.258,28.172],[129.254,28.172],[129.255,28.167],[129.257,28.163],[129.255,28.159],[129.252,28.157],[129.246,28.153],[129.24,28.151],[129.236,28.154],[129.235,28.159],[129.233,28.154],[129.23,28.156],[129.224,28.16],[129.22,28.161],[129.223,28.166],[129.215,28.165],[129.21,28.167],[129.213,28.173],[129.209,28.178],[129.206,28.178],[129.203,28.181],[129.211,28.184],[129.214,28.187],[129.219,28.189],[129.224,28.191],[129.23,28.192],[129.233,28.189],[129.239,28.185],[129.243,28.188],[129.236,28.189],[129.237,28.194],[129.229,28.197],[129.223,28.194],[129.212,28.192],[129.209,28.197],[129.209,28.201]]]]}},{"type":"Feature","properties":{"name":"出水郡長島町","code":"46404"},"geometry":{"type":"MultiPolygon","coordinates":[[[[130.257,32.306],[130.249,32.304],[130.244,32.301],[130.241,32.301],[130.233,32.3],[130.231,32.296],[130.236,32.292],[130.232,32.292],[130.229,32.289],[130.226,32.29],[130.223,32.293],[130.219,32.289],[130.214,32.282],[130.218,32.278],[130.213,32.277],[130.215,32.273],[130.214,32.266],[130.213,32.261],[130.21,32.255],[130.213,32.252],[130.22,32.257],[130.226,32.262],[130.235,32.256],[130.242,32.256],[130.24,32.259],[130.235,32.261],[130.239,32.265],[130.247,32.268],[130.248,32.271],[130.253,32.275],[130.258,32.275],[130.258,32.28],[130.268,32.28],[130.266,32.288],[130.265,32.293],[130.267,32.296],[130.257,32.299],[130.254,32.303],[130.257,32.306]]],[[[130.174,32.229],[130.171,32.225],[130.167,32.225],[130.165,32.222],[130.167,32.219],[130.164,32.215],[130.159,32.22],[130.159,32.224],[130.152,32.219],[130.154,32.215],[130.148,32.217],[130.148,32.21],[130.157,32.204],[130.155,32.198],[130.152,32.203],[130.148,32.204],[130.141,32.212],[130.135,32.214],[130.131,32.216],[130.126,32.216],[130.129,32.211],[130.124,32.213],[130.121,32.212],[130.112,32.216],[130.106,32.214],[130.106,32.21],[130.11,32.21],[130.111,32.207],[130.105,32.205],[130.118,32.201],[130.114,32.199],[130.109,32.2],[130.113,32.196],[130.107,32.193],[130.103,32.194],[130.108,32.19],[130.098,32.189],[130.096,32.185],[130.091,32.182],[130.098,32.181],[130.1,32.175],[130.105,32.174],[130.109,32.171],[130.11,32.161],[130.116,32.157],[130.117,32.15],[130.114,32.141],[130.113,32.13],[130.113,32.125],[130.117,32.123],[130.119,32.118],[130.124,32.118],[130.129,32.115],[130.131,32.112],[130.138,32.105],[130.142,32.109],[130.146,32.106],[130.15,32.102],[130.149,32.094],[130.154,32.093],[130.157,32.09],[130.163,32.09],[130.168,32.093],[130.167,32.097],[130.169,32.101],[130.17,32.105],[130.176,32.115],[130.178,32.122],[130.174,32.126],[130.173,32.13],[130.177,32.128],[130.179,32.137],[130.185,32.14],[130.193,32.147],[130.196,32.148],[130.203,32.148],[130.209,32.154],[130.209,32.157],[130.206,32.163],[130.203,32.165],[130.205,32.169],[130.197,32.168],[130.197,32.171],[130.194,32.166],[130.187,32.166],[130.187,32.171],[130.187,32.177],[130.184,32.176],[130.184,32.179],[130.189,32.187],[130.194,32.191],[130.2,32.195],[130.194,32.199],[130.19,32.203],[130.188,32.206],[130.185,32.209],[130.187,32.213],[130.182,32.218],[130.176,32.221],[130.176,32.229]]],[[[130.195,32.244],[130.193,32.241],[130.195,32.233],[130.196,32.227],[130.193,32.225],[130.19,32.223],[130.191,32.218],[130.195,32.216],[130.198,32.21],[130.201,32.208],[130.201,32.211],[130.198,32.215],[130.202,32.215],[130.208,32.211],[130.205,32.209],[130.205,32.206],[130.21,32.21],[130.212,32.214],[130.211,32.22],[130.207,32.218],[130.209,32.222],[130.208,32.226],[130.204,32.226],[130.201,32.23],[130.201,32.236],[130.202,32.24],[130.195,32.244]]],[[[130.223,32.255],[130.223,32.251],[130.227,32.246],[130.23,32.251],[130.226,32.252]]],[[[130.187,32.269],[130.188,32.264],[130.183,32.263],[130.18,32.257],[130.177,32.254],[130.172,32.257],[130.171,32.254],[130.168,32.25],[130.166,32.245],[130.166,32.241],[130.16,32.242],[130.16,32.238],[130.162,32.233],[130.166,32.23],[130.169,32.226],[130.171,32.23],[130.174,32.235],[130.177,32.238],[130.176,32.243],[130.176,32.248],[130.179,32.251],[130.184,32.253],[130.184,32.257],[130.19,32.261],[130.189,32.269]]]]}},{"type":"Feature","properties":{"name":"姶良郡湧水町","code":"46452"},"geometry":{"type":"MultiPolygon","coordinates":[[[[130.816,31.941],[130.812,31.945],[130.805,31.95],[130.801,31.949],[130.8,31.957],[130.801,31.961],[130.798,31.964],[130.795,31.973],[130.791,31.975],[130.786,31.979],[130.782,31.983],[130.781,31.992],[130.779,31.998],[130.778,32.014],[130.769,32.02],[130.765,32.023],[130.761,32.025],[130.759,32.03],[130.758,32.033],[130.753,32.033],[130.749,32.035],[130.746,32.042],[130.743,32.042],[130.738,32.047],[130.704,32.058],[130.704,32.052],[130.705,32.047],[130.702,32.045],[130.702,32.039],[130.704,32.035],[130.702,32.03],[130.702,32.023],[130.704,32.02],[130.702,32.015],[130.705,32.01],[130.709,32.007],[130.705,32.002],[130.705,31.999],[130.697,31.997],[130.691,31.994],[130.691,31.99],[130.685,31.987],[130.684,31.982],[130.681,31.979],[130.675,31.977],[130.673,31.972],[130.67,31.97],[130.668,31.965],[130.665,31.96],[130.664,31.952],[130.66,31.948],[130.657,31.948],[130.649,31.94],[130.641,31.938],[130.633,31.937],[130.626,31.935],[130.624,31.93],[130.623,31.925],[130.622,31.921],[130.627,31.922],[130.633,31.921],[130.637,31.926],[130.645,31.92],[130.65,31.921],[130.657,31.923],[130.661,31.922],[130.67,31.923],[130.676,31.927],[130.683,31.924],[130.692,31.923],[130.696,31.92],[130.699,31.918],[130.705,31.915],[130.71,31.915],[130.714,31.914],[130.719,31.909],[130.724,31.91],[130.725,31.904],[130.729,31.904],[130.731,31.908],[130.734,31.908],[130.736,31.911],[130.743,31.91],[130.749,31.911],[130.752,31.911],[130.757,31.915],[130.764,31.917],[130.768,31.918],[130.777,31.926],[130.782,31.93],[130.786,31.93],[130.791,31.93],[130.803,31.936],[130.81,31.937],[130.815,31.94]]]]}},{"type":"Feature","properties":{"name":"曽於郡大崎町","code":"46468"},"geometry":{"type":"MultiPolygon","coordinates":[[[[130.994,31.48],[130.986,31.479],[130.985,31.474],[130.987,31.471],[130.987,31.467],[130.993,31.469],[130.991,31.473],[130.991,31.476],[130.994,31.478]]],[[[130.957,31.438],[130.96,31.436],[130.96,31.429],[130.962,31.423],[130.962,31.418],[130.965,31.413],[130.965,31.41],[130.975,31.405],[130.98,31.402],[130.984,31.397],[130.997,31.399],[131.004,31.399],[131.009,31.397],[131.021,31.395],[131.023,31.4],[131.029,31.41],[131.032,31.415],[131.041,31.426],[131.048,31.434],[131.057,31.443],[131.06,31.446],[131.056,31.449],[131.051,31.444],[131.052,31.449],[131.05,31.455],[131.046,31.457],[131.052,31.457],[131.044,31.462],[131.033,31.461],[131.027,31.466],[131.02,31.473],[131.016,31.472],[131.011,31.467],[131.008,31.462],[131.004,31.458],[130.999,31.457],[130.992,31.454],[130.984,31.46],[130.982,31.464],[130.977,31.464],[130.974,31.468],[130.97,31.471],[130.963,31.475],[130.963,31.48],[130.966,31.484],[130.969,31.495],[130.97,31.503],[130.966,31.503],[130.961,31.501],[130.962,31.506],[130.967,31.507],[130.969,31.511],[130.976,31.51],[130.976,31.515],[130.972,31.516],[130.972,31.523],[130.977,31.525],[130.972,31.527],[130.972,31.531],[130.972,31.534],[130.974,31.54],[130.968,31.539],[130.968,31.534],[130.963,31.53],[130.957,31.535],[130.952,31.535],[130.946,31.539],[130.943,31.541],[130.939,31.54],[130.933,31.545],[130.931,31.549],[130.926,31.551],[130.92,31.55],[130.917,31.547],[130.917,31.538],[130.92,31.535],[130.921,31.53],[130.919,31.523],[130.92,31.518],[130.923,31.512],[130.919,31.506],[130.915,31.502],[130.906,31.502],[130.903,31.502],[130.9,31.499],[130.9,31.493],[130.902,31.487],[130.904,31.482],[130.908,31.481],[130.911,31.474],[130.915,31.471],[130.916,31.468],[130.92,31.468],[130.924,31.469],[130.928,31.467],[130.932,31.468],[130.94,31.466],[130.945,31.464],[130.948,31.457],[130.95,31.452],[130.953,31.445],[130.957,31.438]],[[130.939,31.514],[130.939,31.51],[130.938,31.506],[130.932,31.504],[130.93,31.509],[130.935,31.514],[130.938,31.516]]]]}},{"type":"Feature","properties":{"name":"肝属郡東串良町","code":"46482"},"geometry":{"type":"MultiPolygon","coordinates":[[[[131.035,31.368],[131.035,31.375],[131.022,31.377],[131.022,31.372],[131.02,31.365],[131.025,31.363],[131.028,31.367],[131.035,31.368]]],[[[130.969,31.368],[130.973,31.361],[130.97,31.355],[130.974,31.353],[130.975,31.358],[130.979,31.358],[130.977,31.353],[130.981,31.35],[130.986,31.353],[130.987,31.357],[130.998,31.357],[131.008,31.36],[131.013,31.359],[131.016,31.364],[131.016,31.376],[131.017,31.383],[131.019,31.391],[131.021,31.395],[131.012,31.397],[131.004,31.399],[130.997,31.399],[130.984,31.397],[130.98,31.402],[130.975,31.405],[130.965,31.41],[130.965,31.413],[130.962,31.418],[130.962,31.423],[130.96,31.429],[130.96,31.436],[130.957,31.438],[130.955,31.433],[130.954,31.43],[130.955,31.425],[130.953,31.42],[130.955,31.412],[130.959,31.409],[130.958,31.404],[130.959,31.399],[130.962,31.395],[130.961,31.388],[130.962,31.381],[130.966,31.381],[130.971,31.379],[130.966,31.375],[130.968,31.37]]]]}},{"type":"Feature","properties":{"name":"肝属郡錦江町","code":"46490"},"geometry":{"type":"MultiPolygon","coordinates":[[[[130.793,31.296],[130.796,31.292],[130.795,31.288],[130.792,31.283],[130.792,31.279],[130.791,31.273],[130.789,31.267],[130.788,31.261],[130.789,31.255],[130.788,31.249],[130.784,31.246],[130.773,31.239],[130.772,31.235],[130.769,31.23],[130.769,31.227],[130.775,31.224],[130.782,31.23],[130.787,31.23],[130.789,31.233],[130.794,31.231],[130.798,31.232],[130.802,31.235],[130.805,31.235],[130.81,31.231],[130.811,31.226],[130.814,31.223],[130.819,31.223],[130.822,31.238],[130.828,31.244],[130.832,31.242],[130.838,31.241],[130.839,31.235],[130.843,31.232],[130.846,31.225],[130.848,31.218],[130.847,31.214],[130.843,31.213],[130.839,31.211],[130.831,31.213],[130.829,31.209],[130.824,31.204],[130.816,31.203],[130.808,31.206],[130.809,31.2],[130.813,31.196],[130.816,31.191],[130.816,31.186],[130.821,31.187],[130.825,31.182],[130.828,31.175],[130.833,31.172],[130.832,31.168],[130.836,31.162],[130.843,31.158],[130.838,31.156],[130.845,31.156],[130.846,31.148],[130.84,31.145],[130.835,31.141],[130.834,31.138],[130.838,31.13],[130.843,31.129],[130.849,31.126],[130.856,31.126],[130.859,31.123],[130.863,31.122],[130.869,31.125],[130.872,31.125],[130.878,31.13],[130.882,31.13],[130.887,31.132],[130.89,31.135],[130.893,31.138],[130.897,31.142],[130.91,31.149],[130.908,31.156],[130.912,31.158],[130.917,31.161],[130.917,31.165],[130.925,31.168],[130.928,31.172],[130.932,31.175],[130.936,31.176],[130.94,31.18],[130.942,31.184],[130.942,31.188],[130.938,31.189],[130.938,31.192],[130.933,31.194],[130.926,31.195],[130.919,31.196],[130.915,31.195],[130.91,31.2],[130.911,31.204],[130.913,31.207],[130.92,31.213],[130.925,31.217],[130.927,31.221],[130.925,31.225],[130.926,31.228],[130.921,31.229],[130.917,31.231],[130.915,31.235],[130.911,31.239],[130.907,31.24],[130.904,31.243],[130.903,31.247],[130.899,31.252],[130.894,31.25],[130.89,31.249],[130.885,31.255],[130.883,31.259],[130.877,31.265],[130.875,31.269],[130.87,31.271],[130.867,31.27],[130.862,31.271],[130.864,31.278],[130.863,31.282],[130.868,31.289],[130.867,31.294],[130.863,31.298],[130.855,31.3],[130.845,31.301],[130.84,31.306],[130.835,31.308],[130.826,31.309],[130.821,31.307],[130.814,31.309],[130.81,31.31],[130.806,31.306],[130.804,31.3],[130.798,31.3],[130.793,31.296]]]]}},{"type":"Feature","properties":{"name":"肝属郡南大隅町","code":"46491"},"geometry":{"type":"MultiPolygon","coordinates":[[[[130.768,31.225],[130.761,31.217],[130.757,31.215],[130.754,31.212],[130.755,31.207],[130.753,31.203],[130.757,31.197],[130.762,31.193],[130.766,31.185],[130.767,31.181],[130.762,31.174],[130.761,31.171],[130.759,31.168],[130.759,31.164],[130.757,31.161],[130.756,31.156],[130.754,31.151],[130.747,31.139],[130.744,31.131],[130.737,31.125],[130.735,31.12],[130.731,31.117],[130.723,31.115],[130.717,31.115],[130.702,31.102],[130.699,31.099],[130.694,31.099],[130.688,31.097],[130.686,31.093],[130.683,31.089],[130.675,31.087],[130.672,31.087],[130.668,31.085],[130.662,31.078],[130.658,31.076],[130.653,31.07],[130.658,31.071],[130.669,31.068],[130.674,31.065],[130.678,31.062],[130.676,31.058],[130.677,31.052],[130.675,31.045],[130.677,31.034],[130.676,31.031],[130.671,31.026],[130.668,31.023],[130.668,31.019],[130.663,31.015],[130.665,31.012],[130.661,31.008],[130.657,31.007],[130.656,31.003],[130.66,30.995],[130.667,30.997],[130.668,31.002],[130.668,31.008],[130.673,31.009],[130.677,31.008],[130.683,31.004],[130.685,31.007],[130.689,31.015],[130.686,31.021],[130.684,31.025],[130.689,31.025],[130.692,31.023],[130.697,31.023],[130.7,31.028],[130.704,31.028],[130.707,31.031],[130.711,31.031],[130.715,31.029],[130.719,31.032],[130.715,31.036],[130.716,31.042],[130.719,31.046],[130.727,31.046],[130.737,31.051],[130.743,31.053],[130.745,31.059],[130.748,31.061],[130.752,31.061],[130.755,31.06],[130.759,31.057],[130.762,31.062],[130.767,31.066],[130.773,31.067],[130.778,31.066],[130.783,31.069],[130.79,31.074],[130.792,31.079],[130.797,31.082],[130.802,31.084],[130.807,31.081],[130.808,31.087],[130.813,31.089],[130.819,31.089],[130.828,31.09],[130.83,31.094],[130.834,31.093],[130.837,31.092],[130.845,31.09],[130.851,31.09],[130.856,31.092],[130.859,31.094],[130.866,31.095],[130.874,31.095],[130.877,31.099],[130.884,31.103],[130.889,31.106],[130.893,31.107],[130.899,31.11],[130.901,31.113],[130.899,31.117],[130.896,31.121],[130.892,31.123],[130.886,31.123],[130.884,31.129],[130.878,31.13],[130.873,31.128],[130.869,31.125],[130.863,31.122],[130.859,31.123],[130.856,31.126],[130.849,31.126],[130.844,31.127],[130.838,31.13],[130.832,31.137],[130.835,31.141],[130.84,31.145],[130.843,31.146],[130.846,31.154],[130.84,31.154],[130.843,31.158],[130.836,31.162],[130.833,31.165],[130.833,31.172],[130.828,31.175],[130.825,31.182],[130.821,31.187],[130.816,31.186],[130.816,31.191],[130.813,31.196],[130.807,31.198],[130.808,31.206],[130.814,31.205],[130.824,31.204],[130.829,31.209],[130.831,31.213],[130.839,31.211],[130.843,31.213],[130.847,31.214],[130.848,31.218],[130.849,31.224],[130.843,31.232],[130.839,31.235],[130.838,31.241],[130.832,31.242],[130.828,31.244],[130.822,31.238],[130.819,31.223],[130.814,31.223],[130.811,31.226],[130.81,31.231],[130.805,31.235],[130.802,31.235],[130.798,31.233],[130.794,31.231],[130.789,31.233],[130.787,31.23],[130.782,31.23],[130.777,31.227],[130.768,31.225]]]]}},{"type":"Feature","properties":{"name":"西之表市","code":"46213"},"geometry":{"type":"MultiPolygon","coordinates":[[[[130.858,30.766],[130.853,30.763],[130.85,30.757],[130.846,30.755],[130.842,30.749],[130.842,30.743],[130.84,30.74],[130.838,30.73],[130.838,30.727],[130.845,30.727],[130.85,30.726],[130.857,30.725],[130.86,30.726],[130.864,30.731],[130.867,30.736],[130.866,30.739],[130.865,30.749],[130.861,30.751],[130.861,30.756],[130.861,30.762],[130.858,30.766]]],[[[131.033,30.588],[131.037,30.59],[131.041,30.593],[131.048,30.595],[131.05,30.598],[131.055,30.605],[131.052,30.609],[131.052,30.613],[131.057,30.615],[131.053,30.62],[131.053,30.629],[131.055,30.635],[131.059,30.64],[131.056,30.646],[131.05,30.647],[131.051,30.652],[131.051,30.657],[131.053,30.662],[131.054,30.667],[131.056,30.671],[131.063,30.675],[131.064,30.681],[131.066,30.686],[131.065,30.69],[131.069,30.693],[131.073,30.692],[131.078,30.696],[131.077,30.704],[131.074,30.71],[131.073,30.717],[131.074,30.722],[131.073,30.728],[131.074,30.734],[131.072,30.74],[131.072,30.746],[131.073,30.757],[131.072,30.763],[131.072,30.768],[131.074,30.773],[131.081,30.777],[131.083,30.783],[131.083,30.789],[131.08,30.795],[131.076,30.795],[131.072,30.797],[131.071,30.8],[131.071,30.805],[131.073,30.809],[131.072,30.812],[131.067,30.811],[131.067,30.815],[131.064,30.824],[131.062,30.835],[131.055,30.839],[131.046,30.83],[131.041,30.822],[131.037,30.823],[131.036,30.826],[131.033,30.824],[131.032,30.815],[131.022,30.804],[131.016,30.797],[131.013,30.795],[131.011,30.789],[131.004,30.786],[131.003,30.782],[131.008,30.776],[131.009,30.773],[131.008,30.769],[131.009,30.766],[131.003,30.755],[131.003,30.751],[130.999,30.746],[130.996,30.743],[130.991,30.742],[130.989,30.737],[130.994,30.734],[130.991,30.733],[130.987,30.733],[130.992,30.732],[130.994,30.727],[130.992,30.724],[130.988,30.723],[130.982,30.727],[130.979,30.725],[130.977,30.722],[130.974,30.713],[130.971,30.705],[130.968,30.701],[130.963,30.694],[130.961,30.691],[130.955,30.684],[130.952,30.682],[130.947,30.679],[130.945,30.675],[130.942,30.673],[130.94,30.669],[130.945,30.668],[130.945,30.66],[130.945,30.657],[130.942,30.653],[130.942,30.648],[130.946,30.643],[130.947,30.637],[130.954,30.638],[130.958,30.639],[130.962,30.639],[130.969,30.639],[130.976,30.644],[130.98,30.642],[130.98,30.639],[130.979,30.63],[130.982,30.625],[130.988,30.623],[130.984,30.618],[130.989,30.613],[130.994,30.611],[131.001,30.608],[131.008,30.605],[131.013,30.601],[131.018,30.599],[131.021,30.597],[131.024,30.594],[131.027,30.591],[131.029,30.588],[131.033,30.588]]]]}},{"type":"Feature","properties":{"name":"垂水市","code":"46214"},"geometry":{"type":"MultiPolygon","coordinates":[[[[130.698,31.556],[130.702,31.551],[130.707,31.541],[130.707,31.532],[130.702,31.529],[130.698,31.53],[130.699,31.525],[130.698,31.516],[130.695,31.51],[130.698,31.501],[130.697,31.495],[130.691,31.489],[130.691,31.485],[130.692,31.478],[130.696,31.478],[130.697,31.469],[130.699,31.462],[130.706,31.458],[130.716,31.456],[130.729,31.452],[130.735,31.447],[130.737,31.443],[130.744,31.437],[130.752,31.428],[130.755,31.426],[130.757,31.422],[130.76,31.414],[130.759,31.42],[130.766,31.424],[130.773,31.43],[130.776,31.43],[130.78,31.433],[130.783,31.431],[130.79,31.433],[130.794,31.431],[130.795,31.439],[130.803,31.443],[130.807,31.45],[130.806,31.456],[130.809,31.466],[130.814,31.469],[130.818,31.477],[130.817,31.481],[130.819,31.486],[130.816,31.489],[130.817,31.492],[130.813,31.496],[130.804,31.501],[130.797,31.507],[130.794,31.511],[130.795,31.514],[130.801,31.518],[130.804,31.525],[130.807,31.528],[130.802,31.531],[130.803,31.539],[130.811,31.541],[130.815,31.544],[130.815,31.551],[130.812,31.556],[130.813,31.56],[130.818,31.562],[130.819,31.565],[130.816,31.57],[130.821,31.576],[130.818,31.584],[130.824,31.587],[130.826,31.591],[130.828,31.595],[130.827,31.601],[130.823,31.605],[130.822,31.608],[130.813,31.609],[130.812,31.614],[130.809,31.618],[130.815,31.618],[130.815,31.626],[130.809,31.629],[130.801,31.632],[130.8,31.628],[130.797,31.624],[130.796,31.618],[130.796,31.613],[130.792,31.607],[130.787,31.604],[130.787,31.601],[130.788,31.596],[130.788,31.589],[130.787,31.586],[130.783,31.582],[130.782,31.579],[130.777,31.573],[130.768,31.567],[130.767,31.564],[130.762,31.561],[130.758,31.561],[130.752,31.558],[130.746,31.559],[130.742,31.559],[130.735,31.559],[130.725,31.557],[130.719,31.558],[130.715,31.557],[130.709,31.558],[130.701,31.557]]]]}},{"type":"Feature","properties":{"name":"薩摩川内市","code":"46215"},"geometry":{"type":"MultiPolygon","coordinates":[[[[129.785,31.791],[129.782,31.79],[129.786,31.786],[129.785,31.782],[129.786,31.779],[129.783,31.778],[129.782,31.774],[129.788,31.771],[129.788,31.766],[129.786,31.761],[129.783,31.758],[129.779,31.759],[129.775,31.758],[129.78,31.754],[129.779,31.747],[129.776,31.746],[129.776,31.741],[129.769,31.742],[129.766,31.744],[129.763,31.738],[129.757,31.738],[129.756,31.735],[129.75,31.735],[129.742,31.736],[129.74,31.732],[129.734,31.731],[129.727,31.729],[129.721,31.728],[129.713,31.726],[129.706,31.723],[129.705,31.719],[129.697,31.716],[129.701,31.713],[129.702,31.706],[129.695,31.705],[129.691,31.702],[129.692,31.697],[129.693,31.692],[129.689,31.688],[129.684,31.681],[129.682,31.671],[129.678,31.668],[129.682,31.665],[129.678,31.661],[129.671,31.66],[129.667,31.663],[129.662,31.661],[129.659,31.66],[129.66,31.656],[129.66,31.652],[129.662,31.648],[129.666,31.641],[129.667,31.635],[129.673,31.637],[129.678,31.633],[129.683,31.632],[129.684,31.625],[129.689,31.622],[129.697,31.623],[129.699,31.631],[129.699,31.635],[129.706,31.637],[129.711,31.635],[129.71,31.629],[129.712,31.623],[129.717,31.628],[129.712,31.633],[129.718,31.635],[129.72,31.64],[129.724,31.642],[129.728,31.643],[129.726,31.648],[129.73,31.65],[129.738,31.655],[129.731,31.66],[129.727,31.661],[129.725,31.664],[129.725,31.671],[129.728,31.676],[129.735,31.681],[129.738,31.687],[129.744,31.687],[129.745,31.695],[129.739,31.698],[129.739,31.702],[129.739,31.706],[129.743,31.709],[129.748,31.715],[129.754,31.718],[129.758,31.71],[129.769,31.713],[129.774,31.723],[129.777,31.73],[129.78,31.736],[129.778,31.741],[129.782,31.747],[129.785,31.748],[129.789,31.751],[129.789,31.758],[129.793,31.762],[129.8,31.762],[129.8,31.767],[129.796,31.768],[129.797,31.773],[129.793,31.777],[129.797,31.782],[129.803,31.783],[129.797,31.784],[129.792,31.784],[129.788,31.786],[129.785,31.791]]],[[[129.84,31.819],[129.833,31.817],[129.828,31.816],[129.821,31.813],[129.821,31.807],[129.819,31.802],[129.814,31.798],[129.815,31.793],[129.816,31.789],[129.815,31.785],[129.816,31.78],[129.821,31.779],[129.823,31.775],[129.828,31.775],[129.83,31.781],[129.826,31.785],[129.825,31.79],[129.828,31.791],[129.832,31.794],[129.836,31.798],[129.842,31.797],[129.844,31.801],[129.836,31.805],[129.838,31.809],[129.843,31.813],[129.84,31.817]]],[[[129.844,31.83],[129.839,31.827],[129.836,31.826],[129.841,31.822],[129.845,31.829]]],[[[129.852,31.883],[129.84,31.881],[129.835,31.882],[129.832,31.875],[129.828,31.868],[129.823,31.864],[129.817,31.862],[129.82,31.852],[129.822,31.848],[129.821,31.843],[129.827,31.844],[129.832,31.839],[129.835,31.837],[129.835,31.843],[129.833,31.846],[129.834,31.854],[129.838,31.857],[129.838,31.861],[129.842,31.87],[129.843,31.866],[129.842,31.86],[129.847,31.857],[129.85,31.855],[129.857,31.856],[129.863,31.859],[129.862,31.855],[129.853,31.852],[129.844,31.852],[129.846,31.845],[129.849,31.843],[129.849,31.837],[129.848,31.833],[129.852,31.833],[129.857,31.837],[129.862,31.836],[129.862,31.831],[129.861,31.826],[129.857,31.824],[129.863,31.82],[129.87,31.822],[129.874,31.82],[129.874,31.817],[129.871,31.813],[129.874,31.809],[129.872,31.805],[129.878,31.807],[129.881,31.808],[129.89,31.811],[129.896,31.813],[129.899,31.814],[129.904,31.82],[129.902,31.823],[129.906,31.825],[129.911,31.821],[129.916,31.821],[129.919,31.817],[129.925,31.82],[129.93,31.824],[129.93,31.831],[129.931,31.837],[129.921,31.839],[129.92,31.843],[129.922,31.848],[129.931,31.85],[129.93,31.854],[129.93,31.859],[129.924,31.862],[129.924,31.865],[129.931,31.865],[129.936,31.868],[129.931,31.868],[129.928,31.869],[129.921,31.867],[129.915,31.867],[129.908,31.87],[129.905,31.868],[129.91,31.865],[129.908,31.86],[129.909,31.856],[129.912,31.854],[129.917,31.852],[129.917,31.847],[129.911,31.843],[129.906,31.844],[129.898,31.847],[129.897,31.852],[129.892,31.855],[129.886,31.855],[129.882,31.857],[129.874,31.868],[129.863,31.877],[129.852,31.883]]],[[[130.474,31.73],[130.473,31.734],[130.478,31.738],[130.481,31.742],[130.482,31.747],[130.49,31.751],[130.497,31.758],[130.502,31.759],[130.502,31.763],[130.504,31.769],[130.502,31.774],[130.502,31.78],[130.502,31.783],[130.501,31.788],[130.501,31.791],[130.507,31.794],[130.513,31.797],[130.518,31.8],[130.519,31.805],[130.515,31.809],[130.519,31.809],[130.52,31.816],[130.522,31.819],[130.52,31.824],[130.525,31.831],[130.535,31.835],[130.533,31.838],[130.537,31.843],[130.54,31.845],[130.549,31.853],[130.553,31.855],[130.557,31.856],[130.561,31.859],[130.567,31.856],[130.575,31.858],[130.58,31.864],[130.583,31.872],[130.588,31.875],[130.59,31.879],[130.584,31.88],[130.579,31.883],[130.573,31.891],[130.569,31.894],[130.561,31.894],[130.553,31.894],[130.55,31.894],[130.539,31.894],[130.534,31.894],[130.529,31.896],[130.522,31.897],[130.518,31.898],[130.518,31.902],[130.51,31.902],[130.506,31.902],[130.507,31.899],[130.507,31.895],[130.507,31.89],[130.504,31.891],[130.498,31.888],[130.488,31.891],[130.487,31.895],[130.482,31.893],[130.475,31.892],[130.474,31.885],[130.472,31.88],[130.472,31.877],[130.47,31.871],[130.466,31.868],[130.465,31.863],[130.469,31.859],[130.461,31.854],[130.464,31.85],[130.465,31.846],[130.465,31.842],[130.466,31.836],[130.465,31.828],[130.463,31.824],[130.458,31.819],[130.456,31.823],[130.454,31.831],[130.452,31.836],[130.449,31.839],[130.446,31.84],[130.44,31.84],[130.429,31.844],[130.425,31.844],[130.419,31.845],[130.415,31.844],[130.415,31.848],[130.41,31.851],[130.403,31.857],[130.4,31.861],[130.403,31.868],[130.4,31.878],[130.404,31.884],[130.402,31.887],[130.402,31.892],[130.403,31.895],[130.402,31.899],[130.402,31.904],[130.398,31.909],[130.391,31.915],[130.387,31.917],[130.379,31.923],[130.378,31.926],[130.373,31.927],[130.37,31.928],[130.361,31.929],[130.357,31.932],[130.348,31.935],[130.342,31.947],[130.346,31.948],[130.346,31.952],[130.342,31.958],[130.338,31.959],[130.34,31.963],[130.345,31.964],[130.345,31.967],[130.343,31.97],[130.334,31.97],[130.327,31.972],[130.323,31.973],[130.319,31.977],[130.314,31.978],[130.311,31.973],[130.307,31.969],[130.303,31.967],[130.302,31.96],[130.3,31.957],[130.296,31.952],[130.287,31.952],[130.28,31.959],[130.273,31.963],[130.269,31.965],[130.265,31.964],[130.267,31.956],[130.269,31.951],[130.269,31.946],[130.265,31.941],[130.267,31.936],[130.264,31.934],[130.263,31.928],[130.249,31.932],[130.242,31.933],[130.238,31.932],[130.234,31.933],[130.231,31.932],[130.227,31.928],[130.22,31.929],[130.22,31.922],[130.22,31.919],[130.224,31.911],[130.223,31.903],[130.221,31.896],[130.217,31.894],[130.217,31.888],[130.213,31.877],[130.21,31.872],[130.203,31.869],[130.202,31.865],[130.199,31.864],[130.197,31.859],[130.193,31.86],[130.196,31.857],[130.199,31.854],[130.195,31.844],[130.192,31.842],[130.191,31.839],[130.185,31.826],[130.18,31.818],[130.177,31.819],[130.173,31.815],[130.173,31.811],[130.174,31.808],[130.173,31.801],[130.17,31.797],[130.167,31.792],[130.17,31.788],[130.172,31.785],[130.176,31.781],[130.18,31.779],[130.184,31.78],[130.188,31.78],[130.192,31.784],[130.196,31.79],[130.201,31.791],[130.205,31.791],[130.215,31.786],[130.219,31.787],[130.228,31.785],[130.232,31.786],[130.238,31.785],[130.24,31.777],[130.245,31.776],[130.251,31.777],[130.255,31.772],[130.26,31.767],[130.265,31.765],[130.268,31.765],[130.273,31.761],[130.279,31.76],[130.283,31.758],[130.284,31.755],[130.291,31.758],[130.295,31.757],[130.297,31.761],[130.302,31.762],[130.312,31.764],[130.317,31.756],[130.318,31.751],[130.324,31.749],[130.334,31.75],[130.34,31.752],[130.348,31.755],[130.356,31.757],[130.359,31.756],[130.358,31.752],[130.36,31.749],[130.363,31.742],[130.368,31.743],[130.374,31.742],[130.378,31.74],[130.378,31.735],[130.378,31.731],[130.382,31.732],[130.392,31.734],[130.396,31.734],[130.402,31.732],[130.405,31.728],[130.411,31.732],[130.414,31.727],[130.413,31.72],[130.413,31.717],[130.421,31.719],[130.425,31.726],[130.428,31.729],[130.433,31.732],[130.437,31.733],[130.445,31.732],[130.448,31.734],[130.455,31.736],[130.462,31.735],[130.469,31.729],[130.474,31.73]]]]}},{"type":"Feature","properties":{"name":"日置市","code":"46216"},"geometry":{"type":"MultiPolygon","coordinates":[[[[130.413,31.717],[130.413,31.72],[130.415,31.725],[130.411,31.732],[130.407,31.731],[130.402,31.732],[130.396,31.734],[130.392,31.734],[130.382,31.732],[130.378,31.731],[130.379,31.724],[130.379,31.713],[130.378,31.71],[130.372,31.705],[130.364,31.703],[130.358,31.703],[130.351,31.701],[130.341,31.698],[130.335,31.697],[130.33,31.697],[130.328,31.692],[130.331,31.687],[130.329,31.683],[130.325,31.68],[130.323,31.676],[130.323,31.669],[130.317,31.661],[130.318,31.654],[130.32,31.651],[130.322,31.646],[130.328,31.634],[130.329,31.629],[130.332,31.615],[130.334,31.599],[130.335,31.59],[130.335,31.58],[130.334,31.563],[130.332,31.553],[130.33,31.542],[130.328,31.532],[130.326,31.526],[130.322,31.512],[130.32,31.505],[130.313,31.491],[130.319,31.489],[130.322,31.486],[130.328,31.486],[130.338,31.486],[130.341,31.485],[130.346,31.484],[130.352,31.478],[130.357,31.476],[130.361,31.48],[130.367,31.479],[130.373,31.479],[130.378,31.476],[130.383,31.477],[130.386,31.475],[130.396,31.477],[130.4,31.478],[130.406,31.482],[130.411,31.487],[130.419,31.489],[130.424,31.491],[130.43,31.491],[130.433,31.491],[130.433,31.497],[130.44,31.502],[130.448,31.51],[130.447,31.515],[130.447,31.52],[130.446,31.523],[130.448,31.526],[130.447,31.53],[130.439,31.537],[130.435,31.539],[130.428,31.539],[130.427,31.542],[130.424,31.547],[130.419,31.548],[130.42,31.552],[130.42,31.555],[130.418,31.558],[130.412,31.559],[130.413,31.563],[130.404,31.565],[130.399,31.568],[130.395,31.572],[130.39,31.576],[130.39,31.58],[130.391,31.587],[130.396,31.59],[130.401,31.595],[130.407,31.596],[130.414,31.594],[130.415,31.6],[130.425,31.602],[130.428,31.605],[130.428,31.61],[130.421,31.617],[130.423,31.622],[130.429,31.624],[130.432,31.625],[130.437,31.626],[130.438,31.631],[130.442,31.63],[130.453,31.629],[130.46,31.631],[130.464,31.629],[130.467,31.627],[130.469,31.632],[130.471,31.636],[130.466,31.64],[130.464,31.646],[130.46,31.651],[130.459,31.655],[130.456,31.654],[130.451,31.655],[130.448,31.657],[130.442,31.655],[130.44,31.66],[130.44,31.664],[130.442,31.67],[130.443,31.673],[130.442,31.681],[130.437,31.681],[130.437,31.686],[130.436,31.691],[130.435,31.697],[130.428,31.7],[130.423,31.7],[130.419,31.704],[130.42,31.711],[130.414,31.713],[130.413,31.717]]]]}},{"type":"Feature","properties":{"name":"曽於市","code":"46217"},"geometry":{"type":"MultiPolygon","coordinates":[[[[130.926,31.553],[130.931,31.549],[130.933,31.545],[130.939,31.54],[130.943,31.541],[130.946,31.539],[130.95,31.535],[130.954,31.536],[130.958,31.539],[130.963,31.54],[130.963,31.534],[130.963,31.53],[130.968,31.534],[130.968,31.539],[130.972,31.54],[130.975,31.538],[130.98,31.539],[130.985,31.541],[130.992,31.537],[130.996,31.535],[130.999,31.536],[131.002,31.529],[131.007,31.531],[131.011,31.531],[131.018,31.535],[131.024,31.539],[131.026,31.543],[131.02,31.545],[131.019,31.548],[131.019,31.554],[131.024,31.556],[131.028,31.555],[131.032,31.559],[131.039,31.565],[131.039,31.572],[131.035,31.573],[131.034,31.578],[131.03,31.583],[131.025,31.584],[131.021,31.59],[131.015,31.593],[131.021,31.596],[131.026,31.605],[131.03,31.609],[131.037,31.611],[131.039,31.607],[131.049,31.602],[131.052,31.605],[131.056,31.6],[131.061,31.601],[131.071,31.597],[131.079,31.597],[131.083,31.593],[131.09,31.595],[131.095,31.594],[131.1,31.595],[131.107,31.593],[131.112,31.591],[131.115,31.595],[131.119,31.597],[131.122,31.597],[131.123,31.605],[131.134,31.606],[131.139,31.605],[131.143,31.608],[131.15,31.611],[131.156,31.612],[131.155,31.615],[131.157,31.619],[131.166,31.623],[131.169,31.632],[131.169,31.637],[131.164,31.639],[131.159,31.637],[131.156,31.634],[131.151,31.633],[131.15,31.63],[131.142,31.63],[131.139,31.628],[131.135,31.628],[131.128,31.626],[131.122,31.63],[131.118,31.629],[131.113,31.633],[131.108,31.638],[131.106,31.641],[131.101,31.645],[131.096,31.646],[131.089,31.654],[131.083,31.656],[131.079,31.66],[131.076,31.66],[131.073,31.658],[131.069,31.65],[131.065,31.647],[131.06,31.641],[131.057,31.634],[131.054,31.633],[131.052,31.637],[131.049,31.64],[131.048,31.646],[131.046,31.652],[131.037,31.662],[131.031,31.663],[131.026,31.667],[131.026,31.671],[131.024,31.674],[131.026,31.677],[131.027,31.682],[131.026,31.688],[131.024,31.692],[131.029,31.697],[131.021,31.703],[131.017,31.71],[131.013,31.713],[131.016,31.717],[131.018,31.724],[131.016,31.734],[131.017,31.737],[131.016,31.742],[131.018,31.745],[131.015,31.749],[131.009,31.747],[131.002,31.748],[130.998,31.746],[130.995,31.747],[130.991,31.751],[130.987,31.75],[130.979,31.752],[130.978,31.759],[130.982,31.763],[130.983,31.767],[130.988,31.765],[130.992,31.771],[130.991,31.777],[130.987,31.78],[130.98,31.779],[130.977,31.782],[130.971,31.785],[130.967,31.782],[130.961,31.782],[130.957,31.783],[130.95,31.784],[130.942,31.785],[130.938,31.784],[130.931,31.786],[130.925,31.791],[130.926,31.794],[130.921,31.8],[130.917,31.801],[130.915,31.805],[130.909,31.801],[130.901,31.801],[130.895,31.804],[130.891,31.806],[130.887,31.807],[130.881,31.803],[130.88,31.799],[130.877,31.791],[130.875,31.787],[130.879,31.784],[130.88,31.776],[130.879,31.773],[130.875,31.769],[130.878,31.767],[130.888,31.765],[130.888,31.76],[130.896,31.756],[130.9,31.753],[130.896,31.75],[130.893,31.747],[130.89,31.743],[130.89,31.739],[130.887,31.736],[130.895,31.731],[130.899,31.731],[130.9,31.726],[130.899,31.718],[130.898,31.714],[130.899,31.71],[130.899,31.699],[130.904,31.693],[130.905,31.687],[130.904,31.678],[130.904,31.674],[130.91,31.668],[130.911,31.663],[130.907,31.661],[130.902,31.66],[130.882,31.664],[130.878,31.666],[130.869,31.666],[130.866,31.653],[130.868,31.649],[130.873,31.646],[130.877,31.647],[130.878,31.641],[130.883,31.638],[130.883,31.631],[130.883,31.622],[130.877,31.622],[130.871,31.623],[130.867,31.621],[130.864,31.621],[130.861,31.624],[130.855,31.616],[130.861,31.613],[130.865,31.61],[130.868,31.608],[130.873,31.607],[130.884,31.603],[130.887,31.599],[130.894,31.595],[130.898,31.588],[130.903,31.584],[130.904,31.581],[130.912,31.573],[130.92,31.568],[130.924,31.567],[130.927,31.563],[130.927,31.557],[130.926,31.553]]]]}},{"type":"Feature","properties":{"name":"霧島市","code":"46218"},"geometry":{"type":"MultiPolygon","coordinates":[[[[130.855,31.616],[130.861,31.624],[130.864,31.621],[130.867,31.621],[130.871,31.623],[130.877,31.622],[130.881,31.621],[130.882,31.629],[130.883,31.638],[130.878,31.641],[130.877,31.647],[130.873,31.646],[130.868,31.649],[130.866,31.653],[130.869,31.666],[130.878,31.666],[130.882,31.664],[130.9,31.661],[130.907,31.661],[130.911,31.663],[130.91,31.668],[130.906,31.671],[130.905,31.677],[130.905,31.687],[130.904,31.693],[130.899,31.699],[130.9,31.707],[130.898,31.714],[130.899,31.718],[130.899,31.724],[130.899,31.731],[130.895,31.731],[130.887,31.736],[130.89,31.739],[130.89,31.743],[130.893,31.747],[130.896,31.75],[130.9,31.753],[130.896,31.756],[130.889,31.758],[130.888,31.765],[130.878,31.767],[130.875,31.769],[130.879,31.773],[130.88,31.776],[130.879,31.784],[130.875,31.787],[130.877,31.791],[130.882,31.796],[130.881,31.803],[130.885,31.805],[130.88,31.815],[130.877,31.816],[130.877,31.821],[130.878,31.829],[130.882,31.83],[130.882,31.834],[130.879,31.837],[130.875,31.843],[130.884,31.846],[130.888,31.848],[130.889,31.852],[130.889,31.856],[130.888,31.861],[130.89,31.865],[130.893,31.872],[130.895,31.878],[130.899,31.881],[130.902,31.884],[130.907,31.885],[130.912,31.883],[130.911,31.888],[130.905,31.887],[130.901,31.886],[130.898,31.889],[130.894,31.897],[130.893,31.9],[130.891,31.904],[130.886,31.91],[130.886,31.913],[130.883,31.915],[130.882,31.921],[130.878,31.922],[130.873,31.928],[130.87,31.93],[130.866,31.934],[130.862,31.934],[130.858,31.935],[130.847,31.94],[130.841,31.943],[130.837,31.942],[130.833,31.942],[130.826,31.942],[130.816,31.941],[130.81,31.937],[130.804,31.937],[130.791,31.93],[130.786,31.93],[130.782,31.93],[130.779,31.926],[130.768,31.918],[130.764,31.917],[130.758,31.914],[130.752,31.911],[130.749,31.911],[130.743,31.91],[130.739,31.911],[130.734,31.908],[130.731,31.908],[130.729,31.904],[130.725,31.904],[130.726,31.908],[130.719,31.909],[130.714,31.914],[130.71,31.915],[130.705,31.915],[130.701,31.916],[130.698,31.921],[130.692,31.923],[130.684,31.925],[130.676,31.927],[130.672,31.925],[130.661,31.92],[130.657,31.923],[130.65,31.921],[130.645,31.92],[130.639,31.924],[130.633,31.921],[130.629,31.92],[130.622,31.921],[130.619,31.916],[130.617,31.911],[130.613,31.903],[130.608,31.9],[130.618,31.891],[130.616,31.888],[130.61,31.887],[130.607,31.888],[130.602,31.888],[130.596,31.883],[130.594,31.88],[130.589,31.88],[130.598,31.878],[130.604,31.879],[130.608,31.874],[130.614,31.867],[130.62,31.867],[130.626,31.866],[130.627,31.86],[130.631,31.857],[130.633,31.854],[130.633,31.849],[130.635,31.845],[130.636,31.84],[130.637,31.837],[130.636,31.829],[130.638,31.824],[130.641,31.819],[130.646,31.818],[130.651,31.812],[130.651,31.808],[130.655,31.807],[130.657,31.802],[130.662,31.803],[130.666,31.801],[130.677,31.799],[130.681,31.8],[130.684,31.799],[130.683,31.794],[130.689,31.795],[130.696,31.793],[130.696,31.788],[130.693,31.783],[130.695,31.779],[130.691,31.774],[130.701,31.774],[130.699,31.77],[130.696,31.768],[130.694,31.764],[130.696,31.759],[130.699,31.76],[130.701,31.763],[130.706,31.763],[130.713,31.76],[130.72,31.761],[130.715,31.754],[130.713,31.749],[130.712,31.752],[130.709,31.756],[130.704,31.752],[130.7,31.749],[130.696,31.751],[130.69,31.754],[130.686,31.752],[130.686,31.748],[130.682,31.745],[130.681,31.741],[130.679,31.736],[130.676,31.733],[130.672,31.728],[130.679,31.732],[130.684,31.733],[130.69,31.735],[130.694,31.732],[130.694,31.729],[130.706,31.725],[130.717,31.728],[130.72,31.721],[130.725,31.718],[130.728,31.718],[130.729,31.715],[130.73,31.71],[130.734,31.707],[130.738,31.707],[130.739,31.71],[130.746,31.709],[130.75,31.709],[130.754,31.706],[130.766,31.707],[130.776,31.704],[130.782,31.702],[130.786,31.703],[130.792,31.703],[130.798,31.7],[130.8,31.695],[130.796,31.689],[130.803,31.689],[130.811,31.684],[130.813,31.678],[130.817,31.674],[130.82,31.665],[130.823,31.66],[130.823,31.655],[130.822,31.65],[130.818,31.645],[130.814,31.642],[130.81,31.641],[130.806,31.638],[130.804,31.635],[130.801,31.632],[130.806,31.631],[130.813,31.627],[130.815,31.618],[130.809,31.618],[130.812,31.614],[130.814,31.611],[130.822,31.608],[130.823,31.605],[130.83,31.606],[130.836,31.608],[130.847,31.609],[130.847,31.613],[130.851,31.616],[130.855,31.616]]]]}},{"type":"Feature","properties":{"name":"いちき串木野市","code":"46219"},"geometry":{"type":"MultiPolygon","coordinates":[[[[130.18,31.779],[130.181,31.775],[130.185,31.77],[130.185,31.766],[130.186,31.761],[130.189,31.757],[130.186,31.752],[130.192,31.747],[130.195,31.749],[130.199,31.754],[130.202,31.755],[130.211,31.756],[130.218,31.752],[130.221,31.749],[130.226,31.746],[130.23,31.74],[130.235,31.738],[130.239,31.733],[130.244,31.733],[130.248,31.731],[130.25,31.728],[130.252,31.722],[130.26,31.722],[130.261,31.718],[130.256,31.718],[130.264,31.715],[130.262,31.71],[130.258,31.708],[130.262,31.707],[130.269,31.708],[130.273,31.706],[130.28,31.699],[130.288,31.689],[130.292,31.685],[130.295,31.679],[130.299,31.67],[130.298,31.665],[130.3,31.662],[130.308,31.662],[130.312,31.66],[130.316,31.659],[130.324,31.668],[130.323,31.676],[130.325,31.68],[130.329,31.683],[130.331,31.687],[130.328,31.692],[130.33,31.697],[130.335,31.697],[130.341,31.698],[130.349,31.699],[130.358,31.703],[130.362,31.702],[130.372,31.705],[130.376,31.707],[130.379,31.713],[130.377,31.723],[130.378,31.731],[130.378,31.735],[130.379,31.738],[130.374,31.742],[130.368,31.743],[130.363,31.742],[130.36,31.749],[130.358,31.752],[130.359,31.756],[130.356,31.757],[130.351,31.758],[130.341,31.752],[130.334,31.75],[130.326,31.749],[130.318,31.751],[130.317,31.756],[130.312,31.764],[130.304,31.763],[130.297,31.761],[130.295,31.757],[130.291,31.758],[130.284,31.755],[130.283,31.758],[130.279,31.76],[130.273,31.761],[130.268,31.765],[130.265,31.765],[130.26,31.767],[130.255,31.772],[130.251,31.777],[130.247,31.777],[130.24,31.777],[130.238,31.785],[130.235,31.788],[130.228,31.785],[130.221,31.788],[130.215,31.786],[130.208,31.789],[130.201,31.791],[130.196,31.79],[130.192,31.787],[130.191,31.782],[130.184,31.78],[130.18,31.779]]]]}},{"type":"Feature","properties":{"name":"南九州市","code":"46223"},"geometry":{"type":"MultiPolygon","coordinates":[[[[130.446,31.476],[130.443,31.476],[130.436,31.472],[130.432,31.471],[130.429,31.469],[130.425,31.466],[130.42,31.461],[130.419,31.456],[130.416,31.454],[130.414,31.45],[130.408,31.443],[130.401,31.439],[130.397,31.438],[130.395,31.433],[130.391,31.429],[130.39,31.425],[130.383,31.422],[130.384,31.418],[130.381,31.412],[130.375,31.411],[130.368,31.414],[130.36,31.412],[130.359,31.409],[130.356,31.404],[130.346,31.398],[130.341,31.394],[130.34,31.39],[130.336,31.387],[130.336,31.383],[130.34,31.38],[130.339,31.374],[130.337,31.371],[130.338,31.365],[130.332,31.36],[130.328,31.357],[130.328,31.35],[130.327,31.345],[130.321,31.345],[130.318,31.341],[130.312,31.335],[130.322,31.322],[130.326,31.32],[130.327,31.317],[130.33,31.31],[130.335,31.31],[130.342,31.311],[130.348,31.309],[130.352,31.31],[130.358,31.314],[130.363,31.312],[130.367,31.318],[130.372,31.314],[130.376,31.308],[130.368,31.303],[130.363,31.3],[130.363,31.296],[130.364,31.292],[130.363,31.286],[130.365,31.278],[130.368,31.27],[130.368,31.26],[130.367,31.256],[130.369,31.252],[130.372,31.251],[130.382,31.253],[130.387,31.252],[130.395,31.253],[130.399,31.251],[130.402,31.252],[130.413,31.249],[130.418,31.25],[130.423,31.247],[130.426,31.249],[130.431,31.247],[130.438,31.251],[130.443,31.25],[130.449,31.252],[130.454,31.25],[130.46,31.251],[130.468,31.248],[130.474,31.245],[130.486,31.237],[130.493,31.23],[130.503,31.221],[130.509,31.213],[130.517,31.218],[130.521,31.219],[130.526,31.222],[130.53,31.225],[130.531,31.23],[130.533,31.233],[130.531,31.238],[130.533,31.242],[130.536,31.245],[130.538,31.253],[130.54,31.256],[130.544,31.266],[130.544,31.269],[130.54,31.275],[130.541,31.281],[130.537,31.284],[130.536,31.287],[130.537,31.291],[130.539,31.295],[130.54,31.298],[130.537,31.301],[130.532,31.308],[130.528,31.311],[130.527,31.314],[130.528,31.322],[130.523,31.324],[130.522,31.328],[130.518,31.331],[130.508,31.33],[130.505,31.331],[130.501,31.334],[130.502,31.337],[130.497,31.338],[130.492,31.343],[130.49,31.347],[130.49,31.35],[130.497,31.361],[130.503,31.364],[130.506,31.368],[130.507,31.371],[130.506,31.378],[130.507,31.384],[130.511,31.393],[130.507,31.398],[130.509,31.402],[130.502,31.406],[130.497,31.413],[130.497,31.416],[130.494,31.42],[130.488,31.423],[130.487,31.429],[130.485,31.433],[130.484,31.438],[130.486,31.446],[130.484,31.451],[130.483,31.456],[130.484,31.46],[130.472,31.458],[130.469,31.459],[130.464,31.463],[130.458,31.462],[130.457,31.466],[130.451,31.467],[130.448,31.472],[130.446,31.476]]]]}},{"type":"Feature","properties":{"name":"伊佐市","code":"46224"},"geometry":{"type":"MultiPolygon","coordinates":[[[[130.478,32.032],[130.482,32.029],[130.485,32.022],[130.492,32.016],[130.497,32.007],[130.498,32.003],[130.504,32.006],[130.511,32.005],[130.517,32.006],[130.522,32.01],[130.529,32.012],[130.533,32.009],[130.54,32.006],[130.535,32.004],[130.533,31.998],[130.534,31.993],[130.541,31.989],[130.55,31.983],[130.552,31.975],[130.556,31.972],[130.559,31.972],[130.563,31.97],[130.568,31.963],[130.573,31.954],[130.578,31.953],[130.59,31.953],[130.593,31.947],[130.597,31.947],[130.603,31.946],[130.607,31.949],[130.613,31.953],[130.619,31.949],[130.62,31.944],[130.625,31.94],[130.625,31.936],[130.633,31.937],[130.639,31.939],[130.649,31.94],[130.656,31.945],[130.66,31.948],[130.664,31.952],[130.666,31.958],[130.668,31.965],[130.67,31.97],[130.673,31.972],[130.675,31.977],[130.679,31.977],[130.681,31.982],[130.685,31.987],[130.691,31.99],[130.691,31.994],[130.697,31.997],[130.705,31.999],[130.705,32.002],[130.709,32.007],[130.705,32.01],[130.702,32.015],[130.704,32.02],[130.702,32.023],[130.702,32.03],[130.704,32.035],[130.702,32.039],[130.702,32.045],[130.705,32.047],[130.702,32.05],[130.704,32.055],[130.703,32.059],[130.704,32.077],[130.712,32.082],[130.716,32.086],[130.718,32.095],[130.721,32.099],[130.714,32.104],[130.706,32.106],[130.702,32.106],[130.699,32.107],[130.694,32.111],[130.69,32.115],[130.684,32.119],[130.677,32.124],[130.673,32.126],[130.67,32.129],[130.667,32.128],[130.663,32.133],[130.659,32.133],[130.655,32.136],[130.655,32.141],[130.654,32.145],[130.652,32.151],[130.643,32.152],[130.637,32.155],[130.631,32.156],[130.623,32.156],[130.621,32.159],[130.618,32.163],[130.615,32.176],[130.613,32.182],[130.61,32.187],[130.605,32.187],[130.6,32.187],[130.592,32.186],[130.595,32.183],[130.597,32.176],[130.593,32.174],[130.589,32.168],[130.587,32.163],[130.584,32.159],[130.583,32.155],[130.573,32.155],[130.57,32.154],[130.563,32.155],[130.558,32.154],[130.546,32.149],[130.542,32.15],[130.543,32.144],[130.54,32.14],[130.534,32.138],[130.527,32.137],[130.521,32.135],[130.517,32.136],[130.509,32.141],[130.505,32.14],[130.499,32.135],[130.492,32.134],[130.487,32.135],[130.482,32.14],[130.477,32.139],[130.477,32.135],[130.476,32.129],[130.476,32.122],[130.48,32.119],[130.485,32.117],[130.482,32.113],[130.487,32.11],[130.49,32.107],[130.494,32.105],[130.493,32.097],[130.496,32.095],[130.5,32.091],[130.507,32.085],[130.508,32.078],[130.511,32.074],[130.513,32.067],[130.509,32.066],[130.506,32.065],[130.502,32.062],[130.501,32.058],[130.498,32.058],[130.5,32.055],[130.498,32.051],[130.494,32.051],[130.49,32.045],[130.483,32.036],[130.479,32.036],[130.478,32.032]]]]}},{"type":"Feature","properties":{"name":"姶良市","code":"46225"},"geometry":{"type":"MultiPolygon","coordinates":[[[[130.611,31.673],[130.609,31.68],[130.611,31.687],[130.615,31.692],[130.614,31.697],[130.616,31.7],[130.619,31.703],[130.628,31.714],[130.634,31.711],[130.64,31.714],[130.646,31.721],[130.66,31.729],[130.666,31.73],[130.669,31.73],[130.676,31.733],[130.679,31.736],[130.681,31.739],[130.682,31.745],[130.686,31.748],[130.686,31.752],[130.69,31.754],[130.693,31.751],[130.697,31.749],[130.704,31.752],[130.709,31.756],[130.712,31.752],[130.713,31.749],[130.715,31.754],[130.721,31.759],[130.716,31.762],[130.709,31.761],[130.701,31.763],[130.699,31.76],[130.696,31.759],[130.694,31.764],[130.696,31.768],[130.699,31.77],[130.701,31.774],[130.693,31.771],[130.692,31.778],[130.693,31.783],[130.696,31.788],[130.698,31.791],[130.689,31.795],[130.685,31.793],[130.684,31.799],[130.681,31.8],[130.677,31.799],[130.666,31.801],[130.662,31.803],[130.657,31.802],[130.655,31.807],[130.651,31.808],[130.651,31.812],[130.646,31.818],[130.641,31.819],[130.64,31.822],[130.636,31.829],[130.636,31.834],[130.636,31.84],[130.635,31.845],[130.633,31.849],[130.633,31.854],[130.631,31.857],[130.627,31.86],[130.627,31.864],[130.622,31.865],[130.614,31.867],[130.608,31.874],[130.607,31.877],[130.598,31.878],[130.592,31.877],[130.588,31.875],[130.583,31.872],[130.58,31.864],[130.575,31.858],[130.567,31.856],[130.563,31.857],[130.557,31.856],[130.553,31.855],[130.549,31.853],[130.543,31.847],[130.537,31.843],[130.533,31.838],[130.535,31.835],[130.527,31.83],[130.523,31.827],[130.522,31.819],[130.52,31.816],[130.521,31.812],[130.515,31.809],[130.519,31.805],[130.518,31.8],[130.515,31.797],[130.507,31.794],[130.501,31.791],[130.501,31.788],[130.502,31.783],[130.502,31.78],[130.504,31.777],[130.506,31.77],[130.502,31.763],[130.502,31.759],[130.497,31.758],[130.49,31.751],[130.482,31.747],[130.481,31.742],[130.481,31.739],[130.473,31.734],[130.474,31.73],[130.48,31.728],[130.483,31.729],[130.489,31.724],[130.493,31.725],[130.496,31.725],[130.501,31.726],[130.506,31.729],[130.502,31.735],[130.501,31.74],[130.502,31.744],[130.508,31.746],[130.515,31.746],[130.52,31.746],[130.523,31.749],[130.527,31.75],[130.531,31.752],[130.538,31.751],[130.547,31.75],[130.55,31.751],[130.556,31.75],[130.56,31.748],[130.564,31.749],[130.574,31.747],[130.577,31.744],[130.583,31.742],[130.583,31.737],[130.585,31.731],[130.586,31.728],[130.582,31.73],[130.578,31.729],[130.572,31.727],[130.573,31.721],[130.567,31.718],[130.563,31.719],[130.564,31.714],[130.565,31.708],[130.57,31.704],[130.576,31.701],[130.58,31.697],[130.585,31.696],[130.592,31.693],[130.599,31.69],[130.602,31.685],[130.599,31.678],[130.602,31.677],[130.605,31.674],[130.611,31.673]]]]}},{"type":"Feature","properties":{"name":"鹿児島郡三島村","code":"46303"},"geometry":{"type":"MultiPolygon","coordinates":[[[[130.304,30.808],[130.296,30.805],[130.292,30.804],[130.284,30.798],[130.279,30.794],[130.276,30.792],[130.272,30.791],[130.269,30.793],[130.265,30.792],[130.265,30.786],[130.262,30.783],[130.265,30.779],[130.272,30.779],[130.275,30.779],[130.277,30.773],[130.276,30.78],[130.28,30.781],[130.284,30.779],[130.288,30.779],[130.293,30.78],[130.297,30.781],[130.3,30.781],[130.305,30.782],[130.309,30.781],[130.314,30.781],[130.32,30.785],[130.322,30.791],[130.321,30.795],[130.319,30.798],[130.313,30.803],[130.308,30.803],[130.304,30.807]]],[[[130.428,30.82],[130.421,30.815],[130.415,30.816],[130.41,30.818],[130.407,30.814],[130.405,30.81],[130.4,30.81],[130.397,30.807],[130.406,30.808],[130.412,30.81],[130.417,30.809],[130.426,30.805],[130.43,30.804],[130.434,30.804],[130.442,30.8],[130.446,30.81],[130.438,30.811],[130.431,30.816],[130.428,30.816],[130.428,30.82]]],[[[129.939,30.851],[129.935,30.849],[129.932,30.849],[129.927,30.85],[129.921,30.845],[129.916,30.839],[129.908,30.839],[129.904,30.835],[129.905,30.831],[129.909,30.831],[129.912,30.828],[129.911,30.824],[129.914,30.822],[129.917,30.817],[129.923,30.816],[129.93,30.812],[129.937,30.812],[129.941,30.814],[129.948,30.816],[129.953,30.818],[129.959,30.824],[129.965,30.83],[129.964,30.835],[129.956,30.836],[129.952,30.842],[129.946,30.843],[129.943,30.845],[129.939,30.851]]]]}},{"type":"Feature","properties":{"name":"鹿児島郡十島村","code":"46304"},"geometry":{"type":"MultiPolygon","coordinates":[[[[128.994,28.807],[128.987,28.802],[128.985,28.798],[128.981,28.8],[128.974,28.802],[128.978,28.793],[128.982,28.794],[128.987,28.797],[128.995,28.792],[129.002,28.794],[129.004,28.799],[129.003,28.802],[128.999,28.806],[128.994,28.807]]],[[[129.003,28.837],[128.998,28.835],[129.0,28.829],[129.004,28.829],[129.003,28.832],[129.003,28.837]]],[[[129.201,29.159],[129.195,29.159],[129.189,29.156],[129.194,29.146],[129.2,29.139],[129.204,29.137],[129.211,29.134],[129.22,29.127],[129.219,29.136],[129.22,29.139],[129.219,29.145],[129.222,29.149],[129.223,29.152],[129.222,29.157],[129.211,29.159],[129.204,29.156]]],[[[129.327,29.229],[129.323,29.228],[129.319,29.225],[129.323,29.221],[129.327,29.218],[129.332,29.224],[129.331,29.228],[129.327,29.229]]],[[[129.595,29.477],[129.594,29.474],[129.589,29.47],[129.587,29.467],[129.586,29.463],[129.587,29.46],[129.59,29.458],[129.596,29.455],[129.594,29.448],[129.604,29.445],[129.609,29.446],[129.613,29.445],[129.618,29.447],[129.619,29.456],[129.613,29.461],[129.611,29.465],[129.609,29.472],[129.601,29.474],[129.595,29.477]]],[[[129.74,29.672],[129.731,29.67],[129.727,29.669],[129.721,29.67],[129.713,29.668],[129.706,29.666],[129.7,29.659],[129.693,29.66],[129.692,29.656],[129.684,29.652],[129.689,29.649],[129.684,29.642],[129.689,29.638],[129.69,29.633],[129.689,29.629],[129.69,29.622],[129.693,29.615],[129.697,29.611],[129.698,29.603],[129.707,29.602],[129.713,29.606],[129.711,29.61],[129.717,29.616],[129.724,29.623],[129.728,29.624],[129.734,29.628],[129.734,29.632],[129.737,29.635],[129.739,29.64],[129.739,29.644],[129.738,29.649],[129.739,29.659],[129.742,29.664],[129.743,29.669]]],[[[129.535,29.697],[129.531,29.696],[129.525,29.687],[129.526,29.683],[129.534,29.68],[129.536,29.676],[129.54,29.686],[129.538,29.691],[129.539,29.694],[129.535,29.697]]],[[[129.852,29.884],[129.846,29.881],[129.841,29.876],[129.84,29.869],[129.836,29.867],[129.834,29.86],[129.836,29.855],[129.838,29.849],[129.84,29.845],[129.845,29.842],[129.852,29.839],[129.853,29.834],[129.861,29.822],[129.868,29.818],[129.873,29.816],[129.879,29.817],[129.883,29.82],[129.888,29.822],[129.897,29.822],[129.903,29.821],[129.909,29.821],[129.916,29.821],[129.914,29.827],[129.913,29.83],[129.905,29.835],[129.895,29.844],[129.893,29.854],[129.894,29.857],[129.897,29.86],[129.891,29.863],[129.892,29.867],[129.889,29.869],[129.886,29.872],[129.88,29.875],[129.875,29.875],[129.872,29.876],[129.868,29.877],[129.868,29.881],[129.863,29.882],[129.859,29.883],[129.852,29.884]]],[[[129.537,29.916],[129.533,29.915],[129.53,29.912],[129.531,29.905],[129.532,29.896],[129.54,29.894],[129.544,29.894],[129.548,29.893],[129.552,29.894],[129.554,29.898],[129.552,29.904],[129.55,29.908],[129.543,29.913],[129.539,29.913],[129.537,29.916]]],[[[129.917,30.007],[129.912,30.006],[129.909,30.001],[129.912,29.997],[129.915,29.991],[129.907,29.986],[129.904,29.986],[129.905,29.981],[129.902,29.978],[129.901,29.974],[129.906,29.973],[129.906,29.969],[129.905,29.965],[129.914,29.958],[129.918,29.955],[129.924,29.954],[129.929,29.95],[129.934,29.949],[129.942,29.951],[129.947,29.96],[129.945,29.963],[129.942,29.97],[129.937,29.971],[129.933,29.974],[129.931,29.98],[129.928,29.984],[129.923,29.989],[129.92,29.997],[129.917,30.004],[129.917,30.007]]]]}},{"type":"Feature","properties":{"name":"薩摩郡さつま町","code":"46392"},"geometry":{"type":"MultiPolygon","coordinates":[[[[130.343,31.97],[130.345,31.967],[130.345,31.964],[130.34,31.963],[130.338,31.959],[130.342,31.958],[130.346,31.952],[130.346,31.948],[130.342,31.947],[130.348,31.935],[130.357,31.932],[130.361,31.929],[130.37,31.928],[130.373,31.927],[130.378,31.926],[130.379,31.923],[130.386,31.919],[130.391,31.915],[130.396,31.909],[130.402,31.904],[130.403,31.9],[130.403,31.895],[130.402,31.892],[130.402,31.887],[130.404,31.884],[130.4,31.878],[130.403,31.868],[130.402,31.863],[130.403,31.859],[130.41,31.851],[130.413,31.851],[130.415,31.844],[130.419,31.845],[130.425,31.844],[130.429,31.844],[130.44,31.841],[130.446,31.84],[130.449,31.839],[130.452,31.836],[130.454,31.831],[130.455,31.825],[130.456,31.82],[130.461,31.823],[130.465,31.828],[130.466,31.836],[130.465,31.842],[130.465,31.846],[130.464,31.85],[130.461,31.854],[130.469,31.856],[130.465,31.863],[130.466,31.868],[130.47,31.871],[130.472,31.877],[130.472,31.88],[130.474,31.885],[130.475,31.892],[130.482,31.893],[130.486,31.895],[130.488,31.891],[130.495,31.888],[130.504,31.891],[130.507,31.89],[130.507,31.895],[130.507,31.899],[130.506,31.902],[130.509,31.904],[130.518,31.902],[130.518,31.898],[130.522,31.897],[130.526,31.896],[130.534,31.894],[130.539,31.894],[130.547,31.896],[130.553,31.894],[130.558,31.895],[130.569,31.894],[130.573,31.891],[130.577,31.883],[130.584,31.88],[130.589,31.88],[130.594,31.88],[130.596,31.883],[130.602,31.888],[130.607,31.888],[130.61,31.887],[130.616,31.888],[130.619,31.89],[130.608,31.9],[130.613,31.903],[130.617,31.911],[130.619,31.916],[130.62,31.92],[130.62,31.923],[130.622,31.93],[130.628,31.933],[130.625,31.94],[130.62,31.944],[130.619,31.949],[130.615,31.951],[130.607,31.95],[130.603,31.946],[130.597,31.947],[130.594,31.946],[130.59,31.953],[130.578,31.953],[130.573,31.954],[130.568,31.963],[130.564,31.967],[130.559,31.972],[130.556,31.972],[130.552,31.975],[130.55,31.983],[130.541,31.989],[130.535,31.991],[130.533,31.998],[130.535,32.004],[130.54,32.006],[130.533,32.009],[130.529,32.012],[130.522,32.01],[130.517,32.006],[130.511,32.005],[130.507,32.007],[130.5,32.003],[130.497,32.007],[130.492,32.014],[130.487,32.021],[130.483,32.027],[130.478,32.032],[130.472,32.032],[130.465,32.031],[130.461,32.029],[130.463,32.024],[130.461,32.02],[130.462,32.017],[130.456,32.014],[130.457,32.01],[130.454,32.009],[130.449,32.008],[130.445,32.007],[130.442,32.011],[130.434,32.011],[130.43,32.012],[130.415,32.008],[130.414,32.004],[130.414,31.998],[130.408,31.993],[130.405,31.995],[130.402,31.995],[130.397,31.995],[130.393,31.993],[130.38,31.991],[130.373,31.989],[130.368,31.988],[130.368,31.981],[130.358,31.984],[130.354,31.983],[130.354,31.98],[130.353,31.975],[130.343,31.97]]]]}},{"type":"Feature","properties":{"name":"肝属郡肝付町","code":"46492"},"geometry":{"type":"MultiPolygon","coordinates":[[[[131.025,31.363],[131.033,31.364],[131.035,31.368],[131.028,31.367],[131.025,31.366]]],[[[130.926,31.228],[130.925,31.225],[130.927,31.221],[130.925,31.217],[130.92,31.213],[130.913,31.207],[130.911,31.204],[130.91,31.2],[130.915,31.195],[130.919,31.196],[130.926,31.195],[130.932,31.195],[130.938,31.192],[130.938,31.189],[130.942,31.188],[130.945,31.185],[130.94,31.18],[130.936,31.176],[130.932,31.175],[130.928,31.172],[130.925,31.168],[130.92,31.165],[130.917,31.161],[130.912,31.158],[130.908,31.156],[130.908,31.151],[130.897,31.143],[130.893,31.141],[130.89,31.135],[130.887,31.134],[130.882,31.13],[130.886,31.125],[130.892,31.123],[130.896,31.121],[130.899,31.117],[130.901,31.113],[130.905,31.113],[130.911,31.112],[130.916,31.113],[130.918,31.117],[130.92,31.121],[130.922,31.125],[130.929,31.123],[130.936,31.126],[130.94,31.127],[130.948,31.133],[130.951,31.133],[130.963,31.138],[130.965,31.141],[130.969,31.143],[130.975,31.147],[130.979,31.152],[130.979,31.157],[130.972,31.16],[130.973,31.167],[130.978,31.169],[130.982,31.169],[130.988,31.169],[130.993,31.169],[130.991,31.173],[130.987,31.173],[130.987,31.176],[130.986,31.181],[130.992,31.185],[130.997,31.186],[131.001,31.188],[131.002,31.194],[131.005,31.197],[131.008,31.202],[131.009,31.208],[131.006,31.215],[131.009,31.22],[131.018,31.228],[131.028,31.228],[131.036,31.226],[131.042,31.228],[131.05,31.225],[131.063,31.227],[131.066,31.228],[131.072,31.234],[131.077,31.238],[131.08,31.245],[131.084,31.245],[131.086,31.25],[131.096,31.254],[131.1,31.257],[131.108,31.259],[131.111,31.263],[131.113,31.268],[131.118,31.271],[131.122,31.271],[131.126,31.275],[131.13,31.277],[131.132,31.28],[131.13,31.285],[131.127,31.286],[131.122,31.287],[131.12,31.282],[131.117,31.28],[131.112,31.279],[131.107,31.276],[131.103,31.277],[131.097,31.277],[131.092,31.279],[131.088,31.276],[131.085,31.276],[131.076,31.28],[131.074,31.285],[131.073,31.291],[131.084,31.296],[131.091,31.305],[131.097,31.307],[131.101,31.311],[131.104,31.313],[131.103,31.318],[131.105,31.323],[131.104,31.326],[131.109,31.33],[131.106,31.333],[131.099,31.332],[131.095,31.334],[131.09,31.335],[131.086,31.337],[131.083,31.336],[131.078,31.338],[131.068,31.34],[131.062,31.341],[131.058,31.344],[131.052,31.346],[131.048,31.349],[131.045,31.349],[131.037,31.352],[131.033,31.352],[131.029,31.353],[131.023,31.354],[131.017,31.357],[131.013,31.359],[131.008,31.36],[130.998,31.357],[130.987,31.357],[130.986,31.353],[130.981,31.35],[130.977,31.353],[130.979,31.358],[130.976,31.36],[130.975,31.355],[130.97,31.355],[130.971,31.361],[130.971,31.367],[130.967,31.365],[130.961,31.363],[130.953,31.362],[130.95,31.363],[130.946,31.364],[130.943,31.363],[130.936,31.359],[130.929,31.359],[130.914,31.367],[130.908,31.373],[130.906,31.378],[130.908,31.385],[130.908,31.391],[130.902,31.392],[130.896,31.396],[130.895,31.389],[130.896,31.381],[130.897,31.373],[130.901,31.371],[130.904,31.364],[130.911,31.361],[130.915,31.358],[130.916,31.35],[130.915,31.342],[130.917,31.338],[130.916,31.331],[130.917,31.326],[130.916,31.322],[130.917,31.315],[130.922,31.309],[130.925,31.305],[130.925,31.297],[130.928,31.295],[130.931,31.287],[130.925,31.281],[130.927,31.275],[130.93,31.267],[130.933,31.261],[130.931,31.256],[130.935,31.252],[130.938,31.248],[130.939,31.244],[130.936,31.234],[130.932,31.231],[130.926,31.228]]]]}},{"type":"Feature","properties":{"name":"熊毛郡中種子町","code":"46501"},"geometry":{"type":"MultiPolygon","coordinates":[[[[130.949,30.636],[130.95,30.632],[130.95,30.623],[130.951,30.613],[130.949,30.606],[130.951,30.599],[130.953,30.593],[130.952,30.588],[130.945,30.571],[130.935,30.551],[130.927,30.539],[130.915,30.52],[130.91,30.513],[130.903,30.502],[130.898,30.495],[130.888,30.49],[130.882,30.487],[130.881,30.482],[130.886,30.479],[130.888,30.474],[130.896,30.47],[130.902,30.467],[130.904,30.463],[130.904,30.458],[130.907,30.451],[130.917,30.445],[130.923,30.444],[130.928,30.445],[130.936,30.449],[130.941,30.446],[130.943,30.449],[130.948,30.451],[130.953,30.448],[130.959,30.45],[130.963,30.453],[130.961,30.457],[130.961,30.463],[130.966,30.463],[130.969,30.47],[130.965,30.475],[130.963,30.479],[130.964,30.483],[130.969,30.487],[130.973,30.492],[130.977,30.498],[130.979,30.502],[130.977,30.507],[130.979,30.515],[130.982,30.52],[130.985,30.524],[130.989,30.528],[130.995,30.531],[130.996,30.534],[130.996,30.54],[130.999,30.548],[131.004,30.55],[131.008,30.551],[131.014,30.548],[131.02,30.553],[131.024,30.556],[131.029,30.558],[131.032,30.567],[131.034,30.571],[131.035,30.575],[131.034,30.58],[131.032,30.584],[131.033,30.588],[131.029,30.588],[131.027,30.591],[131.024,30.594],[131.021,30.597],[131.018,30.599],[131.013,30.601],[131.009,30.603],[131.003,30.607],[130.996,30.608],[130.99,30.612],[130.985,30.615],[130.988,30.623],[130.982,30.625],[130.979,30.63],[130.979,30.637],[130.98,30.642],[130.976,30.644],[130.97,30.641],[130.962,30.639],[130.958,30.639],[130.954,30.638],[130.949,30.636]]]]}},{"type":"Feature","properties":{"name":"熊毛郡南種子町","code":"46502"},"geometry":{"type":"MultiPolygon","coordinates":[[[[130.881,30.482],[130.878,30.479],[130.875,30.472],[130.874,30.468],[130.869,30.464],[130.865,30.464],[130.861,30.466],[130.851,30.468],[130.849,30.465],[130.853,30.458],[130.853,30.452],[130.851,30.448],[130.854,30.442],[130.859,30.433],[130.86,30.428],[130.863,30.424],[130.866,30.417],[130.866,30.401],[130.864,30.395],[130.864,30.389],[130.863,30.385],[130.859,30.379],[130.858,30.37],[130.861,30.36],[130.868,30.354],[130.87,30.347],[130.876,30.346],[130.883,30.344],[130.887,30.35],[130.893,30.357],[130.896,30.359],[130.904,30.364],[130.911,30.367],[130.923,30.371],[130.929,30.373],[130.937,30.375],[130.944,30.376],[130.948,30.375],[130.956,30.373],[130.964,30.373],[130.968,30.373],[130.963,30.38],[130.963,30.384],[130.965,30.392],[130.976,30.4],[130.981,30.399],[130.978,30.403],[130.973,30.407],[130.97,30.413],[130.968,30.418],[130.97,30.421],[130.969,30.425],[130.973,30.427],[130.978,30.433],[130.979,30.438],[130.976,30.439],[130.972,30.442],[130.975,30.445],[130.971,30.447],[130.963,30.453],[130.96,30.452],[130.953,30.448],[130.948,30.451],[130.943,30.449],[130.941,30.446],[130.936,30.449],[130.93,30.447],[130.923,30.444],[130.917,30.445],[130.907,30.451],[130.904,30.458],[130.904,30.463],[130.902,30.467],[130.897,30.471],[130.888,30.474],[130.886,30.479],[130.881,30.482]]]]}},{"type":"Feature","properties":{"name":"大島郡龍郷町","code":"46527"},"geometry":{"type":"MultiPolygon","coordinates":[[[[129.571,28.345],[129.575,28.348],[129.577,28.354],[129.581,28.359],[129.584,28.363],[129.59,28.364],[129.593,28.367],[129.595,28.375],[129.598,28.381],[129.604,28.387],[129.608,28.388],[129.611,28.392],[129.612,28.399],[129.621,28.404],[129.629,28.407],[129.634,28.406],[129.64,28.409],[129.644,28.407],[129.647,28.413],[129.649,28.419],[129.646,28.424],[129.645,28.431],[129.642,28.427],[129.642,28.422],[129.64,28.417],[129.632,28.415],[129.629,28.414],[129.624,28.416],[129.62,28.418],[129.618,28.424],[129.62,28.43],[129.626,28.433],[129.627,28.439],[129.627,28.446],[129.625,28.449],[129.621,28.45],[129.617,28.448],[129.62,28.439],[129.618,28.435],[129.612,28.432],[129.614,28.436],[129.611,28.435],[129.603,28.432],[129.604,28.428],[129.601,28.424],[129.602,28.415],[129.598,28.415],[129.594,28.413],[129.59,28.414],[129.591,28.417],[129.594,28.422],[129.593,28.426],[129.597,28.429],[129.597,28.433],[129.596,28.436],[129.606,28.436],[129.607,28.44],[129.607,28.444],[129.605,28.451],[129.606,28.454],[129.609,28.456],[129.612,28.461],[129.615,28.466],[129.622,28.468],[129.619,28.473],[129.622,28.475],[129.616,28.478],[129.608,28.476],[129.6,28.474],[129.595,28.475],[129.59,28.47],[129.586,28.467],[129.582,28.468],[129.577,28.467],[129.573,28.464],[129.57,28.457],[129.566,28.456],[129.563,28.459],[129.561,28.453],[129.561,28.449],[129.556,28.451],[129.554,28.455],[129.547,28.461],[129.543,28.46],[129.546,28.453],[129.548,28.448],[129.548,28.445],[129.55,28.435],[129.547,28.43],[129.545,28.427],[129.545,28.424],[129.549,28.417],[129.548,28.412],[129.545,28.406],[129.551,28.407],[129.558,28.407],[129.556,28.403],[129.557,28.399],[129.556,28.395],[129.552,28.393],[129.553,28.388],[129.552,28.382],[129.549,28.38],[129.545,28.379],[129.542,28.377],[129.54,28.369],[129.537,28.366],[129.531,28.367],[129.524,28.36],[129.524,28.356],[129.525,28.351],[129.53,28.348],[129.536,28.349],[129.54,28.348],[129.54,28.345],[129.544,28.344],[129.547,28.346],[129.557,28.347],[129.564,28.347],[129.567,28.348],[129.571,28.345]]]]}},{"type":"Feature","properties":{"name":"大島郡喜界町","code":"46529"},"geometry":{"type":"MultiPolygon","coordinates":[[[[130.019,28.379],[130.014,28.378],[130.009,28.376],[130.006,28.373],[130.003,28.368],[129.998,28.366],[129.994,28.364],[129.99,28.359],[129.989,28.356],[129.983,28.351],[129.979,28.349],[129.974,28.343],[129.968,28.341],[129.963,28.338],[129.954,28.331],[129.953,28.327],[129.949,28.328],[129.943,28.328],[129.938,28.327],[129.932,28.326],[129.923,28.324],[129.919,28.32],[129.916,28.316],[129.913,28.312],[129.914,28.305],[129.915,28.296],[129.92,28.291],[129.925,28.292],[129.93,28.292],[129.932,28.288],[129.935,28.284],[129.938,28.278],[129.941,28.275],[129.947,28.276],[129.954,28.276],[129.958,28.277],[129.962,28.279],[129.964,28.283],[129.969,28.283],[129.973,28.284],[129.975,28.288],[129.981,28.292],[129.984,28.296],[129.987,28.303],[129.989,28.308],[129.993,28.313],[130.0,28.319],[130.002,28.324],[130.002,28.327],[130.005,28.331],[130.001,28.337],[130.005,28.334],[130.009,28.336],[130.015,28.337],[130.022,28.343],[130.023,28.349],[130.027,28.349],[130.03,28.352],[130.035,28.362],[130.034,28.365],[130.034,28.368],[130.027,28.375],[130.019,28.379]]]]}},{"type":"Feature","properties":{"name":"大島郡大和村","code":"46523"},"geometry":{"type":"MultiPolygon","coordinates":[[[[129.395,28.385],[129.399,28.38],[129.404,28.378],[129.405,28.374],[129.405,28.369],[129.409,28.366],[129.405,28.363],[129.406,28.36],[129.4,28.356],[129.397,28.36],[129.396,28.366],[129.392,28.372],[129.388,28.374],[129.385,28.37],[129.379,28.366],[129.373,28.358],[129.367,28.355],[129.358,28.358],[129.353,28.361],[129.352,28.365],[129.348,28.368],[129.342,28.368],[129.337,28.366],[129.336,28.362],[129.329,28.358],[129.328,28.354],[129.326,28.35],[129.317,28.348],[129.311,28.342],[129.311,28.339],[129.31,28.333],[129.305,28.33],[129.302,28.33],[129.298,28.329],[129.294,28.327],[129.288,28.328],[129.288,28.332],[129.285,28.33],[129.275,28.326],[129.268,28.326],[129.264,28.324],[129.259,28.323],[129.263,28.32],[129.266,28.315],[129.262,28.314],[129.26,28.31],[129.265,28.307],[129.273,28.308],[129.279,28.306],[129.283,28.305],[129.288,28.304],[129.294,28.306],[129.3,28.308],[129.303,28.31],[129.307,28.309],[129.31,28.304],[129.312,28.301],[129.317,28.296],[129.327,28.296],[129.331,28.296],[129.338,28.295],[129.342,28.295],[129.348,28.29],[129.35,28.286],[129.354,28.283],[129.36,28.285],[129.36,28.293],[129.368,28.296],[129.373,28.296],[129.381,28.301],[129.384,28.301],[129.393,28.304],[129.399,28.308],[129.403,28.306],[129.405,28.311],[129.407,28.315],[129.404,28.321],[129.408,28.325],[129.415,28.327],[129.419,28.329],[129.429,28.328],[129.435,28.327],[129.433,28.332],[129.431,28.34],[129.426,28.346],[129.424,28.352],[129.425,28.357],[129.426,28.362],[129.423,28.365],[129.423,28.37],[129.418,28.374],[129.415,28.374],[129.412,28.375],[129.407,28.38],[129.403,28.38],[129.399,28.383],[129.395,28.385]]]]}},{"type":"Feature","properties":{"name":"大島郡宇検村","code":"46524"},"geometry":{"type":"MultiPolygon","coordinates":[[[[129.184,28.306],[129.178,28.297],[129.186,28.292],[129.19,28.288],[129.198,28.285],[129.204,28.283],[129.207,28.282],[129.213,28.286],[129.221,28.285],[129.219,28.29],[129.212,28.298],[129.208,28.299],[129.205,28.301],[129.199,28.3],[129.189,28.304],[129.184,28.306]]],[[[129.361,28.284],[129.354,28.283],[129.35,28.286],[129.348,28.29],[129.342,28.295],[129.338,28.295],[129.331,28.296],[129.327,28.296],[129.317,28.296],[129.314,28.3],[129.31,28.304],[129.309,28.307],[129.303,28.31],[129.3,28.308],[129.294,28.306],[129.289,28.306],[129.283,28.305],[129.279,28.306],[129.273,28.308],[129.265,28.307],[129.263,28.31],[129.262,28.314],[129.266,28.315],[129.263,28.32],[129.261,28.323],[129.257,28.318],[129.253,28.318],[129.246,28.313],[129.242,28.314],[129.239,28.313],[129.238,28.309],[129.228,28.31],[129.223,28.306],[129.216,28.303],[129.212,28.307],[129.213,28.303],[129.216,28.298],[129.222,28.294],[129.227,28.296],[129.227,28.29],[129.231,28.287],[129.236,28.282],[129.24,28.285],[129.244,28.284],[129.251,28.275],[129.256,28.275],[129.26,28.273],[129.265,28.275],[129.266,28.279],[129.263,28.282],[129.264,28.287],[129.268,28.289],[129.27,28.285],[129.278,28.284],[129.285,28.283],[129.291,28.285],[129.293,28.28],[129.297,28.278],[129.295,28.273],[129.289,28.278],[129.278,28.276],[129.278,28.273],[129.276,28.268],[129.274,28.261],[129.27,28.265],[129.267,28.266],[129.263,28.261],[129.259,28.265],[129.255,28.265],[129.252,28.261],[129.249,28.257],[129.25,28.253],[129.245,28.257],[129.248,28.262],[129.243,28.267],[129.239,28.266],[129.235,28.265],[129.236,28.269],[129.231,28.273],[129.227,28.274],[129.219,28.268],[129.214,28.269],[129.214,28.263],[129.216,28.259],[129.212,28.253],[129.209,28.254],[129.205,28.254],[129.199,28.262],[129.195,28.262],[129.186,28.263],[129.182,28.27],[129.179,28.269],[129.172,28.265],[129.168,28.263],[129.166,28.256],[129.161,28.255],[129.154,28.256],[129.15,28.257],[129.142,28.257],[129.135,28.255],[129.14,28.254],[129.146,28.255],[129.149,28.252],[129.157,28.252],[129.163,28.249],[129.171,28.249],[129.175,28.251],[129.183,28.25],[129.187,28.246],[129.189,28.242],[129.194,28.241],[129.2,28.243],[129.206,28.238],[129.21,28.238],[129.215,28.239],[129.22,28.24],[129.226,28.242],[129.232,28.235],[129.237,28.235],[129.241,28.237],[129.246,28.237],[129.251,28.24],[129.257,28.243],[129.266,28.245],[129.27,28.246],[129.277,28.249],[129.283,28.25],[129.286,28.247],[129.292,28.241],[129.295,28.239],[129.298,28.241],[129.305,28.24],[129.309,28.234],[129.314,28.234],[129.321,28.238],[129.327,28.233],[129.331,28.236],[129.335,28.237],[129.344,28.238],[129.349,28.247],[129.35,28.252],[129.353,28.255],[129.357,28.256],[129.359,28.262],[129.363,28.262],[129.367,28.266],[129.377,28.27],[129.373,28.276],[129.367,28.279],[129.364,28.282],[129.361,28.284]]]]}},{"type":"Feature","properties":{"name":"大島郡徳之島町","code":"46530"},"geometry":{"type":"MultiPolygon","coordinates":[[[[128.998,27.696],[129.005,27.701],[129.003,27.705],[129.006,27.709],[129.014,27.714],[129.017,27.714],[129.022,27.718],[129.019,27.724],[129.023,27.736],[129.021,27.742],[129.026,27.742],[129.029,27.745],[129.032,27.747],[129.034,27.755],[129.038,27.762],[129.038,27.768],[129.036,27.772],[129.033,27.775],[129.023,27.776],[129.015,27.781],[129.015,27.786],[129.01,27.793],[129.005,27.796],[129.002,27.8],[128.998,27.802],[128.997,27.806],[128.991,27.804],[128.986,27.804],[128.981,27.812],[128.975,27.814],[128.971,27.816],[128.969,27.82],[128.966,27.824],[128.966,27.827],[128.968,27.83],[128.97,27.838],[128.966,27.841],[128.967,27.845],[128.972,27.85],[128.972,27.855],[128.968,27.859],[128.961,27.858],[128.957,27.859],[128.956,27.863],[128.959,27.866],[128.963,27.869],[128.968,27.872],[128.976,27.873],[128.975,27.876],[128.97,27.885],[128.969,27.889],[128.972,27.892],[128.956,27.89],[128.949,27.89],[128.941,27.891],[128.937,27.892],[128.933,27.89],[128.929,27.89],[128.919,27.89],[128.913,27.893],[128.908,27.893],[128.907,27.888],[128.908,27.884],[128.908,27.88],[128.906,27.875],[128.912,27.873],[128.92,27.873],[128.927,27.87],[128.927,27.866],[128.93,27.862],[128.933,27.854],[128.929,27.85],[128.918,27.844],[128.919,27.838],[128.922,27.833],[128.924,27.829],[128.928,27.828],[128.927,27.824],[128.924,27.819],[128.924,27.815],[128.93,27.818],[128.932,27.813],[128.936,27.81],[128.937,27.807],[128.943,27.8],[128.95,27.8],[128.961,27.796],[128.961,27.791],[128.967,27.788],[128.971,27.786],[128.975,27.784],[128.979,27.783],[128.985,27.781],[128.977,27.772],[128.977,27.768],[128.974,27.764],[128.974,27.757],[128.97,27.755],[128.969,27.75],[128.964,27.749],[128.959,27.749],[128.955,27.747],[128.952,27.741],[128.956,27.738],[128.953,27.734],[128.951,27.727],[128.952,27.722],[128.957,27.723],[128.96,27.723],[128.968,27.72],[128.971,27.722],[128.974,27.718],[128.977,27.714],[128.983,27.711],[128.988,27.707],[128.992,27.701],[128.993,27.698],[128.998,27.696]]]]}},{"type":"Feature","properties":{"name":"大島郡天城町","code":"46531"},"geometry":{"type":"MultiPolygon","coordinates":[[[[128.908,27.893],[128.901,27.893],[128.897,27.891],[128.892,27.883],[128.889,27.877],[128.89,27.873],[128.888,27.869],[128.888,27.865],[128.893,27.861],[128.893,27.858],[128.892,27.853],[128.889,27.849],[128.887,27.843],[128.884,27.84],[128.883,27.846],[128.879,27.827],[128.888,27.82],[128.892,27.819],[128.891,27.815],[128.891,27.811],[128.887,27.807],[128.888,27.801],[128.89,27.796],[128.888,27.791],[128.89,27.787],[128.894,27.786],[128.895,27.778],[128.897,27.772],[128.9,27.77],[128.906,27.765],[128.906,27.76],[128.903,27.757],[128.903,27.753],[128.906,27.75],[128.912,27.748],[128.918,27.744],[128.921,27.745],[128.923,27.741],[128.934,27.742],[128.938,27.74],[128.941,27.742],[128.949,27.739],[128.953,27.739],[128.955,27.747],[128.959,27.749],[128.964,27.749],[128.969,27.75],[128.97,27.755],[128.974,27.757],[128.973,27.762],[128.978,27.765],[128.977,27.772],[128.985,27.781],[128.979,27.783],[128.975,27.784],[128.971,27.786],[128.967,27.788],[128.961,27.791],[128.961,27.796],[128.95,27.8],[128.943,27.8],[128.937,27.807],[128.936,27.81],[128.932,27.813],[128.933,27.817],[128.926,27.815],[128.924,27.819],[128.926,27.823],[128.928,27.828],[128.924,27.829],[128.921,27.832],[128.919,27.838],[128.917,27.843],[128.926,27.848],[128.93,27.853],[128.93,27.862],[128.927,27.866],[128.927,27.87],[128.921,27.871],[128.914,27.874],[128.908,27.872],[128.908,27.878],[128.908,27.884],[128.907,27.888],[128.908,27.893]]]]}},{"type":"Feature","properties":{"name":"大島郡伊仙町","code":"46532"},"geometry":{"type":"MultiPolygon","coordinates":[[[[128.953,27.739],[128.949,27.739],[128.941,27.742],[128.938,27.74],[128.934,27.742],[128.923,27.741],[128.921,27.745],[128.918,27.744],[128.912,27.748],[128.906,27.75],[128.903,27.753],[128.902,27.747],[128.9,27.736],[128.892,27.731],[128.889,27.728],[128.885,27.725],[128.881,27.724],[128.886,27.717],[128.888,27.714],[128.893,27.708],[128.898,27.708],[128.902,27.706],[128.905,27.703],[128.911,27.701],[128.914,27.698],[128.92,27.688],[128.92,27.683],[128.92,27.678],[128.921,27.674],[128.926,27.666],[128.936,27.661],[128.94,27.662],[128.946,27.663],[128.953,27.664],[128.958,27.666],[128.963,27.669],[128.966,27.671],[128.975,27.668],[128.982,27.668],[128.988,27.671],[128.989,27.674],[128.995,27.682],[129.0,27.691],[128.998,27.696],[128.993,27.698],[128.992,27.701],[128.988,27.707],[128.983,27.711],[128.977,27.714],[128.974,27.718],[128.971,27.722],[128.97,27.719],[128.963,27.72],[128.957,27.723],[128.952,27.722],[128.951,27.727],[128.953,27.734],[128.956,27.738]]]]}},{"type":"Feature","properties":{"name":"大島郡和泊町","code":"46533"},"geometry":{"type":"MultiPolygon","coordinates":[[[[128.624,27.362],[128.632,27.365],[128.636,27.365],[128.642,27.372],[128.645,27.376],[128.648,27.381],[128.652,27.384],[128.657,27.39],[128.659,27.395],[128.663,27.396],[128.663,27.399],[128.665,27.403],[128.674,27.412],[128.687,27.416],[128.691,27.419],[128.695,27.419],[128.698,27.423],[128.706,27.428],[128.714,27.435],[128.711,27.439],[128.704,27.441],[128.691,27.441],[128.684,27.437],[128.684,27.434],[128.679,27.43],[128.671,27.427],[128.667,27.426],[128.661,27.423],[128.655,27.424],[128.652,27.421],[128.648,27.419],[128.642,27.415],[128.639,27.414],[128.635,27.409],[128.631,27.408],[128.627,27.408],[128.621,27.405],[128.618,27.405],[128.613,27.409],[128.609,27.405],[128.604,27.404],[128.597,27.401],[128.593,27.397],[128.584,27.401],[128.578,27.401],[128.578,27.398],[128.58,27.394],[128.58,27.391],[128.575,27.381],[128.581,27.376],[128.584,27.376],[128.592,27.375],[128.599,27.38],[128.602,27.385],[128.605,27.381],[128.609,27.379],[128.614,27.372],[128.619,27.368],[128.62,27.364],[128.623,27.364]]]]}},{"type":"Feature","properties":{"name":"大島郡知名町","code":"46534"},"geometry":{"type":"MultiPolygon","coordinates":[[[[128.578,27.401],[128.567,27.398],[128.562,27.396],[128.559,27.396],[128.553,27.396],[128.548,27.397],[128.543,27.4],[128.537,27.405],[128.533,27.405],[128.53,27.402],[128.528,27.398],[128.524,27.391],[128.523,27.385],[128.521,27.38],[128.52,27.373],[128.523,27.368],[128.525,27.362],[128.53,27.354],[128.531,27.349],[128.535,27.345],[128.543,27.337],[128.549,27.334],[128.555,27.33],[128.56,27.329],[128.566,27.331],[128.577,27.332],[128.583,27.334],[128.588,27.336],[128.593,27.337],[128.596,27.34],[128.602,27.343],[128.607,27.345],[128.609,27.349],[128.613,27.349],[128.617,27.356],[128.622,27.359],[128.624,27.362],[128.62,27.364],[128.619,27.368],[128.617,27.371],[128.609,27.379],[128.605,27.381],[128.602,27.385],[128.599,27.382],[128.595,27.376],[128.584,27.376],[128.581,27.376],[128.575,27.381],[128.578,27.388],[128.58,27.394],[128.578,27.398],[128.578,27.401]]]]}},{"type":"Feature","properties":{"name":"大島郡与論町","code":"46535"},"geometry":{"type":"MultiPolygon","coordinates":[[[[128.432,27.068],[128.428,27.068],[128.421,27.066],[128.415,27.06],[128.414,27.051],[128.411,27.048],[128.407,27.047],[128.403,27.05],[128.399,27.051],[128.396,27.048],[128.396,27.045],[128.397,27.039],[128.401,27.039],[128.406,27.038],[128.409,27.035],[128.412,27.028],[128.417,27.028],[128.421,27.028],[128.423,27.023],[128.431,27.023],[128.434,27.021],[128.438,27.022],[128.442,27.021],[128.445,27.019],[128.45,27.02],[128.457,27.024],[128.458,27.027],[128.455,27.032],[128.453,27.04],[128.454,27.045],[128.454,27.052],[128.449,27.055],[128.447,27.06],[128.44,27.066],[128.432,27.068]]]]}}]}