{"type":"FeatureCollection","features":[{"type":"Feature","properties":{"name":"鹿児島県"},"geometry":{"type":"MultiPolygon","coordinates":[[[[129.783,31.8],[129.791,31.784],[129.799,31.764],[129.8,31.745],[129.786,31.738],[129.776,31.729],[129.742,31.676],[129.729,31.644],[129.719,31.637],[129.696,31.621],[129.678,31.63],[129.659,31.642],[129.655,31.66],[129.676,31.667],[129.691,31.7],[129.717,31.73],[129.732,31.738],[129.754,31.744],[129.768,31.759],[129.777,31.78],[129.783,31.8]]],[[[131.151,31.471],[131.13,31.469],[131.109,31.465],[131.072,31.45],[131.057,31.44],[131.045,31.427],[131.028,31.402],[131.014,31.363],[131.025,31.354],[131.06,31.345],[131.083,31.338],[131.104,31.329],[131.107,31.317],[131.083,31.297],[131.074,31.282],[131.093,31.276],[131.125,31.288],[131.06,31.225],[131.033,31.228],[131.008,31.221],[131.007,31.2],[130.997,31.187],[130.98,31.156],[130.969,31.142],[130.956,31.131],[130.941,31.121],[130.924,31.113],[130.907,31.107],[130.871,31.096],[130.845,31.09],[130.82,31.087],[130.792,31.078],[130.774,31.065],[130.725,31.047],[130.695,31.019],[130.678,31.005],[130.658,31.003],[130.663,31.07],[130.689,31.09],[130.729,31.112],[130.743,31.121],[130.765,31.187],[130.754,31.204],[130.78,31.243],[130.79,31.275],[130.797,31.325],[130.795,31.344],[130.783,31.373],[130.77,31.402],[130.747,31.435],[130.703,31.459],[130.693,31.486],[130.705,31.529],[130.696,31.546],[130.637,31.555],[130.619,31.564],[130.609,31.566],[130.598,31.573],[130.591,31.586],[130.614,31.612],[130.638,31.623],[130.662,31.618],[130.688,31.619],[130.712,31.614],[130.722,31.597],[130.719,31.571],[130.736,31.559],[130.749,31.56],[130.776,31.58],[130.799,31.612],[130.81,31.651],[130.805,31.687],[130.776,31.71],[130.738,31.708],[130.686,31.726],[130.645,31.715],[130.613,31.682],[130.61,31.672],[130.606,31.647],[130.575,31.611],[130.568,31.601],[130.558,31.566],[130.542,31.542],[130.529,31.513],[130.518,31.472],[130.516,31.453],[130.521,31.432],[130.55,31.375],[130.563,31.334],[130.573,31.315],[130.589,31.306],[130.603,31.302],[130.624,31.276],[130.66,31.271],[130.662,31.259],[130.65,31.224],[130.647,31.207],[130.64,31.186],[130.623,31.179],[130.604,31.172],[130.586,31.155],[130.574,31.167],[130.563,31.167],[130.551,31.162],[130.537,31.162],[130.522,31.169],[130.516,31.19],[130.507,31.213],[130.495,31.227],[130.451,31.249],[130.297,31.254],[130.275,31.253],[130.249,31.244],[130.222,31.246],[130.212,31.261],[130.209,31.279],[130.203,31.294],[130.193,31.315],[130.179,31.328],[130.191,31.327],[130.207,31.325],[130.208,31.337],[130.197,31.354],[130.17,31.377],[130.141,31.398],[130.119,31.409],[130.145,31.42],[130.162,31.422],[130.175,31.417],[130.196,31.412],[130.215,31.391],[130.228,31.381],[130.245,31.405],[130.293,31.445],[130.305,31.477],[130.317,31.493],[130.328,31.529],[130.334,31.562],[130.324,31.587],[130.338,31.608],[130.336,31.626],[130.325,31.642],[130.297,31.67],[130.259,31.721],[130.246,31.73],[130.2,31.754],[130.184,31.759],[130.171,31.79],[130.181,31.827],[130.223,31.824],[130.235,31.82],[130.208,31.844],[130.197,31.858],[130.215,31.886],[130.22,31.93],[130.214,31.95],[130.205,31.972],[130.194,31.981],[130.174,31.999],[130.173,32.017],[130.186,32.027],[130.204,32.048],[130.204,32.073],[130.18,32.093],[130.207,32.121],[130.248,32.134],[130.279,32.101],[130.299,32.106],[130.32,32.118],[130.332,32.129],[130.345,32.162],[130.356,32.153],[130.383,32.126],[130.393,32.118],[130.408,32.114],[130.424,32.113],[130.45,32.119],[130.472,32.127],[130.526,32.14],[130.539,32.146],[130.553,32.15],[130.564,32.154],[130.574,32.161],[130.59,32.163],[130.611,32.157],[130.674,32.112],[130.712,32.091],[130.7,32.067],[130.711,32.05],[130.721,32.041],[130.784,31.955],[130.803,31.935],[130.824,31.92],[130.847,31.91],[130.873,31.888],[130.881,31.87],[130.876,31.824],[130.881,31.801],[130.889,31.79],[130.965,31.761],[130.976,31.747],[131.002,31.724],[131.01,31.706],[131.013,31.686],[131.017,31.676],[131.036,31.645],[131.047,31.637],[131.071,31.634],[131.101,31.619],[131.116,31.617],[131.126,31.617],[131.156,31.613],[131.175,31.6],[131.186,31.587],[131.192,31.575],[131.192,31.564],[131.187,31.541],[131.187,31.525],[131.181,31.512],[131.155,31.478]]],[[[129.715,29.655],[129.746,29.661],[129.754,29.645],[129.744,29.622],[129.721,29.606],[129.713,29.629],[129.711,29.643],[129.715,29.655]]],[[[129.894,29.875],[129.897,29.847],[129.927,29.826],[129.863,29.825],[129.852,29.839],[129.84,29.85],[129.833,29.873],[129.851,29.887],[129.875,29.878],[129.889,29.878]]],[[[130.675,30.375],[130.669,30.34],[130.647,30.291],[130.604,30.252],[130.577,30.236],[130.547,30.231],[130.518,30.227],[130.486,30.226],[130.438,30.239],[130.427,30.256],[130.411,30.292],[130.386,30.34],[130.379,30.366],[130.376,30.394],[130.386,30.398],[130.423,30.399],[130.441,30.422],[130.461,30.441],[130.467,30.457],[130.488,30.457],[130.499,30.468],[130.524,30.45],[130.568,30.436],[130.6,30.412],[130.639,30.403],[130.675,30.375]]],[[[131.052,30.84],[131.062,30.825],[131.074,30.8],[131.088,30.783],[131.071,30.769],[131.071,30.737],[131.079,30.699],[131.054,30.662],[131.058,30.642],[131.058,30.611],[131.051,30.597],[131.038,30.589],[131.038,30.572],[131.036,30.557],[131.018,30.551],[131.003,30.551],[130.994,30.533],[130.983,30.519],[130.98,30.497],[130.967,30.479],[130.968,30.464],[130.973,30.449],[130.978,30.438],[130.972,30.426],[130.97,30.415],[130.978,30.4],[130.963,30.386],[130.962,30.373],[130.944,30.375],[130.924,30.37],[130.907,30.366],[130.891,30.355],[130.886,30.344],[130.87,30.344],[130.857,30.366],[130.86,30.38],[130.866,30.397],[130.863,30.424],[130.853,30.441],[130.849,30.461],[130.862,30.466],[130.876,30.481],[130.901,30.504],[130.93,30.541],[130.942,30.57],[130.951,30.595],[130.951,30.61],[130.948,30.641],[130.943,30.654],[130.939,30.672],[130.953,30.685],[130.966,30.701],[130.985,30.73],[130.985,30.741],[131.0,30.746],[131.008,30.768],[131.006,30.789],[131.027,30.819],[131.039,30.831],[131.052,30.84]]],[[[130.22,30.472],[130.243,30.464],[130.262,30.447],[130.262,30.435],[130.241,30.435],[130.232,30.424],[130.212,30.421],[130.193,30.44],[130.194,30.452],[130.173,30.454],[130.163,30.469],[130.152,30.478],[130.142,30.489],[130.165,30.49],[130.191,30.476],[130.202,30.482],[130.22,30.472]]],[[[129.944,29.965],[129.941,29.953],[129.924,29.958],[129.913,29.961],[129.903,29.971],[129.904,29.984],[129.909,29.999],[129.922,30.005],[129.927,29.993],[129.934,29.982],[129.944,29.965]]],[[[129.946,30.845],[129.958,30.837],[129.95,30.819],[129.939,30.813],[129.928,30.813],[129.912,30.82],[129.904,30.834],[129.916,30.842],[129.932,30.852],[129.946,30.845]]],[[[129.933,31.868],[129.93,31.853],[129.928,31.84],[129.929,31.827],[129.913,31.819],[129.89,31.811],[129.876,31.811],[129.863,31.821],[129.854,31.835],[129.847,31.851],[129.832,31.844],[129.821,31.846],[129.823,31.863],[129.832,31.874],[129.845,31.881],[129.865,31.876],[129.902,31.848],[129.913,31.852],[129.913,31.868],[129.929,31.87]]]]}},{"type":"Feature","properties":{"name":"大分県"},"geometry":{"type":"MultiPolygon","coordinates":[[[[131.201,33.613],[131.22,33.608],[131.256,33.605],[131.284,33.582],[131.323,33.581],[131.368,33.575],[131.418,33.582],[131.459,33.616],[131.476,33.632],[131.484,33.653],[131.499,33.667],[131.521,33.676],[131.551,33.68],[131.574,33.681],[131.59,33.683],[131.607,33.677],[131.627,33.668],[131.647,33.67],[131.667,33.667],[131.69,33.641],[131.713,33.605],[131.73,33.58],[131.737,33.56],[131.74,33.54],[131.729,33.513],[131.737,33.485],[131.727,33.464],[131.709,33.433],[131.706,33.41],[131.675,33.416],[131.659,33.423],[131.64,33.417],[131.635,33.402],[131.638,33.387],[131.635,33.374],[131.61,33.369],[131.596,33.349],[131.576,33.346],[131.556,33.346],[131.533,33.366],[131.506,33.363],[131.498,33.341],[131.51,33.273],[131.528,33.261],[131.548,33.255],[131.612,33.253],[131.655,33.272],[131.7,33.254],[131.711,33.27],[131.762,33.254],[131.822,33.244],[131.851,33.252],[131.884,33.268],[131.903,33.266],[131.882,33.237],[131.872,33.215],[131.872,33.2],[131.849,33.188],[131.831,33.17],[131.827,33.153],[131.81,33.128],[131.843,33.113],[131.869,33.129],[131.9,33.129],[131.911,33.125],[131.884,33.109],[131.869,33.094],[131.863,33.083],[131.881,33.075],[131.891,33.08],[131.906,33.077],[131.916,33.069],[131.929,33.068],[131.933,33.079],[131.934,33.092],[131.951,33.076],[131.967,33.062],[131.985,33.063],[131.996,33.092],[132.013,33.064],[132.009,33.051],[131.984,33.046],[131.945,33.047],[131.93,33.047],[131.923,33.029],[131.907,33.012],[131.903,32.983],[131.915,32.976],[131.935,32.96],[131.95,32.959],[131.959,32.945],[131.97,32.948],[131.986,32.947],[131.998,32.939],[132.01,32.944],[132.022,32.937],[132.035,32.951],[132.061,32.947],[132.081,32.943],[132.064,32.936],[132.044,32.927],[132.025,32.924],[131.995,32.904],[131.982,32.889],[131.996,32.878],[131.99,32.855],[131.972,32.844],[131.956,32.828],[131.969,32.826],[131.998,32.83],[131.997,32.811],[131.981,32.799],[131.962,32.793],[131.948,32.793],[131.929,32.778],[131.882,32.783],[131.873,32.762],[131.873,32.735],[131.839,32.734],[131.83,32.752],[131.828,32.768],[131.819,32.798],[131.809,32.809],[131.795,32.814],[131.78,32.816],[131.761,32.822],[131.747,32.823],[131.735,32.82],[131.721,32.806],[131.707,32.78],[131.696,32.766],[131.683,32.763],[131.59,32.76],[131.571,32.754],[131.559,32.748],[131.54,32.743],[131.527,32.743],[131.516,32.746],[131.502,32.759],[131.501,32.775],[131.503,32.793],[131.49,32.808],[131.478,32.815],[131.464,32.818],[131.45,32.816],[131.421,32.805],[131.402,32.802],[131.382,32.802],[131.357,32.805],[131.343,32.811],[131.324,32.822],[131.262,32.866],[131.246,32.894],[131.244,32.907],[131.24,32.955],[131.235,32.975],[131.22,33.0],[131.209,33.03],[131.201,33.042],[131.181,33.063],[131.172,33.074],[131.141,33.126],[131.125,33.142],[131.091,33.165],[131.059,33.181],[131.045,33.181],[131.029,33.177],[131.008,33.167],[130.978,33.161],[130.973,33.145],[130.98,33.12],[130.986,33.11],[131.004,33.089],[131.009,33.071],[130.995,33.045],[130.991,33.033],[130.977,33.029],[130.951,33.032],[130.871,33.071],[130.835,33.081],[130.856,33.143],[130.852,33.16],[130.831,33.215],[130.826,33.233],[130.841,33.277],[130.843,33.294],[130.837,33.323],[130.837,33.34],[130.841,33.352],[130.865,33.385],[130.875,33.408],[130.886,33.425],[130.911,33.449],[130.926,33.466],[130.938,33.477],[130.951,33.485],[130.981,33.496],[130.995,33.499],[131.064,33.498],[131.124,33.49],[131.14,33.492],[131.157,33.504],[131.175,33.525],[131.181,33.536],[131.175,33.568],[131.175,33.583],[131.182,33.597],[131.195,33.607]]]]}},{"type":"Feature","properties":{"name":"福岡県"},"geometry":{"type":"MultiPolygon","coordinates":[[[[130.036,33.458],[130.045,33.486],[130.055,33.495],[130.086,33.507],[130.104,33.512],[130.115,33.509],[130.126,33.516],[130.143,33.52],[130.156,33.525],[130.168,33.534],[130.174,33.547],[130.162,33.547],[130.13,33.54],[130.118,33.557],[130.097,33.562],[130.093,33.573],[130.109,33.59],[130.119,33.591],[130.139,33.595],[130.157,33.607],[130.154,33.619],[130.16,33.63],[130.171,33.629],[130.182,33.629],[130.198,33.634],[130.208,33.665],[130.221,33.66],[130.232,33.653],[130.227,33.635],[130.231,33.619],[130.245,33.612],[130.272,33.612],[130.265,33.589],[130.285,33.577],[130.302,33.58],[130.315,33.597],[130.33,33.598],[130.358,33.597],[130.373,33.603],[130.391,33.605],[130.399,33.616],[130.402,33.631],[130.408,33.65],[130.399,33.669],[130.379,33.659],[130.362,33.646],[130.349,33.641],[130.336,33.648],[130.325,33.653],[130.307,33.655],[130.295,33.664],[130.289,33.682],[130.305,33.687],[130.311,33.673],[130.324,33.665],[130.345,33.662],[130.386,33.677],[130.402,33.689],[130.415,33.703],[130.429,33.714],[130.445,33.718],[130.468,33.744],[130.47,33.763],[130.467,33.78],[130.456,33.782],[130.45,33.802],[130.462,33.811],[130.472,33.818],[130.489,33.855],[130.508,33.849],[130.531,33.862],[130.542,33.876],[130.565,33.883],[130.612,33.88],[130.633,33.882],[130.654,33.896],[130.684,33.934],[130.705,33.939],[130.717,33.938],[130.732,33.932],[130.756,33.944],[130.79,33.944],[130.828,33.94],[130.821,33.92],[130.836,33.926],[130.861,33.926],[130.871,33.914],[130.881,33.896],[130.897,33.889],[130.914,33.891],[130.926,33.899],[130.941,33.917],[130.949,33.938],[130.977,33.957],[131.007,33.966],[131.019,33.956],[131.015,33.935],[131.006,33.923],[131.004,33.911],[130.993,33.898],[131.002,33.887],[131.0,33.874],[130.985,33.874],[130.991,33.857],[130.98,33.843],[130.964,33.833],[130.962,33.82],[130.986,33.809],[131.007,33.813],[131.004,33.78],[131.01,33.746],[131.02,33.727],[131.051,33.682],[131.064,33.653],[131.081,33.635],[131.103,33.624],[131.12,33.626],[131.146,33.622],[131.189,33.616],[131.201,33.613],[131.182,33.597],[131.175,33.583],[131.175,33.568],[131.183,33.545],[131.175,33.525],[131.163,33.513],[131.149,33.496],[131.124,33.49],[131.064,33.498],[131.004,33.5],[130.981,33.496],[130.951,33.485],[130.938,33.477],[130.926,33.466],[130.911,33.449],[130.886,33.425],[130.875,33.408],[130.865,33.385],[130.841,33.352],[130.837,33.34],[130.837,33.323],[130.843,33.294],[130.841,33.277],[130.826,33.233],[130.831,33.215],[130.852,33.16],[130.856,33.143],[130.835,33.081],[130.787,33.101],[130.729,33.134],[130.716,33.139],[130.701,33.141],[130.685,33.14],[130.673,33.135],[130.65,33.113],[130.636,33.104],[130.618,33.101],[130.58,33.098],[130.564,33.092],[130.546,33.077],[130.522,33.062],[130.508,33.049],[130.499,33.034],[130.5,33.016],[130.499,33.002],[130.484,32.995],[130.445,32.99],[130.429,32.981],[130.426,33.007],[130.428,33.051],[130.422,33.07],[130.422,33.083],[130.41,33.093],[130.379,33.108],[130.368,33.126],[130.365,33.14],[130.349,33.142],[130.346,33.157],[130.345,33.167],[130.347,33.18],[130.362,33.195],[130.37,33.207],[130.375,33.227],[130.391,33.243],[130.404,33.248],[130.424,33.259],[130.444,33.26],[130.465,33.281],[130.478,33.304],[130.484,33.315],[130.496,33.322],[130.508,33.327],[130.526,33.331],[130.537,33.37],[130.529,33.409],[130.519,33.421],[130.507,33.424],[130.487,33.42],[130.459,33.409],[130.447,33.402],[130.426,33.387],[130.414,33.387],[130.401,33.394],[130.38,33.413],[130.366,33.421],[130.351,33.427],[130.29,33.459],[130.275,33.464],[130.259,33.468],[130.231,33.469],[130.212,33.469],[130.164,33.462],[130.121,33.462],[130.091,33.459],[130.036,33.458]]]]}},{"type":"Feature","properties":{"name":"佐賀県"},"geometry":{"type":"MultiPolygon","coordinates":[[[[129.815,33.331],[129.82,33.305],[129.827,33.294],[129.838,33.285],[129.852,33.28],[129.848,33.293],[129.841,33.316],[129.846,33.348],[129.859,33.368],[129.871,33.378],[129.862,33.39],[129.816,33.426],[129.797,33.444],[129.787,33.455],[129.797,33.468],[129.804,33.482],[129.818,33.484],[129.835,33.466],[129.841,33.454],[129.849,33.442],[129.862,33.437],[129.867,33.457],[129.844,33.481],[129.837,33.513],[129.855,33.533],[129.853,33.553],[129.869,33.539],[129.886,33.536],[129.91,33.547],[129.942,33.532],[129.961,33.513],[129.946,33.491],[129.941,33.48],[129.953,33.474],[129.967,33.473],[129.975,33.454],[129.989,33.449],[130.017,33.446],[130.029,33.451],[130.091,33.459],[130.121,33.462],[130.164,33.462],[130.212,33.469],[130.231,33.469],[130.259,33.468],[130.275,33.464],[130.29,33.459],[130.351,33.427],[130.366,33.421],[130.38,33.413],[130.401,33.394],[130.414,33.387],[130.426,33.387],[130.447,33.402],[130.459,33.409],[130.487,33.42],[130.507,33.424],[130.519,33.421],[130.529,33.409],[130.536,33.377],[130.532,33.338],[130.517,33.328],[130.496,33.322],[130.484,33.315],[130.478,33.304],[130.471,33.287],[130.453,33.265],[130.424,33.259],[130.404,33.248],[130.391,33.243],[130.375,33.227],[130.37,33.207],[130.362,33.195],[130.347,33.18],[130.345,33.167],[130.346,33.157],[130.349,33.142],[130.337,33.143],[130.315,33.149],[130.301,33.15],[130.29,33.15],[130.258,33.179],[130.241,33.188],[130.219,33.159],[130.178,33.135],[130.151,33.112],[130.128,33.121],[130.132,33.102],[130.145,33.085],[130.16,33.054],[130.204,32.992],[130.222,32.975],[130.219,32.955],[130.204,32.951],[130.103,32.96],[130.06,32.973],[130.032,32.988],[130.016,33.0],[129.997,33.017],[129.925,33.069],[129.915,33.087],[129.931,33.099],[129.936,33.118],[129.93,33.132],[129.919,33.144],[129.905,33.15],[129.862,33.16],[129.829,33.175],[129.815,33.186],[129.806,33.197],[129.798,33.216],[129.767,33.256],[129.759,33.268],[129.758,33.279],[129.795,33.317],[129.81,33.325]]]]}},{"type":"Feature","properties":{"name":"長崎県"},"geometry":{"type":"MultiPolygon","coordinates":[[[[130.204,32.944],[130.204,32.929],[130.189,32.915],[130.164,32.909],[130.149,32.896],[130.135,32.889],[130.115,32.88],[130.105,32.876],[130.122,32.869],[130.133,32.856],[130.154,32.842],[130.178,32.842],[130.195,32.845],[130.244,32.875],[130.307,32.876],[130.339,32.857],[130.351,32.834],[130.372,32.793],[130.375,32.78],[130.376,32.748],[130.355,32.717],[130.351,32.704],[130.361,32.688],[130.342,32.667],[130.306,32.651],[130.268,32.65],[130.26,32.633],[130.237,32.622],[130.232,32.61],[130.198,32.603],[130.181,32.592],[130.166,32.593],[130.173,32.604],[130.17,32.619],[130.155,32.626],[130.129,32.641],[130.129,32.661],[130.128,32.684],[130.142,32.682],[130.154,32.686],[130.167,32.698],[130.177,32.705],[130.19,32.714],[130.201,32.724],[130.208,32.752],[130.196,32.757],[130.183,32.769],[130.19,32.783],[130.178,32.793],[130.148,32.795],[130.126,32.789],[130.094,32.795],[130.064,32.785],[130.05,32.772],[130.032,32.759],[130.008,32.755],[129.991,32.747],[129.97,32.745],[129.962,32.762],[129.949,32.758],[129.955,32.745],[129.942,32.729],[129.917,32.698],[129.903,32.681],[129.895,32.663],[129.874,32.649],[129.855,32.64],[129.841,32.639],[129.832,32.616],[129.809,32.598],[129.786,32.583],[129.763,32.58],[129.75,32.573],[129.734,32.581],[129.75,32.592],[129.762,32.596],[129.775,32.601],[129.794,32.632],[129.805,32.648],[129.814,32.663],[129.818,32.677],[129.803,32.678],[129.797,32.692],[129.809,32.694],[129.826,32.705],[129.834,32.694],[129.846,32.701],[129.859,32.725],[129.824,32.722],[129.824,32.736],[129.804,32.772],[129.793,32.78],[129.779,32.791],[129.776,32.803],[129.771,32.814],[129.755,32.818],[129.744,32.81],[129.733,32.806],[129.721,32.827],[129.698,32.84],[129.687,32.855],[129.678,32.87],[129.675,32.881],[129.673,32.892],[129.67,32.905],[129.652,32.923],[129.638,32.927],[129.631,32.957],[129.632,32.979],[129.646,32.99],[129.654,33.004],[129.65,33.017],[129.652,33.034],[129.663,33.069],[129.682,33.094],[129.72,33.079],[129.735,33.06],[129.734,33.049],[129.744,33.052],[129.755,33.055],[129.753,33.042],[129.739,33.019],[129.736,33.004],[129.742,32.991],[129.752,32.996],[129.766,33.018],[129.797,33.01],[129.812,32.995],[129.823,32.98],[129.814,32.962],[129.816,32.938],[129.815,32.923],[129.801,32.924],[129.796,32.948],[129.79,32.912],[129.804,32.902],[129.807,32.886],[129.794,32.875],[129.815,32.863],[129.832,32.851],[129.842,32.844],[129.855,32.847],[129.869,32.853],[129.883,32.876],[129.936,32.86],[129.988,32.842],[130.003,32.845],[129.986,32.863],[129.931,32.929],[129.93,32.958],[129.939,32.972],[129.948,32.995],[129.946,33.016],[129.912,33.037],[129.881,33.063],[129.853,33.054],[129.834,33.043],[129.824,33.043],[129.822,33.063],[129.798,33.077],[129.787,33.071],[129.775,33.058],[129.761,33.057],[129.746,33.066],[129.742,33.076],[129.733,33.102],[129.749,33.098],[129.746,33.116],[129.76,33.13],[129.748,33.14],[129.729,33.122],[129.724,33.133],[129.721,33.146],[129.723,33.158],[129.71,33.163],[129.712,33.141],[129.708,33.119],[129.697,33.114],[129.681,33.115],[129.673,33.104],[129.662,33.127],[129.684,33.131],[129.687,33.142],[129.683,33.152],[129.663,33.166],[129.653,33.17],[129.656,33.185],[129.646,33.197],[129.628,33.192],[129.617,33.195],[129.6,33.208],[129.59,33.211],[129.564,33.211],[129.552,33.226],[129.563,33.255],[129.565,33.272],[129.581,33.275],[129.591,33.283],[129.584,33.301],[129.571,33.321],[129.576,33.348],[129.58,33.371],[129.592,33.381],[129.621,33.359],[129.644,33.362],[129.673,33.399],[129.677,33.362],[129.701,33.353],[129.744,33.364],[129.807,33.348],[129.815,33.331],[129.795,33.317],[129.764,33.288],[129.759,33.268],[129.767,33.256],[129.798,33.216],[129.803,33.206],[129.815,33.186],[129.829,33.175],[129.862,33.16],[129.905,33.15],[129.919,33.144],[129.93,33.132],[129.936,33.118],[129.935,33.107],[129.915,33.087],[129.925,33.069],[129.997,33.017],[130.016,33.0],[130.032,32.988],[130.06,32.973],[130.103,32.96],[130.204,32.944]]],[[[128.878,32.674],[128.894,32.658],[128.901,32.647],[128.881,32.642],[128.858,32.643],[128.818,32.635],[128.815,32.647],[128.793,32.652],[128.78,32.647],[128.772,32.632],[128.795,32.61],[128.792,32.598],[128.79,32.586],[128.773,32.572],[128.755,32.581],[128.736,32.603],[128.712,32.604],[128.663,32.602],[128.653,32.591],[128.619,32.61],[128.6,32.614],[128.604,32.631],[128.611,32.643],[128.618,32.66],[128.632,32.67],[128.636,32.644],[128.653,32.668],[128.654,32.678],[128.655,32.689],[128.653,32.7],[128.648,32.714],[128.642,32.728],[128.65,32.745],[128.642,32.761],[128.651,32.775],[128.679,32.783],[128.686,32.771],[128.7,32.744],[128.722,32.754],[128.743,32.758],[128.779,32.777],[128.784,32.788],[128.808,32.8],[128.812,32.782],[128.811,32.766],[128.828,32.762],[128.842,32.759],[128.85,32.743],[128.842,32.704],[128.855,32.689],[128.878,32.674]]],[[[129.098,32.988],[129.11,32.983],[129.17,33.006],[129.183,32.985],[129.176,32.967],[129.156,32.958],[129.137,32.938],[129.118,32.936],[129.1,32.919],[129.093,32.907],[129.091,32.891],[129.098,32.875],[129.097,32.857],[129.086,32.857],[129.068,32.861],[129.061,32.848],[129.069,32.826],[129.046,32.822],[129.047,32.841],[129.04,32.863],[129.041,32.896],[129.048,32.91],[129.033,32.933],[128.989,32.944],[128.981,32.96],[128.998,32.967],[129.02,32.981],[129.035,32.967],[129.054,32.979],[129.043,33.0],[129.049,33.04],[129.065,33.044],[129.068,33.019],[129.078,33.02],[129.084,33.043],[129.081,33.057],[129.086,33.076],[129.102,33.083],[129.107,33.101],[129.099,33.114],[129.096,33.125],[129.108,33.167],[129.116,33.141],[129.109,33.122],[129.124,33.109],[129.118,33.089],[129.112,33.07],[129.103,33.054],[129.099,33.036],[129.097,33.018],[129.098,32.988]]],[[[129.556,33.411],[129.562,33.366],[129.556,33.353],[129.542,33.336],[129.528,33.323],[129.538,33.316],[129.526,33.303],[129.514,33.298],[129.514,33.288],[129.501,33.28],[129.502,33.265],[129.493,33.245],[129.447,33.199],[129.413,33.178],[129.376,33.17],[129.358,33.177],[129.343,33.18],[129.345,33.19],[129.35,33.213],[129.361,33.199],[129.385,33.183],[129.4,33.186],[129.403,33.198],[129.385,33.204],[129.378,33.215],[129.382,33.229],[129.394,33.24],[129.417,33.237],[129.408,33.254],[129.406,33.275],[129.437,33.297],[129.441,33.325],[129.443,33.348],[129.495,33.358],[129.508,33.382],[129.523,33.368],[129.539,33.379],[129.523,33.391],[129.525,33.405],[129.556,33.411]]],[[[129.776,33.773],[129.8,33.765],[129.8,33.751],[129.784,33.738],[129.76,33.737],[129.735,33.737],[129.723,33.717],[129.721,33.698],[129.71,33.701],[129.691,33.716],[129.677,33.729],[129.681,33.744],[129.671,33.75],[129.657,33.743],[129.649,33.756],[129.647,33.773],[129.677,33.761],[129.687,33.759],[129.66,33.784],[129.658,33.804],[129.657,33.815],[129.678,33.815],[129.673,33.832],[129.679,33.849],[129.687,33.86],[129.689,33.871],[129.701,33.862],[129.767,33.845],[129.762,33.823],[129.763,33.812],[129.767,33.802],[129.781,33.792],[129.797,33.786],[129.782,33.781]]],[[[129.313,34.28],[129.317,34.294],[129.343,34.293],[129.343,34.278],[129.326,34.271],[129.318,34.258],[129.321,34.241],[129.325,34.229],[129.309,34.219],[129.297,34.219],[129.3,34.198],[129.298,34.182],[129.297,34.17],[129.284,34.158],[129.284,34.146],[129.277,34.129],[129.265,34.124],[129.251,34.108],[129.236,34.101],[129.22,34.089],[129.211,34.1],[129.198,34.111],[129.178,34.109],[129.17,34.147],[129.179,34.17],[129.176,34.196],[129.18,34.227],[129.189,34.25],[129.196,34.273],[129.199,34.316],[129.207,34.329],[129.225,34.327],[129.224,34.313],[129.224,34.293],[129.239,34.299],[129.262,34.308],[129.275,34.308],[129.269,34.322],[129.28,34.323],[129.302,34.308],[129.301,34.288],[129.313,34.28]]],[[[129.453,34.619],[129.463,34.609],[129.478,34.597],[129.473,34.579],[129.464,34.554],[129.446,34.515],[129.402,34.482],[129.379,34.453],[129.384,34.424],[129.362,34.405],[129.359,34.391],[129.376,34.394],[129.393,34.411],[129.389,34.39],[129.388,34.367],[129.4,34.355],[129.401,34.338],[129.386,34.331],[129.368,34.307],[129.344,34.3],[129.325,34.305],[129.305,34.325],[129.321,34.334],[129.345,34.327],[129.347,34.356],[129.335,34.361],[129.316,34.342],[129.305,34.343],[129.304,34.362],[129.305,34.372],[129.309,34.384],[129.297,34.377],[129.287,34.366],[129.293,34.349],[129.272,34.356],[129.248,34.352],[129.229,34.356],[129.235,34.368],[129.26,34.37],[129.272,34.376],[129.274,34.413],[129.269,34.433],[129.287,34.443],[129.297,34.448],[129.311,34.461],[129.293,34.453],[129.281,34.451],[129.276,34.462],[129.289,34.487],[129.305,34.52],[129.326,34.535],[129.308,34.56],[129.291,34.556],[129.289,34.57],[129.303,34.587],[129.308,34.603],[129.323,34.648],[129.337,34.648],[129.361,34.648],[129.378,34.645],[129.39,34.654],[129.41,34.675],[129.426,34.678],[129.423,34.695],[129.439,34.694],[129.451,34.701],[129.465,34.701],[129.481,34.684],[129.483,34.663],[129.469,34.653],[129.488,34.646],[129.488,34.636],[129.481,34.62],[129.462,34.622]]],[[[128.9,32.818],[128.909,32.801],[128.895,32.782],[128.882,32.765],[128.866,32.765],[128.848,32.775],[128.835,32.788],[128.836,32.819],[128.837,32.834],[128.857,32.83],[128.863,32.819],[128.866,32.807],[128.866,32.825],[128.868,32.838],[128.892,32.824]]],[[[128.953,32.874],[128.955,32.863],[128.958,32.841],[128.954,32.831],[128.948,32.82],[128.945,32.804],[128.932,32.817],[128.921,32.821],[128.92,32.835],[128.91,32.842],[128.896,32.856],[128.883,32.856],[128.891,32.871],[128.909,32.866],[128.924,32.852],[128.927,32.862],[128.938,32.861],[128.943,32.876]]],[[[129.028,32.9],[129.03,32.889],[129.028,32.856],[129.018,32.848],[129.014,32.859],[128.997,32.867],[128.983,32.862],[128.969,32.871],[128.964,32.89],[128.992,32.89],[128.989,32.9],[128.982,32.912],[128.983,32.923],[129.01,32.925],[129.021,32.917],[129.028,32.9]]],[[[129.136,33.3],[129.143,33.285],[129.15,33.269],[129.134,33.259],[129.127,33.248],[129.103,33.249],[129.092,33.255],[129.08,33.261],[129.089,33.283],[129.104,33.289],[129.128,33.302]]],[[[129.556,33.494],[129.573,33.496],[129.568,33.479],[129.554,33.473],[129.539,33.475],[129.527,33.48],[129.516,33.474],[129.503,33.474],[129.525,33.498],[129.542,33.507],[129.552,33.507],[129.556,33.494]]]]}},{"type":"Feature","properties":{"name":"熊本県"},"geometry":{"type":"MultiPolygon","coordinates":[[[[130.345,32.162],[130.357,32.169],[130.358,32.187],[130.431,32.257],[130.441,32.283],[130.457,32.295],[130.464,32.309],[130.462,32.327],[130.47,32.347],[130.503,32.327],[130.512,32.338],[130.514,32.35],[130.51,32.378],[130.541,32.416],[130.562,32.427],[130.571,32.452],[130.568,32.478],[130.55,32.492],[130.559,32.502],[130.57,32.506],[130.599,32.505],[130.591,32.518],[130.568,32.534],[130.565,32.546],[130.641,32.607],[130.656,32.624],[130.668,32.649],[130.641,32.648],[130.478,32.622],[130.462,32.615],[130.448,32.621],[130.457,32.635],[130.475,32.647],[130.544,32.677],[130.565,32.693],[130.577,32.698],[130.592,32.697],[130.608,32.702],[130.626,32.704],[130.612,32.716],[130.601,32.726],[130.594,32.738],[130.592,32.749],[130.598,32.763],[130.609,32.776],[130.608,32.79],[130.593,32.816],[130.516,32.868],[130.47,32.91],[130.441,32.924],[130.433,32.942],[130.429,32.981],[130.445,32.99],[130.484,32.995],[130.498,33.0],[130.5,33.016],[130.499,33.034],[130.508,33.049],[130.522,33.062],[130.546,33.077],[130.564,33.092],[130.58,33.098],[130.618,33.101],[130.636,33.104],[130.65,33.113],[130.673,33.135],[130.685,33.14],[130.701,33.141],[130.716,33.139],[130.729,33.134],[130.787,33.101],[130.835,33.081],[130.871,33.071],[130.951,33.032],[130.977,33.029],[130.991,33.033],[130.995,33.045],[131.009,33.071],[131.004,33.089],[130.986,33.11],[130.98,33.12],[130.973,33.145],[130.978,33.161],[131.008,33.167],[131.029,33.177],[131.045,33.181],[131.059,33.181],[131.091,33.165],[131.125,33.142],[131.141,33.126],[131.172,33.074],[131.181,33.063],[131.201,33.042],[131.209,33.03],[131.22,33.0],[131.235,32.975],[131.238,32.964],[131.244,32.907],[131.246,32.894],[131.262,32.866],[131.324,32.822],[131.271,32.811],[131.258,32.804],[131.242,32.793],[131.225,32.757],[131.21,32.735],[131.181,32.709],[131.16,32.676],[131.147,32.663],[131.125,32.646],[131.113,32.631],[131.105,32.614],[131.1,32.586],[131.095,32.576],[131.073,32.569],[131.059,32.569],[131.047,32.564],[131.035,32.553],[131.023,32.534],[131.004,32.487],[131.0,32.471],[131.0,32.46],[131.006,32.439],[131.013,32.422],[131.022,32.411],[131.044,32.392],[131.054,32.381],[131.063,32.364],[131.069,32.348],[131.084,32.325],[131.088,32.314],[131.087,32.3],[131.081,32.287],[131.062,32.264],[131.05,32.246],[131.05,32.234],[131.055,32.223],[131.072,32.198],[131.078,32.184],[131.082,32.164],[131.065,32.152],[131.053,32.153],[131.006,32.166],[130.986,32.154],[130.967,32.132],[130.952,32.12],[130.937,32.115],[130.909,32.122],[130.897,32.122],[130.884,32.119],[130.852,32.102],[130.837,32.096],[130.823,32.092],[130.811,32.091],[130.742,32.094],[130.712,32.091],[130.674,32.112],[130.611,32.157],[130.59,32.163],[130.574,32.161],[130.564,32.154],[130.553,32.15],[130.539,32.146],[130.526,32.14],[130.472,32.127],[130.45,32.119],[130.424,32.113],[130.408,32.114],[130.393,32.118],[130.383,32.126],[130.356,32.153],[130.345,32.161]]],[[[130.153,32.204],[130.176,32.203],[130.187,32.196],[130.194,32.176],[130.191,32.165],[130.174,32.124],[130.167,32.114],[130.149,32.111],[130.135,32.118],[130.128,32.132],[130.133,32.149],[130.123,32.159],[130.115,32.175],[130.111,32.193],[130.113,32.208],[130.132,32.211],[130.153,32.204]]],[[[130.41,32.512],[130.44,32.524],[130.457,32.526],[130.469,32.512],[130.435,32.493],[130.393,32.397],[130.362,32.375],[130.358,32.391],[130.359,32.413],[130.354,32.424],[130.343,32.422],[130.324,32.41],[130.284,32.408],[130.265,32.404],[130.242,32.395],[130.222,32.422],[130.213,32.437],[130.214,32.45],[130.225,32.458],[130.239,32.46],[130.268,32.484],[130.29,32.498],[130.305,32.504],[130.342,32.514],[130.363,32.527],[130.377,32.523],[130.383,32.509],[130.41,32.512]]],[[[130.16,32.546],[130.189,32.522],[130.199,32.48],[130.202,32.395],[130.207,32.381],[130.206,32.347],[130.199,32.333],[130.181,32.318],[130.158,32.31],[130.133,32.265],[130.105,32.252],[130.075,32.221],[130.061,32.212],[130.037,32.2],[130.012,32.191],[129.995,32.191],[130.009,32.252],[129.997,32.244],[129.986,32.244],[129.976,32.246],[129.958,32.238],[129.961,32.252],[129.996,32.282],[130.017,32.293],[130.03,32.295],[130.042,32.295],[130.053,32.297],[130.064,32.307],[130.054,32.307],[130.03,32.314],[130.009,32.306],[129.991,32.314],[129.98,32.333],[129.975,32.355],[129.977,32.366],[129.987,32.383],[129.989,32.404],[129.994,32.424],[130.007,32.444],[130.02,32.461],[130.03,32.482],[130.025,32.502],[130.003,32.533],[130.015,32.533],[130.033,32.522],[130.043,32.519],[130.056,32.521],[130.077,32.531],[130.103,32.537],[130.12,32.543],[130.14,32.548],[130.16,32.546]]],[[[130.244,32.302],[130.26,32.295],[130.263,32.281],[130.243,32.263],[130.233,32.259],[130.215,32.253],[130.211,32.266],[130.213,32.277],[130.217,32.287],[130.229,32.293],[130.244,32.302]]],[[[130.447,32.597],[130.454,32.58],[130.451,32.563],[130.446,32.553],[130.432,32.55],[130.428,32.537],[130.409,32.549],[130.407,32.561],[130.411,32.574],[130.4,32.586],[130.414,32.614],[130.428,32.618],[130.446,32.617],[130.45,32.603]]]]}},{"type":"Feature","properties":{"name":"宮崎県"},"geometry":{"type":"MultiPolygon","coordinates":[[[[131.872,32.732],[131.862,32.72],[131.857,32.701],[131.856,32.686],[131.834,32.699],[131.822,32.703],[131.817,32.689],[131.801,32.681],[131.788,32.663],[131.776,32.654],[131.768,32.642],[131.771,32.632],[131.767,32.621],[131.749,32.594],[131.73,32.584],[131.709,32.586],[131.699,32.565],[131.682,32.535],[131.685,32.522],[131.696,32.511],[131.713,32.512],[131.737,32.492],[131.717,32.473],[131.695,32.468],[131.679,32.474],[131.66,32.477],[131.657,32.457],[131.674,32.442],[131.689,32.422],[131.664,32.406],[131.653,32.401],[131.641,32.399],[131.629,32.387],[131.622,32.36],[131.619,32.337],[131.603,32.324],[131.593,32.304],[131.58,32.254],[131.562,32.218],[131.55,32.169],[131.531,32.107],[131.496,32.013],[131.459,31.905],[131.447,31.877],[131.45,31.859],[131.448,31.847],[131.456,31.822],[131.468,31.805],[131.496,31.796],[131.479,31.77],[131.451,31.651],[131.455,31.621],[131.423,31.598],[131.411,31.586],[131.407,31.57],[131.391,31.549],[131.385,31.527],[131.391,31.517],[131.394,31.491],[131.376,31.474],[131.364,31.42],[131.345,31.395],[131.341,31.379],[131.331,31.368],[131.318,31.375],[131.325,31.388],[131.285,31.382],[131.266,31.381],[131.25,31.388],[131.246,31.412],[131.243,31.422],[131.219,31.446],[131.208,31.456],[131.179,31.452],[131.162,31.464],[131.151,31.471],[131.181,31.512],[131.187,31.525],[131.187,31.541],[131.192,31.564],[131.192,31.575],[131.186,31.587],[131.175,31.6],[131.156,31.613],[131.126,31.617],[131.116,31.617],[131.101,31.619],[131.071,31.634],[131.047,31.637],[131.036,31.645],[131.017,31.676],[131.013,31.686],[131.01,31.706],[131.002,31.724],[130.976,31.747],[130.965,31.761],[130.897,31.784],[130.881,31.801],[130.876,31.824],[130.881,31.87],[130.873,31.888],[130.847,31.91],[130.824,31.92],[130.803,31.935],[130.784,31.955],[130.721,32.041],[130.711,32.05],[130.7,32.067],[130.712,32.091],[130.742,32.094],[130.811,32.091],[130.823,32.092],[130.837,32.096],[130.852,32.102],[130.884,32.119],[130.897,32.122],[130.909,32.122],[130.937,32.115],[130.952,32.12],[130.967,32.132],[130.986,32.154],[130.997,32.163],[131.053,32.153],[131.065,32.152],[131.076,32.156],[131.078,32.184],[131.072,32.198],[131.055,32.223],[131.05,32.234],[131.05,32.246],[131.062,32.264],[131.081,32.287],[131.087,32.3],[131.088,32.314],[131.084,32.325],[131.069,32.348],[131.063,32.364],[131.054,32.381],[131.044,32.392],[131.022,32.411],[131.013,32.422],[131.006,32.439],[131.002,32.451],[131.0,32.471],[131.004,32.487],[131.023,32.534],[131.035,32.553],[131.047,32.564],[131.059,32.569],[131.073,32.569],[131.086,32.571],[131.1,32.586],[131.105,32.614],[131.113,32.631],[131.125,32.646],[131.147,32.663],[131.16,32.676],[131.175,32.701],[131.21,32.735],[131.225,32.757],[131.236,32.784],[131.258,32.804],[131.271,32.811],[131.324,32.822],[131.343,32.811],[131.357,32.805],[131.382,32.802],[131.402,32.802],[131.421,32.805],[131.45,32.816],[131.464,32.818],[131.478,32.815],[131.49,32.808],[131.503,32.793],[131.501,32.775],[131.502,32.759],[131.516,32.746],[131.527,32.743],[131.54,32.743],[131.559,32.748],[131.571,32.754],[131.59,32.76],[131.683,32.763],[131.696,32.766],[131.707,32.78],[131.721,32.806],[131.735,32.82],[131.747,32.823],[131.761,32.822],[131.78,32.816],[131.795,32.814],[131.809,32.809],[131.819,32.798],[131.828,32.768],[131.83,32.752],[131.835,32.74],[131.872,32.732]]]]}},{"type":"Feature","properties":{"name":"徳島県"},"geometry":{"type":"MultiPolygon","coordinates":[[[[134.442,34.208],[134.469,34.207],[134.495,34.224],[134.561,34.221],[134.582,34.23],[134.594,34.232],[134.607,34.251],[134.611,34.239],[134.6,34.228],[134.594,34.214],[134.61,34.216],[134.628,34.233],[134.647,34.239],[134.641,34.225],[134.627,34.21],[134.625,34.193],[134.608,34.184],[134.619,34.182],[134.642,34.179],[134.634,34.166],[134.624,34.151],[134.62,34.14],[134.605,34.111],[134.605,34.085],[134.608,34.068],[134.595,34.046],[134.595,34.03],[134.6,34.009],[134.612,33.997],[134.624,33.998],[134.627,34.008],[134.637,34.011],[134.651,33.986],[134.663,33.969],[134.696,33.952],[134.703,33.937],[134.702,33.921],[134.703,33.906],[134.691,33.896],[134.674,33.882],[134.662,33.876],[134.646,33.853],[134.661,33.846],[134.717,33.848],[134.698,33.836],[134.722,33.834],[134.74,33.84],[134.751,33.835],[134.732,33.826],[134.702,33.814],[134.665,33.798],[134.652,33.786],[134.617,33.783],[134.608,33.766],[134.579,33.764],[134.571,33.736],[134.546,33.733],[134.538,33.717],[134.457,33.671],[134.404,33.654],[134.376,33.636],[134.389,33.624],[134.364,33.601],[134.361,33.589],[134.339,33.577],[134.326,33.58],[134.312,33.573],[134.315,33.555],[134.314,33.543],[134.297,33.531],[134.249,33.544],[134.235,33.54],[134.217,33.543],[134.19,33.552],[134.18,33.564],[134.155,33.609],[134.161,33.625],[134.162,33.645],[134.159,33.656],[134.149,33.665],[134.132,33.672],[134.101,33.676],[134.067,33.675],[134.052,33.748],[134.048,33.76],[134.043,33.771],[134.037,33.782],[134.028,33.803],[134.018,33.811],[133.973,33.816],[133.955,33.812],[133.943,33.805],[133.922,33.786],[133.906,33.785],[133.885,33.79],[133.832,33.817],[133.813,33.823],[133.795,33.824],[133.784,33.823],[133.743,33.827],[133.648,33.856],[133.657,33.873],[133.667,33.901],[133.669,33.928],[133.661,33.998],[133.704,34.021],[133.716,34.032],[133.735,34.044],[133.745,34.052],[133.757,34.059],[133.791,34.065],[133.804,34.072],[133.818,34.087],[133.9,34.101],[133.918,34.095],[133.93,34.088],[133.941,34.078],[133.952,34.074],[133.965,34.072],[133.984,34.074],[134.0,34.079],[134.034,34.096],[134.048,34.099],[134.091,34.106],[134.108,34.112],[134.123,34.123],[134.137,34.144],[134.149,34.152],[134.172,34.158],[134.22,34.163],[134.36,34.164],[134.396,34.154],[134.408,34.157],[134.42,34.161],[134.442,34.205]]]]}},{"type":"Feature","properties":{"name":"香川県"},"geometry":{"type":"MultiPolygon","coordinates":[[[[133.592,34.024],[133.621,34.046],[133.634,34.061],[133.641,34.079],[133.648,34.125],[133.646,34.167],[133.641,34.185],[133.633,34.198],[133.62,34.212],[133.604,34.223],[133.588,34.232],[133.572,34.242],[133.558,34.259],[133.579,34.249],[133.609,34.239],[133.638,34.234],[133.654,34.239],[133.673,34.223],[133.701,34.231],[133.732,34.251],[133.755,34.27],[133.782,34.288],[133.844,34.312],[133.874,34.328],[133.883,34.338],[133.891,34.352],[133.9,34.364],[133.912,34.369],[133.937,34.375],[133.956,34.374],[133.971,34.365],[133.989,34.361],[134.001,34.352],[134.012,34.349],[134.037,34.355],[134.081,34.348],[134.101,34.376],[134.117,34.361],[134.125,34.381],[134.144,34.392],[134.158,34.375],[134.162,34.362],[134.162,34.335],[134.166,34.325],[134.183,34.321],[134.212,34.347],[134.238,34.341],[134.26,34.334],[134.271,34.323],[134.258,34.294],[134.297,34.275],[134.31,34.273],[134.322,34.269],[134.344,34.251],[134.358,34.246],[134.384,34.25],[134.397,34.249],[134.406,34.234],[134.416,34.224],[134.44,34.208],[134.42,34.161],[134.408,34.157],[134.396,34.154],[134.36,34.164],[134.22,34.163],[134.172,34.158],[134.149,34.152],[134.137,34.144],[134.123,34.123],[134.108,34.112],[134.091,34.106],[134.048,34.099],[134.034,34.096],[134.0,34.079],[133.984,34.074],[133.965,34.072],[133.952,34.074],[133.941,34.078],[133.93,34.088],[133.918,34.095],[133.9,34.101],[133.828,34.093],[133.804,34.072],[133.791,34.065],[133.757,34.059],[133.745,34.052],[133.735,34.044],[133.716,34.032],[133.704,34.021],[133.661,33.998],[133.647,34.012],[133.625,34.018],[133.592,34.024]]],[[[134.367,34.554],[134.366,34.536],[134.371,34.526],[134.374,34.513],[134.369,34.484],[134.347,34.431],[134.333,34.445],[134.32,34.446],[134.306,34.445],[134.325,34.454],[134.321,34.469],[134.299,34.465],[134.285,34.452],[134.274,34.435],[134.262,34.421],[134.244,34.418],[134.249,34.453],[134.243,34.464],[134.223,34.472],[134.205,34.472],[134.186,34.466],[134.17,34.465],[134.161,34.479],[134.172,34.486],[134.173,34.497],[134.171,34.509],[134.175,34.52],[134.204,34.512],[134.228,34.518],[134.271,34.541],[134.283,34.544],[134.319,34.547],[134.354,34.554],[134.367,34.554]]],[[[133.716,34.396],[133.724,34.384],[133.726,34.371],[133.713,34.359],[133.696,34.355],[133.688,34.366],[133.692,34.378],[133.705,34.392],[133.716,34.396]]],[[[134.049,34.474],[134.037,34.481],[134.055,34.489],[134.072,34.498],[134.083,34.501],[134.095,34.492],[134.103,34.481],[134.084,34.46],[134.068,34.467],[134.049,34.474]]]]}},{"type":"Feature","properties":{"name":"愛媛県"},"geometry":{"type":"MultiPolygon","coordinates":[[[[132.64,32.909],[132.627,32.906],[132.575,32.932],[132.559,32.937],[132.572,32.923],[132.553,32.925],[132.536,32.931],[132.524,32.93],[132.517,32.909],[132.532,32.899],[132.521,32.889],[132.504,32.892],[132.49,32.901],[132.472,32.934],[132.494,32.949],[132.483,32.971],[132.496,32.985],[132.481,33.024],[132.471,33.041],[132.441,33.044],[132.42,33.052],[132.397,33.017],[132.382,33.02],[132.4,33.044],[132.397,33.058],[132.408,33.069],[132.452,33.053],[132.472,33.056],[132.483,33.068],[132.463,33.068],[132.469,33.082],[132.469,33.096],[132.449,33.109],[132.471,33.114],[132.488,33.125],[132.48,33.136],[132.45,33.137],[132.435,33.156],[132.438,33.168],[132.459,33.174],[132.449,33.185],[132.438,33.191],[132.424,33.199],[132.399,33.187],[132.395,33.204],[132.42,33.21],[132.445,33.205],[132.46,33.204],[132.461,33.191],[132.478,33.181],[132.486,33.169],[132.505,33.181],[132.503,33.199],[132.514,33.213],[132.536,33.218],[132.548,33.227],[132.537,33.243],[132.524,33.25],[132.541,33.263],[132.524,33.263],[132.508,33.258],[132.492,33.271],[132.485,33.291],[132.505,33.304],[132.522,33.308],[132.487,33.316],[132.42,33.304],[132.401,33.309],[132.39,33.316],[132.379,33.319],[132.384,33.331],[132.408,33.336],[132.417,33.347],[132.421,33.376],[132.402,33.363],[132.391,33.375],[132.391,33.398],[132.408,33.417],[132.394,33.423],[132.404,33.438],[132.421,33.444],[132.381,33.466],[132.363,33.468],[132.345,33.467],[132.334,33.462],[132.322,33.458],[132.308,33.464],[132.279,33.447],[132.254,33.441],[132.214,33.423],[132.18,33.407],[132.15,33.389],[132.139,33.374],[132.131,33.364],[132.114,33.364],[132.102,33.37],[132.11,33.387],[132.074,33.368],[132.025,33.345],[132.011,33.349],[132.03,33.365],[132.052,33.376],[132.094,33.408],[132.135,33.42],[132.153,33.415],[132.167,33.42],[132.155,33.437],[132.171,33.446],[132.2,33.455],[132.222,33.454],[132.241,33.465],[132.265,33.464],[132.294,33.485],[132.412,33.535],[132.428,33.548],[132.435,33.564],[132.47,33.602],[132.501,33.625],[132.602,33.66],[132.618,33.674],[132.645,33.69],[132.677,33.716],[132.697,33.757],[132.696,33.786],[132.69,33.814],[132.699,33.85],[132.706,33.877],[132.712,33.905],[132.755,33.91],[132.757,33.935],[132.772,33.956],[132.77,33.996],[132.799,34.013],[132.847,34.04],[132.862,34.056],[132.919,34.068],[132.923,34.085],[132.926,34.112],[132.906,34.113],[132.895,34.113],[132.916,34.12],[132.929,34.12],[132.942,34.141],[132.954,34.125],[132.966,34.114],[132.977,34.109],[133.032,34.053],[133.06,33.991],[133.069,33.974],[133.077,33.96],[133.087,33.949],[133.108,33.941],[133.127,33.933],[133.147,33.932],[133.173,33.941],[133.209,33.947],[133.244,33.956],[133.249,33.974],[133.279,33.983],[133.3,33.981],[133.323,33.991],[133.341,33.99],[133.36,33.983],[133.415,33.986],[133.438,33.982],[133.486,33.967],[133.511,33.965],[133.532,33.971],[133.549,33.981],[133.562,33.993],[133.573,34.006],[133.587,34.02],[133.625,34.018],[133.647,34.012],[133.661,33.998],[133.669,33.928],[133.667,33.901],[133.657,33.873],[133.648,33.856],[133.56,33.853],[133.515,33.837],[133.494,33.825],[133.469,33.819],[133.427,33.818],[133.384,33.813],[133.335,33.813],[133.302,33.805],[133.286,33.806],[133.268,33.805],[133.257,33.798],[133.236,33.779],[133.223,33.774],[133.209,33.773],[133.19,33.776],[133.179,33.772],[133.165,33.753],[133.148,33.73],[133.117,33.672],[133.108,33.659],[133.097,33.647],[133.075,33.631],[133.066,33.618],[133.06,33.602],[133.056,33.589],[133.045,33.565],[133.044,33.554],[133.045,33.535],[133.035,33.512],[133.003,33.475],[132.986,33.461],[132.97,33.454],[132.95,33.45],[132.82,33.45],[132.809,33.444],[132.81,33.413],[132.812,33.4],[132.816,33.389],[132.834,33.371],[132.848,33.353],[132.869,33.335],[132.882,33.316],[132.877,33.303],[132.86,33.29],[132.802,33.261],[132.784,33.25],[132.774,33.239],[132.768,33.228],[132.765,33.215],[132.763,33.204],[132.759,33.188],[132.724,33.168],[132.713,33.157],[132.696,33.131],[132.686,33.124],[132.673,33.123],[132.661,33.129],[132.633,33.152],[132.619,33.153],[132.614,33.136],[132.618,33.125],[132.636,33.091],[132.643,33.08],[132.648,33.069],[132.647,33.057],[132.648,33.046],[132.653,33.034],[132.672,33.001],[132.672,32.981],[132.675,32.963],[132.673,32.952],[132.643,32.909]]],[[[132.999,34.208],[132.964,34.192],[132.963,34.218],[132.986,34.227],[132.992,34.242],[132.979,34.252],[132.989,34.273],[133.01,34.291],[133.03,34.295],[133.045,34.273],[133.056,34.242],[133.052,34.222],[133.035,34.207],[132.999,34.208]]],[[[132.641,34.014],[132.644,34.001],[132.643,33.99],[132.637,33.979],[132.634,33.965],[132.62,33.954],[132.6,33.95],[132.589,33.956],[132.587,33.97],[132.596,33.981],[132.606,33.989],[132.618,33.996],[132.636,34.008]]],[[[133.094,34.174],[133.094,34.16],[133.045,34.118],[133.028,34.112],[133.017,34.119],[133.017,34.136],[133.02,34.15],[133.032,34.154],[133.026,34.176],[133.033,34.189],[133.055,34.194],[133.072,34.188],[133.083,34.175],[133.094,34.174]]]]}},{"type":"Feature","properties":{"name":"高知県"},"geometry":{"type":"MultiPolygon","coordinates":[[[[134.296,33.53],[134.273,33.508],[134.245,33.461],[134.215,33.377],[134.208,33.339],[134.198,33.31],[134.196,33.297],[134.191,33.271],[134.19,33.248],[134.177,33.236],[134.158,33.27],[134.142,33.292],[134.128,33.29],[134.106,33.294],[134.108,33.315],[134.08,33.339],[134.04,33.384],[134.026,33.415],[133.997,33.425],[133.969,33.436],[133.942,33.459],[133.925,33.494],[133.855,33.5],[133.763,33.52],[133.739,33.538],[133.672,33.529],[133.608,33.516],[133.589,33.502],[133.547,33.486],[133.466,33.454],[133.45,33.431],[133.455,33.415],[133.44,33.402],[133.415,33.393],[133.392,33.39],[133.375,33.389],[133.365,33.388],[133.347,33.376],[133.328,33.353],[133.326,33.369],[133.312,33.376],[133.292,33.365],[133.269,33.347],[133.255,33.326],[133.258,33.307],[133.252,33.295],[133.261,33.28],[133.266,33.268],[133.269,33.252],[133.258,33.242],[133.253,33.219],[133.241,33.206],[133.227,33.194],[133.215,33.188],[133.218,33.166],[133.21,33.151],[133.204,33.163],[133.19,33.163],[133.165,33.137],[133.132,33.089],[133.107,33.061],[133.097,33.048],[133.099,33.033],[133.09,33.019],[133.075,33.029],[133.053,33.039],[133.018,33.024],[133.002,32.987],[132.994,32.949],[133.009,32.903],[133.002,32.869],[132.99,32.863],[132.961,32.864],[132.955,32.853],[132.958,32.835],[132.955,32.815],[132.97,32.807],[132.977,32.795],[133.004,32.772],[133.017,32.758],[133.028,32.74],[133.028,32.721],[133.002,32.712],[132.984,32.72],[132.971,32.732],[132.962,32.751],[132.939,32.77],[132.915,32.778],[132.893,32.774],[132.881,32.752],[132.872,32.769],[132.858,32.77],[132.843,32.761],[132.83,32.749],[132.812,32.74],[132.792,32.741],[132.772,32.746],[132.758,32.752],[132.729,32.774],[132.711,32.79],[132.665,32.779],[132.628,32.752],[132.62,32.773],[132.623,32.799],[132.646,32.826],[132.663,32.857],[132.693,32.884],[132.705,32.897],[132.709,32.909],[132.64,32.909],[132.669,32.942],[132.675,32.963],[132.672,32.981],[132.672,33.001],[132.653,33.034],[132.648,33.046],[132.647,33.057],[132.648,33.069],[132.643,33.08],[132.636,33.091],[132.618,33.125],[132.614,33.136],[132.619,33.153],[132.633,33.152],[132.661,33.129],[132.673,33.123],[132.686,33.124],[132.696,33.131],[132.713,33.157],[132.724,33.168],[132.75,33.182],[132.761,33.195],[132.765,33.215],[132.768,33.228],[132.774,33.239],[132.784,33.25],[132.802,33.261],[132.86,33.29],[132.877,33.303],[132.882,33.316],[132.878,33.326],[132.857,33.344],[132.841,33.363],[132.824,33.379],[132.812,33.4],[132.81,33.413],[132.804,33.435],[132.82,33.45],[132.95,33.45],[132.97,33.454],[132.986,33.461],[133.003,33.475],[133.035,33.512],[133.043,33.525],[133.044,33.554],[133.045,33.565],[133.056,33.589],[133.06,33.602],[133.066,33.618],[133.075,33.631],[133.097,33.647],[133.108,33.659],[133.117,33.672],[133.148,33.73],[133.165,33.753],[133.171,33.763],[133.19,33.776],[133.209,33.773],[133.223,33.774],[133.236,33.779],[133.257,33.798],[133.268,33.805],[133.286,33.806],[133.302,33.805],[133.335,33.813],[133.384,33.813],[133.427,33.818],[133.469,33.819],[133.494,33.825],[133.515,33.837],[133.56,33.853],[133.648,33.856],[133.743,33.827],[133.784,33.823],[133.795,33.824],[133.813,33.823],[133.832,33.817],[133.885,33.79],[133.906,33.785],[133.922,33.786],[133.934,33.795],[133.955,33.812],[133.973,33.816],[134.018,33.811],[134.028,33.803],[134.037,33.782],[134.043,33.771],[134.048,33.76],[134.052,33.748],[134.06,33.679],[134.101,33.676],[134.132,33.672],[134.149,33.665],[134.159,33.656],[134.162,33.645],[134.163,33.634],[134.155,33.609],[134.18,33.564],[134.19,33.552],[134.217,33.543],[134.235,33.54],[134.249,33.544],[134.296,33.53]]],[[[132.562,32.742],[132.572,32.725],[132.563,32.71],[132.55,32.704],[132.541,32.722],[132.54,32.734],[132.544,32.746],[132.555,32.748]]]]}},{"type":"Feature","properties":{"name":"島根県"},"geometry":{"type":"MultiPolygon","coordinates":[[[[133.121,36.11],[133.135,36.09],[133.123,36.063],[133.099,36.038],[133.079,36.021],[133.079,36.05],[133.081,36.08],[133.094,36.103],[133.121,36.11]]],[[[133.074,36.128],[133.088,36.127],[133.087,36.111],[133.073,36.108],[133.058,36.103],[133.052,36.086],[133.054,36.075],[133.056,36.062],[133.045,36.055],[133.027,36.056],[133.017,36.075],[133.0,36.082],[132.993,36.066],[133.004,36.048],[132.995,36.038],[132.981,36.04],[132.966,36.049],[132.949,36.062],[132.969,36.082],[133.014,36.111],[133.039,36.131],[133.057,36.125],[133.074,36.128]]],[[[131.676,34.672],[131.712,34.672],[131.746,34.675],[131.79,34.686],[131.823,34.698],[131.841,34.705],[131.858,34.715],[131.863,34.737],[131.874,34.759],[131.896,34.763],[131.924,34.788],[131.957,34.813],[131.997,34.837],[132.021,34.866],[132.035,34.877],[132.054,34.872],[132.061,34.886],[132.063,34.907],[132.111,34.943],[132.132,34.959],[132.158,34.976],[132.216,35.014],[132.236,35.035],[132.271,35.04],[132.294,35.048],[132.317,35.062],[132.327,35.092],[132.357,35.111],[132.38,35.125],[132.387,35.146],[132.402,35.16],[132.408,35.175],[132.468,35.213],[132.496,35.232],[132.53,35.245],[132.532,35.258],[132.55,35.262],[132.576,35.273],[132.621,35.284],[132.639,35.295],[132.651,35.313],[132.663,35.33],[132.671,35.355],[132.674,35.372],[132.674,35.385],[132.671,35.399],[132.654,35.407],[132.631,35.42],[132.624,35.431],[132.635,35.441],[132.656,35.443],[132.682,35.449],[132.701,35.449],[132.734,35.449],[132.749,35.452],[132.744,35.464],[132.725,35.471],[132.736,35.473],[132.753,35.477],[132.775,35.481],[132.805,35.495],[132.838,35.506],[132.865,35.511],[132.922,35.513],[132.946,35.519],[132.97,35.517],[132.973,35.542],[132.991,35.545],[133.014,35.541],[133.033,35.546],[133.042,35.562],[133.052,35.574],[133.065,35.58],[133.081,35.575],[133.091,35.588],[133.091,35.601],[133.105,35.598],[133.12,35.585],[133.141,35.57],[133.156,35.563],[133.19,35.572],[133.207,35.573],[133.225,35.583],[133.223,35.569],[133.239,35.564],[133.266,35.574],[133.287,35.576],[133.309,35.577],[133.326,35.569],[133.313,35.562],[133.299,35.559],[133.287,35.554],[133.27,35.55],[133.257,35.536],[133.21,35.524],[133.204,35.512],[133.219,35.502],[133.229,35.49],[133.233,35.477],[133.242,35.464],[133.275,35.439],[133.287,35.433],[133.317,35.424],[133.326,35.411],[133.316,35.401],[133.304,35.389],[133.297,35.334],[133.3,35.301],[133.3,35.282],[133.293,35.269],[133.272,35.256],[133.188,35.222],[133.175,35.214],[133.164,35.206],[133.166,35.195],[133.175,35.174],[133.172,35.158],[133.148,35.122],[133.128,35.067],[133.097,35.071],[133.054,35.063],[133.038,35.063],[133.023,35.067],[132.994,35.081],[132.981,35.08],[132.954,35.069],[132.939,35.069],[132.876,35.078],[132.854,35.073],[132.839,35.066],[132.829,35.055],[132.808,35.028],[132.747,34.962],[132.729,34.95],[132.714,34.944],[132.694,34.938],[132.681,34.93],[132.669,34.922],[132.65,34.903],[132.64,34.889],[132.661,34.874],[132.673,34.866],[132.678,34.844],[132.668,34.838],[132.587,34.818],[132.546,34.799],[132.522,34.792],[132.509,34.79],[132.469,34.792],[132.454,34.795],[132.44,34.8],[132.424,34.8],[132.402,34.783],[132.39,34.779],[132.379,34.78],[132.368,34.784],[132.352,34.787],[132.308,34.776],[132.289,34.768],[132.277,34.768],[132.26,34.781],[132.248,34.783],[132.229,34.763],[132.207,34.748],[132.153,34.717],[132.144,34.705],[132.142,34.693],[132.149,34.681],[132.151,34.668],[132.131,34.639],[132.123,34.625],[132.119,34.612],[132.116,34.595],[132.11,34.578],[132.095,34.553],[132.064,34.527],[132.049,34.509],[132.041,34.495],[132.043,34.482],[132.05,34.458],[131.992,34.413],[131.988,34.402],[131.99,34.386],[132.0,34.372],[131.999,34.358],[131.966,34.343],[131.952,34.317],[131.947,34.306],[131.931,34.308],[131.921,34.316],[131.908,34.32],[131.896,34.318],[131.845,34.303],[131.813,34.3],[131.795,34.302],[131.782,34.307],[131.771,34.314],[131.758,34.337],[131.753,34.352],[131.751,34.363],[131.751,34.374],[131.773,34.404],[131.768,34.416],[131.696,34.429],[131.683,34.438],[131.682,34.457],[131.681,34.468],[131.672,34.479],[131.667,34.496],[131.669,34.51],[131.678,34.524],[131.693,34.555],[131.703,34.571],[131.686,34.616],[131.679,34.641],[131.68,34.662]]],[[[133.012,36.015],[133.024,36.026],[133.045,36.02],[133.067,36.007],[133.079,35.994],[133.065,35.995],[133.028,35.994],[133.016,36.001],[133.012,36.015]]],[[[133.367,36.274],[133.382,36.258],[133.379,36.208],[133.373,36.198],[133.36,36.192],[133.353,36.204],[133.334,36.199],[133.338,36.184],[133.337,36.166],[133.326,36.158],[133.278,36.165],[133.256,36.165],[133.203,36.202],[133.193,36.206],[133.188,36.216],[133.196,36.278],[133.209,36.297],[133.292,36.342],[133.293,36.331],[133.311,36.324],[133.323,36.318],[133.329,36.305],[133.349,36.298],[133.359,36.289],[133.367,36.274]]]]}},{"type":"Feature","properties":{"name":"山口県"},"geometry":{"type":"MultiPolygon","coordinates":[[[[132.24,34.19],[132.244,34.167],[132.239,34.143],[132.228,34.132],[132.214,34.124],[132.202,34.109],[132.199,34.065],[132.211,34.025],[132.213,33.99],[132.181,33.958],[132.157,33.949],[132.143,33.946],[132.134,33.913],[132.139,33.895],[132.16,33.857],[132.162,33.842],[132.15,33.83],[132.106,33.809],[132.076,33.787],[132.056,33.777],[132.041,33.776],[132.044,33.793],[132.065,33.807],[132.076,33.827],[132.087,33.825],[132.099,33.824],[132.109,33.83],[132.113,33.845],[132.109,33.863],[132.087,33.879],[132.075,33.886],[132.058,33.895],[131.995,33.913],[131.972,33.917],[131.942,33.951],[131.931,33.957],[131.903,33.967],[131.871,33.989],[131.852,33.998],[131.834,33.995],[131.812,33.971],[131.827,33.971],[131.791,33.964],[131.78,33.97],[131.778,33.986],[131.807,34.006],[131.824,34.02],[131.814,34.029],[131.8,34.038],[131.741,34.056],[131.703,34.044],[131.689,34.047],[131.676,34.04],[131.645,34.029],[131.633,34.027],[131.606,34.027],[131.593,34.037],[131.585,34.027],[131.594,34.015],[131.597,34.003],[131.593,33.992],[131.579,33.986],[131.568,33.986],[131.565,33.996],[131.551,34.002],[131.519,34.008],[131.493,34.028],[131.483,34.032],[131.469,34.027],[131.474,34.014],[131.457,33.999],[131.452,33.986],[131.441,33.979],[131.428,33.986],[131.421,33.999],[131.416,33.989],[131.403,33.981],[131.402,33.999],[131.405,34.017],[131.401,34.033],[131.39,34.04],[131.356,33.989],[131.333,33.962],[131.322,33.953],[131.272,33.927],[131.258,33.925],[131.25,33.938],[131.234,33.933],[131.223,33.941],[131.209,33.947],[131.195,33.938],[131.178,33.93],[131.171,33.942],[131.16,33.953],[131.162,33.964],[131.166,33.977],[131.124,34.0],[131.103,34.03],[131.072,34.037],[131.036,34.048],[131.014,34.015],[130.969,33.971],[130.932,33.945],[130.926,33.923],[130.916,33.914],[130.899,33.924],[130.879,33.938],[130.88,33.95],[130.899,33.95],[130.91,33.974],[130.908,33.985],[130.913,33.999],[130.917,34.011],[130.913,34.022],[130.913,34.053],[130.904,34.066],[130.878,34.068],[130.873,34.078],[130.869,34.092],[130.863,34.102],[130.862,34.113],[130.873,34.129],[130.886,34.139],[130.899,34.146],[130.911,34.154],[130.921,34.171],[130.923,34.184],[130.916,34.2],[130.91,34.225],[130.897,34.245],[130.894,34.256],[130.876,34.27],[130.875,34.287],[130.886,34.3],[130.89,34.331],[130.893,34.343],[130.9,34.355],[130.911,34.351],[130.927,34.349],[130.942,34.351],[130.955,34.362],[130.996,34.369],[131.012,34.376],[131.034,34.382],[131.018,34.393],[131.004,34.393],[130.965,34.4],[130.955,34.403],[130.946,34.392],[130.934,34.396],[130.939,34.408],[130.948,34.419],[130.959,34.427],[130.976,34.439],[130.99,34.435],[131.003,34.426],[131.001,34.415],[131.023,34.409],[131.037,34.411],[131.051,34.415],[131.061,34.421],[131.075,34.425],[131.099,34.413],[131.116,34.41],[131.134,34.412],[131.141,34.378],[131.154,34.369],[131.173,34.368],[131.179,34.379],[131.192,34.394],[131.174,34.41],[131.171,34.43],[131.193,34.425],[131.207,34.429],[131.235,34.433],[131.253,34.437],[131.265,34.428],[131.281,34.408],[131.266,34.409],[131.251,34.419],[131.241,34.421],[131.23,34.418],[131.216,34.397],[131.212,34.384],[131.209,34.369],[131.229,34.38],[131.284,34.384],[131.323,34.393],[131.335,34.416],[131.365,34.416],[131.414,34.424],[131.413,34.454],[131.426,34.466],[131.456,34.49],[131.455,34.519],[131.483,34.528],[131.521,34.552],[131.536,34.566],[131.551,34.582],[131.555,34.592],[131.557,34.615],[131.585,34.618],[131.596,34.617],[131.594,34.642],[131.597,34.66],[131.615,34.665],[131.629,34.659],[131.656,34.654],[131.671,34.663],[131.679,34.649],[131.682,34.625],[131.703,34.581],[131.699,34.562],[131.678,34.524],[131.669,34.51],[131.667,34.496],[131.672,34.479],[131.681,34.468],[131.682,34.457],[131.683,34.438],[131.696,34.429],[131.768,34.416],[131.773,34.404],[131.755,34.382],[131.751,34.363],[131.753,34.352],[131.758,34.337],[131.765,34.324],[131.782,34.307],[131.795,34.302],[131.813,34.3],[131.845,34.303],[131.896,34.318],[131.908,34.32],[131.921,34.316],[131.931,34.308],[131.947,34.306],[131.952,34.317],[131.959,34.334],[131.994,34.353],[132.002,34.364],[131.997,34.378],[131.988,34.402],[131.992,34.413],[132.05,34.458],[132.061,34.435],[132.071,34.359],[132.126,34.249],[132.144,34.228],[132.161,34.218],[132.171,34.216],[132.2,34.202],[132.233,34.192]]],[[[132.244,33.793],[132.274,33.772],[132.257,33.766],[132.236,33.769],[132.204,33.782],[132.188,33.78],[132.195,33.794],[132.209,33.8],[132.226,33.8],[132.244,33.793]]],[[[132.236,33.869],[132.216,33.855],[132.208,33.875],[132.193,33.898],[132.186,33.921],[132.202,33.945],[132.226,33.953],[132.254,33.95],[132.279,33.941],[132.298,33.93],[132.326,33.896],[132.34,33.897],[132.353,33.903],[132.374,33.917],[132.395,33.915],[132.407,33.923],[132.41,33.934],[132.428,33.94],[132.454,33.938],[132.469,33.938],[132.458,33.928],[132.437,33.904],[132.419,33.906],[132.395,33.899],[132.381,33.886],[132.379,33.862],[132.374,33.842],[132.363,33.845],[132.341,33.845],[132.328,33.857],[132.329,33.875],[132.319,33.883],[132.298,33.884],[132.289,33.868],[132.272,33.86],[132.255,33.866],[132.244,33.862]]]]}},{"type":"Feature","properties":{"name":"鳥取県"},"geometry":{"type":"MultiPolygon","coordinates":[[[[133.257,35.536],[133.254,35.522],[133.261,35.51],[133.265,35.496],[133.295,35.48],[133.33,35.466],[133.361,35.46],[133.381,35.456],[133.4,35.454],[133.417,35.457],[133.441,35.491],[133.493,35.51],[133.526,35.522],[133.58,35.534],[133.633,35.521],[133.731,35.503],[133.912,35.515],[134.008,35.537],[134.035,35.519],[134.174,35.536],[134.238,35.547],[134.262,35.554],[134.282,35.565],[134.294,35.586],[134.343,35.594],[134.362,35.596],[134.398,35.579],[134.417,35.544],[134.444,35.439],[134.468,35.4],[134.474,35.383],[134.479,35.362],[134.502,35.332],[134.506,35.322],[134.508,35.306],[134.511,35.289],[134.51,35.272],[134.505,35.258],[134.492,35.244],[134.463,35.225],[134.448,35.219],[134.436,35.217],[134.423,35.221],[134.396,35.229],[134.348,35.206],[134.325,35.192],[134.308,35.187],[134.296,35.186],[134.284,35.188],[134.269,35.188],[134.247,35.186],[134.189,35.165],[134.175,35.162],[134.164,35.167],[134.159,35.18],[134.156,35.193],[134.144,35.215],[134.14,35.227],[134.132,35.243],[134.114,35.261],[134.081,35.279],[134.007,35.288],[133.998,35.298],[134.001,35.31],[133.987,35.325],[133.971,35.327],[133.95,35.326],[133.929,35.319],[133.918,35.311],[133.91,35.3],[133.868,35.28],[133.857,35.273],[133.844,35.254],[133.834,35.243],[133.823,35.239],[133.811,35.242],[133.784,35.27],[133.77,35.28],[133.756,35.288],[133.735,35.295],[133.608,35.322],[133.592,35.321],[133.58,35.315],[133.561,35.282],[133.55,35.25],[133.536,35.234],[133.524,35.228],[133.513,35.221],[133.505,35.197],[133.504,35.181],[133.447,35.159],[133.397,35.157],[133.383,35.142],[133.384,35.124],[133.378,35.106],[133.36,35.095],[133.307,35.076],[133.289,35.072],[133.264,35.051],[133.229,35.06],[133.166,35.062],[133.128,35.067],[133.148,35.122],[133.172,35.158],[133.175,35.174],[133.172,35.186],[133.164,35.206],[133.175,35.214],[133.188,35.222],[133.272,35.256],[133.293,35.269],[133.3,35.282],[133.3,35.301],[133.297,35.334],[133.304,35.389],[133.316,35.401],[133.326,35.411],[133.32,35.422],[133.287,35.433],[133.275,35.439],[133.25,35.456],[133.233,35.477],[133.229,35.49],[133.219,35.502],[133.208,35.509],[133.205,35.521],[133.254,35.537]]]]}},{"type":"Feature","properties":{"name":"兵庫県"},"geometry":{"type":"MultiPolygon","coordinates":[[[[134.366,35.6],[134.376,35.611],[134.414,35.621],[134.466,35.638],[134.498,35.654],[134.537,35.672],[134.59,35.659],[134.647,35.664],[134.691,35.663],[134.767,35.667],[134.798,35.666],[134.813,35.662],[134.834,35.657],[134.842,35.645],[134.863,35.658],[134.867,35.622],[134.867,35.611],[134.866,35.584],[134.868,35.571],[134.873,35.559],[134.884,35.544],[134.911,35.513],[134.934,35.501],[134.954,35.497],[134.971,35.501],[135.002,35.515],[135.012,35.518],[135.024,35.519],[135.035,35.513],[135.044,35.503],[135.047,35.482],[135.05,35.416],[135.049,35.406],[135.045,35.395],[135.031,35.377],[135.015,35.366],[135.003,35.366],[134.985,35.37],[134.963,35.382],[134.95,35.387],[134.939,35.386],[134.926,35.368],[134.924,35.357],[134.921,35.318],[134.927,35.302],[134.955,35.286],[134.99,35.278],[135.002,35.272],[135.014,35.264],[135.028,35.252],[135.065,35.241],[135.078,35.234],[135.094,35.235],[135.117,35.246],[135.127,35.248],[135.147,35.247],[135.159,35.24],[135.172,35.209],[135.188,35.184],[135.201,35.17],[135.225,35.157],[135.244,35.158],[135.259,35.157],[135.274,35.152],[135.286,35.144],[135.294,35.132],[135.305,35.129],[135.331,35.133],[135.344,35.129],[135.379,35.108],[135.396,35.088],[135.401,35.077],[135.397,35.064],[135.379,35.049],[135.36,35.039],[135.347,35.034],[135.339,35.022],[135.363,34.997],[135.367,34.953],[135.399,34.924],[135.432,34.911],[135.439,34.89],[135.44,34.865],[135.439,34.85],[135.435,34.834],[135.433,34.816],[135.433,34.794],[135.444,34.761],[135.449,34.729],[135.442,34.716],[135.433,34.706],[135.413,34.692],[135.398,34.686],[135.381,34.681],[135.363,34.689],[135.341,34.709],[135.317,34.707],[135.287,34.705],[135.287,34.68],[135.254,34.677],[135.255,34.701],[135.22,34.691],[135.242,34.651],[135.211,34.655],[135.204,34.677],[135.186,34.675],[135.184,34.651],[135.111,34.64],[135.08,34.628],[135.046,34.625],[135.017,34.642],[134.979,34.641],[134.96,34.644],[134.937,34.667],[134.908,34.678],[134.888,34.691],[134.833,34.721],[134.8,34.731],[134.762,34.757],[134.744,34.767],[134.696,34.776],[134.567,34.767],[134.554,34.772],[134.543,34.77],[134.532,34.763],[134.519,34.76],[134.506,34.761],[134.496,34.765],[134.491,34.787],[134.478,34.782],[134.471,34.77],[134.457,34.76],[134.431,34.73],[134.409,34.726],[134.398,34.732],[134.381,34.74],[134.368,34.736],[134.358,34.727],[134.352,34.716],[134.354,34.705],[134.327,34.704],[134.305,34.709],[134.314,34.732],[134.316,34.744],[134.314,34.761],[134.306,34.778],[134.289,34.8],[134.26,34.821],[134.257,34.836],[134.258,34.851],[134.264,34.873],[134.264,34.897],[134.259,34.937],[134.265,34.967],[134.266,34.982],[134.265,34.994],[134.313,35.041],[134.363,35.111],[134.374,35.123],[134.386,35.132],[134.397,35.152],[134.394,35.171],[134.388,35.188],[134.396,35.217],[134.396,35.229],[134.416,35.226],[134.436,35.217],[134.448,35.219],[134.463,35.225],[134.492,35.244],[134.505,35.258],[134.51,35.272],[134.511,35.289],[134.508,35.306],[134.506,35.322],[134.502,35.332],[134.479,35.362],[134.474,35.383],[134.468,35.4],[134.444,35.439],[134.417,35.544],[134.398,35.579],[134.369,35.598]]],[[[135.003,34.608],[135.028,34.591],[135.03,34.579],[135.018,34.566],[135.003,34.552],[134.995,34.53],[134.984,34.506],[134.956,34.485],[134.933,34.453],[134.903,34.419],[134.897,34.381],[134.899,34.361],[134.9,34.349],[134.916,34.338],[134.919,34.32],[134.926,34.308],[134.95,34.287],[134.958,34.27],[134.938,34.263],[134.909,34.257],[134.885,34.244],[134.856,34.236],[134.834,34.227],[134.8,34.201],[134.752,34.192],[134.729,34.191],[134.727,34.21],[134.705,34.218],[134.714,34.24],[134.724,34.253],[134.688,34.244],[134.667,34.266],[134.657,34.288],[134.67,34.302],[134.683,34.328],[134.705,34.323],[134.721,34.33],[134.799,34.447],[134.824,34.461],[134.843,34.47],[134.856,34.483],[134.865,34.501],[134.884,34.529],[134.922,34.546],[134.938,34.551],[134.963,34.581],[134.981,34.602],[135.003,34.608]]]]}},{"type":"Feature","properties":{"name":"京都府"},"geometry":{"type":"MultiPolygon","coordinates":[[[[134.863,35.658],[134.881,35.657],[134.885,35.646],[134.898,35.649],[134.916,35.644],[134.927,35.641],[134.947,35.655],[134.964,35.661],[134.96,35.674],[134.988,35.69],[135.011,35.691],[135.029,35.693],[135.045,35.702],[135.086,35.726],[135.084,35.739],[135.134,35.752],[135.184,35.76],[135.21,35.763],[135.227,35.772],[135.251,35.758],[135.262,35.74],[135.277,35.731],[135.292,35.712],[135.304,35.689],[135.306,35.672],[135.299,35.658],[135.279,35.669],[135.259,35.657],[135.246,35.636],[135.242,35.623],[135.205,35.587],[135.188,35.565],[135.188,35.545],[135.207,35.541],[135.208,35.559],[135.222,35.568],[135.235,35.585],[135.248,35.592],[135.253,35.571],[135.265,35.567],[135.252,35.557],[135.24,35.558],[135.239,35.542],[135.302,35.513],[135.316,35.518],[135.335,35.508],[135.33,35.495],[135.315,35.467],[135.319,35.447],[135.33,35.455],[135.34,35.471],[135.353,35.487],[135.371,35.486],[135.395,35.476],[135.402,35.507],[135.374,35.502],[135.35,35.51],[135.338,35.537],[135.361,35.554],[135.374,35.558],[135.403,35.558],[135.416,35.562],[135.436,35.58],[135.439,35.591],[135.463,35.603],[135.458,35.587],[135.452,35.572],[135.47,35.566],[135.483,35.559],[135.479,35.544],[135.463,35.534],[135.452,35.527],[135.442,35.518],[135.444,35.499],[135.453,35.48],[135.447,35.462],[135.453,35.439],[135.485,35.406],[135.503,35.393],[135.51,35.382],[135.539,35.364],[135.688,35.33],[135.743,35.338],[135.772,35.317],[135.827,35.263],[135.829,35.248],[135.819,35.212],[135.82,35.199],[135.834,35.154],[135.836,35.136],[135.837,35.121],[135.815,35.006],[135.825,34.981],[135.839,34.961],[135.854,34.934],[135.856,34.919],[135.856,34.905],[135.855,34.89],[135.863,34.874],[135.874,34.868],[135.886,34.865],[135.902,34.865],[135.916,34.867],[135.929,34.86],[135.936,34.849],[135.952,34.834],[135.977,34.823],[135.989,34.814],[135.998,34.803],[136.003,34.774],[136.036,34.715],[136.029,34.704],[136.009,34.696],[135.985,34.703],[135.965,34.714],[135.932,34.724],[135.91,34.724],[135.89,34.717],[135.873,34.707],[135.849,34.699],[135.832,34.699],[135.818,34.704],[135.768,34.72],[135.753,34.726],[135.739,34.734],[135.722,34.749],[135.706,34.76],[135.715,34.785],[135.708,34.811],[135.701,34.823],[135.683,34.844],[135.646,34.899],[135.634,34.91],[135.621,34.914],[135.61,34.913],[135.598,34.92],[135.583,34.947],[135.566,34.947],[135.557,34.933],[135.564,34.916],[135.538,34.91],[135.504,34.925],[135.486,34.938],[135.472,34.955],[135.458,34.975],[135.444,34.984],[135.43,34.988],[135.393,34.99],[135.363,34.997],[135.342,35.015],[135.339,35.03],[135.36,35.039],[135.379,35.049],[135.397,35.064],[135.401,35.077],[135.396,35.088],[135.389,35.1],[135.344,35.129],[135.331,35.133],[135.305,35.129],[135.294,35.132],[135.286,35.144],[135.274,35.152],[135.259,35.157],[135.244,35.158],[135.225,35.157],[135.201,35.17],[135.188,35.184],[135.172,35.209],[135.159,35.24],[135.147,35.247],[135.127,35.248],[135.117,35.246],[135.094,35.235],[135.078,35.234],[135.065,35.241],[135.028,35.252],[135.014,35.264],[135.002,35.272],[134.99,35.278],[134.955,35.286],[134.937,35.294],[134.922,35.311],[134.924,35.357],[134.926,35.368],[134.93,35.38],[134.95,35.387],[134.963,35.382],[134.985,35.37],[135.003,35.366],[135.015,35.366],[135.031,35.377],[135.045,35.395],[135.049,35.406],[135.05,35.416],[135.047,35.482],[135.044,35.503],[135.035,35.513],[135.024,35.519],[135.012,35.518],[135.002,35.515],[134.971,35.501],[134.954,35.497],[134.934,35.501],[134.911,35.513],[134.884,35.544],[134.873,35.559],[134.868,35.571],[134.866,35.584],[134.865,35.601],[134.867,35.622],[134.863,35.658]]]]}},{"type":"Feature","properties":{"name":"福井県"},"geometry":{"type":"MultiPolygon","coordinates":[[[[135.479,35.544],[135.479,35.527],[135.496,35.524],[135.512,35.548],[135.512,35.53],[135.509,35.512],[135.511,35.498],[135.53,35.493],[135.558,35.492],[135.577,35.496],[135.596,35.505],[135.605,35.517],[135.625,35.532],[135.649,35.543],[135.67,35.534],[135.642,35.522],[135.635,35.494],[135.622,35.487],[135.645,35.48],[135.697,35.492],[135.724,35.491],[135.738,35.499],[135.748,35.514],[135.748,35.534],[135.721,35.522],[135.709,35.541],[135.692,35.546],[135.706,35.562],[135.738,35.571],[135.756,35.549],[135.777,35.55],[135.794,35.531],[135.81,35.527],[135.834,35.534],[135.823,35.538],[135.802,35.568],[135.815,35.578],[135.826,35.569],[135.84,35.573],[135.855,35.579],[135.844,35.592],[135.834,35.613],[135.816,35.631],[135.812,35.643],[135.823,35.645],[135.841,35.634],[135.854,35.625],[135.868,35.618],[135.902,35.624],[135.919,35.608],[135.94,35.618],[135.951,35.629],[135.971,35.626],[135.982,35.644],[135.964,35.655],[135.973,35.676],[135.974,35.691],[135.97,35.703],[135.956,35.701],[135.956,35.728],[135.982,35.74],[136.02,35.765],[136.034,35.746],[136.039,35.723],[136.047,35.704],[136.042,35.691],[136.032,35.692],[136.027,35.681],[136.043,35.67],[136.047,35.659],[136.069,35.662],[136.075,35.679],[136.084,35.69],[136.083,35.704],[136.092,35.715],[136.093,35.743],[136.1,35.76],[136.099,35.776],[136.088,35.795],[136.077,35.812],[136.07,35.825],[136.049,35.839],[136.012,35.871],[135.993,35.885],[135.995,35.913],[135.994,35.936],[135.971,35.96],[135.957,35.973],[135.963,36.0],[135.987,36.012],[136.0,36.024],[136.018,36.057],[136.031,36.081],[136.044,36.111],[136.093,36.161],[136.108,36.185],[136.12,36.2],[136.135,36.225],[136.119,36.246],[136.145,36.254],[136.163,36.252],[136.197,36.264],[136.227,36.286],[136.241,36.272],[136.276,36.251],[136.287,36.242],[136.294,36.225],[136.301,36.196],[136.305,36.184],[136.312,36.174],[136.323,36.166],[136.336,36.162],[136.359,36.159],[136.378,36.155],[136.417,36.14],[136.436,36.14],[136.449,36.145],[136.463,36.147],[136.495,36.146],[136.533,36.14],[136.566,36.124],[136.587,36.108],[136.623,36.074],[136.637,36.066],[136.656,36.063],[136.721,36.075],[136.724,36.06],[136.716,36.039],[136.707,36.014],[136.703,35.973],[136.699,35.956],[136.699,35.944],[136.701,35.932],[136.717,35.915],[136.728,35.91],[136.754,35.904],[136.766,35.898],[136.779,35.887],[136.792,35.869],[136.802,35.85],[136.803,35.836],[136.796,35.824],[136.783,35.813],[136.769,35.791],[136.758,35.784],[136.727,35.783],[136.71,35.781],[136.687,35.774],[136.669,35.774],[136.634,35.779],[136.612,35.779],[136.508,35.762],[136.495,35.756],[136.484,35.739],[136.455,35.752],[136.443,35.754],[136.43,35.755],[136.415,35.754],[136.399,35.756],[136.365,35.766],[136.35,35.768],[136.337,35.766],[136.324,35.762],[136.313,35.755],[136.304,35.744],[136.29,35.695],[136.257,35.646],[136.167,35.675],[136.147,35.671],[136.128,35.664],[136.124,35.649],[136.132,35.633],[136.134,35.611],[136.143,35.593],[136.146,35.582],[136.145,35.571],[136.135,35.558],[136.122,35.556],[136.109,35.558],[136.096,35.558],[136.089,35.543],[136.09,35.532],[136.081,35.514],[136.057,35.514],[136.044,35.512],[136.016,35.503],[135.992,35.485],[135.98,35.48],[135.967,35.482],[135.955,35.487],[135.945,35.497],[135.931,35.503],[135.921,35.489],[135.901,35.414],[135.894,35.401],[135.886,35.391],[135.867,35.38],[135.855,35.382],[135.841,35.387],[135.818,35.385],[135.799,35.377],[135.743,35.338],[135.688,35.33],[135.539,35.364],[135.519,35.373],[135.503,35.393],[135.485,35.406],[135.453,35.439],[135.447,35.452],[135.453,35.475],[135.45,35.49],[135.439,35.509],[135.452,35.527],[135.463,35.534],[135.476,35.54]]]]}},{"type":"Feature","properties":{"name":"石川県"},"geometry":{"type":"MultiPolygon","coordinates":[[[[136.227,36.286],[136.279,36.322],[136.298,36.347],[136.347,36.366],[136.382,36.391],[136.43,36.433],[136.64,36.663],[136.69,36.731],[136.761,36.871],[136.766,36.89],[136.765,36.913],[136.75,36.926],[136.761,36.952],[136.768,36.981],[136.76,37.0],[136.742,37.013],[136.732,37.048],[136.72,37.055],[136.718,37.076],[136.727,37.127],[136.721,37.142],[136.709,37.15],[136.698,37.148],[136.696,37.136],[136.676,37.137],[136.67,37.15],[136.674,37.175],[136.682,37.199],[136.69,37.215],[136.706,37.228],[136.698,37.24],[136.713,37.251],[136.726,37.27],[136.733,37.285],[136.724,37.297],[136.722,37.325],[136.749,37.358],[136.784,37.374],[136.842,37.4],[136.881,37.408],[136.903,37.398],[136.935,37.399],[137.045,37.448],[137.072,37.453],[137.091,37.473],[137.114,37.488],[137.255,37.525],[137.296,37.531],[137.341,37.517],[137.351,37.506],[137.344,37.487],[137.345,37.475],[137.359,37.467],[137.356,37.453],[137.325,37.439],[137.308,37.44],[137.287,37.443],[137.268,37.436],[137.254,37.429],[137.246,37.414],[137.237,37.38],[137.249,37.357],[137.267,37.355],[137.265,37.34],[137.263,37.326],[137.256,37.315],[137.238,37.302],[137.209,37.293],[137.166,37.301],[137.109,37.283],[137.093,37.261],[137.071,37.238],[137.071,37.219],[137.054,37.21],[137.033,37.205],[137.027,37.191],[137.014,37.185],[136.98,37.196],[136.96,37.207],[136.946,37.217],[136.956,37.228],[136.942,37.225],[136.93,37.222],[136.917,37.198],[136.893,37.173],[136.88,37.144],[136.896,37.139],[136.893,37.118],[136.869,37.111],[136.868,37.089],[136.861,37.077],[136.875,37.07],[136.893,37.073],[136.914,37.082],[136.934,37.08],[136.963,37.052],[136.98,37.047],[137.004,37.055],[137.024,37.095],[137.039,37.103],[137.054,37.08],[137.049,37.023],[137.054,36.967],[137.044,36.956],[137.009,36.953],[136.991,36.953],[136.979,36.951],[136.951,36.94],[136.938,36.938],[136.927,36.938],[136.915,36.937],[136.905,36.933],[136.894,36.926],[136.872,36.902],[136.86,36.887],[136.833,36.829],[136.827,36.813],[136.824,36.791],[136.812,36.753],[136.804,36.743],[136.784,36.727],[136.778,36.706],[136.781,36.695],[136.786,36.685],[136.787,36.665],[136.769,36.622],[136.77,36.603],[136.773,36.589],[136.783,36.557],[136.784,36.543],[136.779,36.525],[136.774,36.513],[136.768,36.497],[136.758,36.44],[136.758,36.419],[136.762,36.403],[136.769,36.391],[136.773,36.377],[136.774,36.36],[136.766,36.335],[136.764,36.322],[136.773,36.292],[136.784,36.273],[136.813,36.247],[136.817,36.235],[136.812,36.22],[136.763,36.162],[136.754,36.148],[136.745,36.106],[136.721,36.075],[136.656,36.063],[136.637,36.066],[136.623,36.074],[136.587,36.108],[136.566,36.124],[136.533,36.14],[136.495,36.146],[136.463,36.147],[136.449,36.145],[136.436,36.14],[136.417,36.14],[136.378,36.155],[136.359,36.159],[136.336,36.162],[136.323,36.166],[136.312,36.174],[136.305,36.184],[136.301,36.196],[136.294,36.225],[136.29,36.236],[136.28,36.248],[136.243,36.27],[136.227,36.286]]],[[[137.048,37.152],[137.044,37.137],[137.039,37.12],[137.022,37.114],[137.004,37.113],[136.986,37.108],[136.973,37.102],[136.947,37.097],[136.935,37.108],[136.916,37.128],[136.905,37.144],[136.92,37.147],[136.934,37.142],[136.95,37.145],[136.967,37.152],[136.981,37.151],[136.999,37.139],[137.016,37.145],[137.027,37.155],[137.042,37.16]]]]}},{"type":"Feature","properties":{"name":"富山県"},"geometry":{"type":"MultiPolygon","coordinates":[[[[137.044,36.956],[137.027,36.939],[137.025,36.914],[136.988,36.871],[137.006,36.836],[137.053,36.811],[137.081,36.79],[137.128,36.777],[137.157,36.761],[137.197,36.758],[137.241,36.765],[137.299,36.757],[137.333,36.763],[137.351,36.782],[137.384,36.8],[137.395,36.827],[137.408,36.845],[137.413,36.862],[137.42,36.877],[137.414,36.897],[137.427,36.922],[137.448,36.934],[137.499,36.956],[137.587,36.97],[137.615,36.975],[137.637,36.951],[137.672,36.935],[137.685,36.926],[137.695,36.912],[137.733,36.775],[137.734,36.668],[137.73,36.645],[137.728,36.621],[137.725,36.605],[137.719,36.59],[137.702,36.572],[137.686,36.559],[137.676,36.549],[137.675,36.528],[137.671,36.507],[137.657,36.492],[137.643,36.468],[137.628,36.435],[137.621,36.424],[137.611,36.414],[137.581,36.395],[137.565,36.377],[137.526,36.388],[137.478,36.406],[137.414,36.415],[137.388,36.423],[137.358,36.437],[137.341,36.44],[137.329,36.436],[137.308,36.424],[137.295,36.421],[137.286,36.437],[137.285,36.451],[137.264,36.45],[137.2,36.429],[137.188,36.43],[137.176,36.432],[137.161,36.437],[137.146,36.433],[137.133,36.425],[137.081,36.379],[137.067,36.369],[137.054,36.363],[137.042,36.351],[137.039,36.34],[137.027,36.319],[137.005,36.308],[136.977,36.283],[136.958,36.273],[136.946,36.276],[136.949,36.303],[136.945,36.319],[136.922,36.333],[136.899,36.337],[136.881,36.338],[136.85,36.343],[136.837,36.338],[136.823,36.315],[136.819,36.303],[136.806,36.289],[136.773,36.292],[136.764,36.322],[136.766,36.335],[136.774,36.36],[136.773,36.377],[136.769,36.391],[136.762,36.403],[136.758,36.419],[136.758,36.44],[136.768,36.497],[136.774,36.513],[136.779,36.525],[136.784,36.543],[136.783,36.557],[136.773,36.589],[136.77,36.603],[136.769,36.622],[136.787,36.665],[136.788,36.675],[136.781,36.695],[136.778,36.706],[136.777,36.719],[136.804,36.743],[136.812,36.753],[136.824,36.791],[136.827,36.813],[136.833,36.829],[136.86,36.887],[136.872,36.902],[136.894,36.926],[136.905,36.933],[136.915,36.937],[136.927,36.938],[136.938,36.938],[136.951,36.94],[136.979,36.951],[136.991,36.953],[137.009,36.953],[137.043,36.956]]]]}},{"type":"Feature","properties":{"name":"新潟県"},"geometry":{"type":"MultiPolygon","coordinates":[[[[137.615,36.975],[137.683,36.988],[137.808,37.031],[137.897,37.058],[137.999,37.111],[138.053,37.13],[138.077,37.15],[138.098,37.171],[138.164,37.162],[138.207,37.169],[138.245,37.184],[138.325,37.231],[138.438,37.322],[138.551,37.378],[138.578,37.403],[138.597,37.435],[138.623,37.478],[138.66,37.524],[138.718,37.565],[138.747,37.597],[138.766,37.635],[138.809,37.761],[138.827,37.797],[138.858,37.828],[138.93,37.875],[139.06,37.946],[139.091,37.955],[139.132,37.959],[139.216,37.99],[139.239,38.003],[139.305,38.042],[139.408,38.132],[139.425,38.151],[139.432,38.169],[139.462,38.375],[139.473,38.413],[139.493,38.454],[139.53,38.508],[139.549,38.545],[139.562,38.542],[139.653,38.51],[139.68,38.504],[139.694,38.499],[139.701,38.487],[139.699,38.467],[139.7,38.452],[139.696,38.416],[139.701,38.399],[139.709,38.388],[139.722,38.377],[139.735,38.368],[139.749,38.36],[139.763,38.355],[139.792,38.356],[139.806,38.354],[139.847,38.33],[139.862,38.314],[139.869,38.301],[139.871,38.286],[139.864,38.266],[139.855,38.252],[139.844,38.241],[139.808,38.219],[139.794,38.212],[139.778,38.209],[139.755,38.208],[139.716,38.21],[139.701,38.209],[139.687,38.202],[139.679,38.188],[139.665,38.072],[139.645,38.041],[139.642,38.029],[139.644,38.001],[139.635,37.98],[139.632,37.969],[139.63,37.945],[139.62,37.922],[139.617,37.91],[139.619,37.896],[139.631,37.879],[139.654,37.859],[139.688,37.843],[139.725,37.82],[139.686,37.78],[139.666,37.764],[139.595,37.68],[139.548,37.638],[139.537,37.624],[139.533,37.614],[139.536,37.604],[139.544,37.589],[139.55,37.577],[139.553,37.563],[139.556,37.518],[139.554,37.506],[139.544,37.504],[139.515,37.509],[139.503,37.508],[139.48,37.502],[139.467,37.501],[139.42,37.503],[139.404,37.496],[139.381,37.461],[139.371,37.458],[139.341,37.462],[139.326,37.461],[139.264,37.447],[139.226,37.447],[139.209,37.441],[139.196,37.429],[139.189,37.418],[139.189,37.399],[139.204,37.38],[139.208,37.367],[139.208,37.355],[139.194,37.297],[139.188,37.284],[139.16,37.241],[139.156,37.226],[139.159,37.214],[139.173,37.196],[139.187,37.19],[139.204,37.192],[139.231,37.149],[139.236,37.129],[139.235,37.116],[139.235,37.091],[139.241,37.039],[139.239,37.028],[139.231,37.001],[139.227,36.962],[139.215,36.946],[139.201,36.951],[139.19,36.952],[139.178,36.954],[139.168,36.96],[139.156,36.988],[139.143,37.0],[139.129,37.008],[139.116,37.025],[139.105,37.036],[139.092,37.039],[139.08,37.037],[139.063,37.009],[139.054,36.999],[139.034,36.987],[138.974,36.972],[138.961,36.957],[138.96,36.927],[138.964,36.913],[138.965,36.902],[138.925,36.886],[138.915,36.869],[138.911,36.843],[138.89,36.827],[138.837,36.811],[138.822,36.804],[138.814,36.779],[138.808,36.768],[138.794,36.758],[138.769,36.75],[138.744,36.747],[138.723,36.749],[138.68,36.731],[138.667,36.763],[138.67,36.823],[138.667,36.836],[138.658,36.85],[138.605,36.886],[138.582,36.909],[138.574,36.923],[138.559,36.989],[138.555,37.001],[138.536,37.01],[138.519,37.014],[138.5,37.015],[138.481,37.014],[138.424,37.002],[138.382,36.986],[138.366,36.977],[138.353,36.966],[138.324,36.926],[138.297,36.915],[138.286,36.908],[138.278,36.895],[138.274,36.884],[138.271,36.858],[138.252,36.849],[138.234,36.856],[138.223,36.859],[138.208,36.858],[138.178,36.844],[138.164,36.84],[138.146,36.837],[138.1,36.835],[138.085,36.833],[138.074,36.827],[138.058,36.81],[138.044,36.807],[138.012,36.826],[138.006,36.839],[138.009,36.864],[138.008,36.874],[137.998,36.89],[137.973,36.904],[137.959,36.906],[137.943,36.907],[137.93,36.911],[137.912,36.918],[137.899,36.921],[137.885,36.922],[137.869,36.919],[137.853,36.909],[137.848,36.892],[137.85,36.874],[137.845,36.861],[137.837,36.848],[137.801,36.803],[137.788,36.794],[137.775,36.787],[137.733,36.775],[137.695,36.912],[137.685,36.926],[137.672,36.935],[137.637,36.951],[137.617,36.969]]],[[[138.459,38.07],[138.495,38.067],[138.541,38.077],[138.575,38.074],[138.575,38.035],[138.566,38.016],[138.524,37.963],[138.513,37.945],[138.5,37.907],[138.487,37.892],[138.37,37.829],[138.265,37.798],[138.243,37.796],[138.233,37.798],[138.215,37.81],[138.216,37.83],[138.272,37.842],[138.283,37.848],[138.288,37.861],[138.288,37.906],[138.299,37.922],[138.331,37.952],[138.343,37.967],[138.315,37.997],[138.248,37.979],[138.233,38.008],[138.233,38.031],[138.236,38.052],[138.242,38.071],[138.253,38.09],[138.295,38.136],[138.31,38.168],[138.329,38.182],[138.348,38.193],[138.357,38.204],[138.402,38.241],[138.429,38.256],[138.469,38.313],[138.49,38.322],[138.514,38.323],[138.519,38.307],[138.507,38.241],[138.487,38.181],[138.444,38.102],[138.438,38.083],[138.438,38.064],[138.443,38.052],[138.459,38.07]]]]}},{"type":"Feature","properties":{"name":"山形県"},"geometry":{"type":"MultiPolygon","coordinates":[[[[139.549,38.545],[139.58,38.607],[139.599,38.648],[139.627,38.681],[139.716,38.746],[139.747,38.779],[139.774,38.817],[139.815,38.941],[139.858,39.032],[139.867,39.062],[139.874,39.098],[139.881,39.115],[139.963,39.098],[139.974,39.099],[139.985,39.102],[139.995,39.106],[140.012,39.11],[140.024,39.108],[140.035,39.105],[140.069,39.077],[140.104,39.057],[140.126,39.048],[140.151,39.045],[140.165,39.045],[140.178,39.041],[140.195,39.027],[140.211,39.02],[140.286,39.008],[140.32,39.007],[140.343,39.004],[140.405,38.976],[140.421,38.964],[140.433,38.94],[140.449,38.915],[140.479,38.892],[140.533,38.882],[140.543,38.858],[140.577,38.822],[140.595,38.79],[140.616,38.765],[140.616,38.747],[140.609,38.736],[140.605,38.71],[140.606,38.686],[140.604,38.672],[140.599,38.66],[140.591,38.65],[140.568,38.642],[140.552,38.644],[140.541,38.642],[140.534,38.631],[140.535,38.619],[140.538,38.607],[140.549,38.585],[140.554,38.568],[140.555,38.524],[140.558,38.508],[140.565,38.497],[140.582,38.48],[140.588,38.466],[140.585,38.453],[140.573,38.43],[140.56,38.395],[140.543,38.379],[140.523,38.358],[140.512,38.333],[140.503,38.319],[140.483,38.295],[140.474,38.282],[140.468,38.268],[140.461,38.245],[140.463,38.208],[140.462,38.191],[140.459,38.175],[140.451,38.152],[140.441,38.139],[140.414,38.114],[140.397,38.091],[140.379,38.079],[140.361,38.069],[140.345,38.065],[140.309,38.062],[140.295,38.057],[140.282,38.045],[140.277,38.03],[140.27,37.964],[140.27,37.926],[140.267,37.907],[140.265,37.872],[140.267,37.831],[140.274,37.8],[140.269,37.781],[140.261,37.769],[140.231,37.747],[140.214,37.741],[140.203,37.738],[140.192,37.739],[140.182,37.74],[140.162,37.742],[140.149,37.738],[140.131,37.727],[140.117,37.723],[140.104,37.723],[140.094,37.727],[140.072,37.745],[140.061,37.752],[140.049,37.756],[140.036,37.757],[140.008,37.754],[139.991,37.757],[139.979,37.762],[139.966,37.773],[139.946,37.8],[139.932,37.812],[139.917,37.815],[139.904,37.808],[139.89,37.805],[139.878,37.806],[139.85,37.812],[139.826,37.811],[139.806,37.806],[139.791,37.806],[139.776,37.809],[139.765,37.816],[139.725,37.82],[139.688,37.843],[139.654,37.859],[139.631,37.879],[139.619,37.896],[139.617,37.91],[139.62,37.922],[139.63,37.945],[139.632,37.969],[139.635,37.98],[139.644,38.0],[139.642,38.029],[139.645,38.041],[139.665,38.072],[139.679,38.188],[139.687,38.202],[139.701,38.209],[139.716,38.21],[139.755,38.208],[139.778,38.209],[139.794,38.212],[139.808,38.219],[139.844,38.241],[139.855,38.252],[139.864,38.266],[139.871,38.286],[139.869,38.301],[139.862,38.314],[139.847,38.33],[139.806,38.354],[139.792,38.356],[139.763,38.355],[139.749,38.36],[139.735,38.368],[139.722,38.377],[139.709,38.388],[139.701,38.399],[139.696,38.416],[139.7,38.452],[139.699,38.467],[139.7,38.478],[139.702,38.494],[139.68,38.504],[139.653,38.51],[139.562,38.542],[139.549,38.545]]]]}},{"type":"Feature","properties":{"name":"秋田県"},"geometry":{"type":"MultiPolygon","coordinates":[[[[139.881,39.115],[139.892,39.133],[139.896,39.152],[139.898,39.193],[139.904,39.225],[139.917,39.262],[139.932,39.287],[139.964,39.299],[139.995,39.327],[140.02,39.408],[140.049,39.505],[140.059,39.698],[140.059,39.727],[140.039,39.769],[140.039,39.793],[140.028,39.825],[140.005,39.851],[139.966,39.88],[139.921,39.899],[139.877,39.893],[139.864,39.882],[139.855,39.871],[139.844,39.862],[139.826,39.858],[139.76,39.858],[139.738,39.892],[139.73,39.903],[139.709,39.924],[139.704,39.945],[139.719,39.952],[139.701,39.961],[139.698,39.989],[139.701,40.006],[139.743,39.982],[139.8,39.963],[139.822,39.961],[139.867,39.984],[139.904,40.018],[139.978,40.125],[139.994,40.17],[139.989,40.191],[140.003,40.222],[140.011,40.235],[140.02,40.333],[140.024,40.355],[140.012,40.368],[139.999,40.377],[139.963,40.404],[139.946,40.419],[139.944,40.429],[139.981,40.433],[139.996,40.432],[140.012,40.439],[140.025,40.449],[140.045,40.462],[140.061,40.464],[140.08,40.46],[140.095,40.454],[140.122,40.449],[140.301,40.447],[140.329,40.456],[140.358,40.473],[140.385,40.48],[140.409,40.481],[140.423,40.477],[140.434,40.46],[140.474,40.445],[140.528,40.412],[140.544,40.408],[140.56,40.418],[140.574,40.424],[140.592,40.425],[140.607,40.422],[140.618,40.419],[140.633,40.412],[140.648,40.412],[140.662,40.414],[140.689,40.424],[140.702,40.425],[140.717,40.426],[140.749,40.446],[140.774,40.454],[140.788,40.462],[140.805,40.482],[140.819,40.492],[140.85,40.5],[140.869,40.497],[140.915,40.483],[140.93,40.475],[140.94,40.468],[140.948,40.455],[140.946,40.444],[140.937,40.433],[140.953,40.42],[140.964,40.381],[140.963,40.369],[140.957,40.357],[140.948,40.339],[140.944,40.319],[140.936,40.298],[140.934,40.286],[140.934,40.271],[140.926,40.244],[140.907,40.229],[140.885,40.217],[140.871,40.202],[140.855,40.181],[140.856,40.168],[140.862,40.15],[140.857,40.133],[140.856,40.117],[140.856,40.104],[140.851,40.092],[140.842,40.077],[140.838,40.066],[140.838,40.054],[140.841,40.04],[140.842,39.977],[140.844,39.967],[140.849,39.939],[140.855,39.921],[140.869,39.891],[140.871,39.878],[140.854,39.867],[140.842,39.867],[140.83,39.869],[140.817,39.868],[140.805,39.866],[140.794,39.86],[140.786,39.85],[140.783,39.84],[140.783,39.829],[140.786,39.817],[140.816,39.794],[140.826,39.784],[140.819,39.765],[140.804,39.746],[140.797,39.735],[140.79,39.72],[140.801,39.693],[140.809,39.677],[140.813,39.662],[140.814,39.644],[140.81,39.631],[140.791,39.599],[140.748,39.56],[140.739,39.547],[140.729,39.529],[140.714,39.493],[140.676,39.435],[140.658,39.392],[140.66,39.381],[140.664,39.367],[140.685,39.334],[140.693,39.303],[140.699,39.292],[140.717,39.274],[140.732,39.259],[140.752,39.248],[140.767,39.231],[140.77,39.22],[140.769,39.206],[140.782,39.188],[140.796,39.175],[140.786,39.163],[140.775,39.157],[140.764,39.148],[140.753,39.128],[140.749,39.113],[140.751,39.099],[140.759,39.086],[140.773,39.075],[140.786,39.068],[140.798,39.049],[140.775,39.004],[140.759,38.952],[140.734,38.943],[140.71,38.928],[140.696,38.917],[140.642,38.889],[140.578,38.872],[140.558,38.872],[140.544,38.874],[140.533,38.882],[140.479,38.892],[140.449,38.915],[140.433,38.94],[140.421,38.964],[140.405,38.976],[140.343,39.004],[140.32,39.007],[140.286,39.008],[140.211,39.02],[140.195,39.027],[140.185,39.034],[140.165,39.045],[140.151,39.045],[140.126,39.048],[140.104,39.057],[140.069,39.077],[140.035,39.105],[140.024,39.108],[140.012,39.11],[139.995,39.106],[139.985,39.102],[139.974,39.099],[139.963,39.098],[139.886,39.115]]]]}},{"type":"Feature","properties":{"name":"青森県"},"geometry":{"type":"MultiPolygon","coordinates":[[[[139.944,40.429],[139.946,40.478],[139.944,40.521],[139.943,40.545],[139.931,40.554],[139.929,40.571],[139.915,40.586],[139.876,40.583],[139.857,40.59],[139.86,40.609],[139.88,40.625],[139.9,40.642],[139.926,40.647],[139.939,40.67],[139.96,40.678],[139.97,40.694],[139.987,40.718],[139.998,40.742],[140.046,40.768],[140.069,40.766],[140.095,40.749],[140.108,40.744],[140.122,40.745],[140.14,40.75],[140.155,40.761],[140.198,40.786],[140.219,40.778],[140.241,40.784],[140.258,40.796],[140.271,40.812],[140.297,40.874],[140.309,40.936],[140.316,40.954],[140.315,40.979],[140.319,41.0],[140.322,41.027],[140.341,41.005],[140.362,40.993],[140.382,40.988],[140.376,41.012],[140.377,41.028],[140.397,41.027],[140.408,41.026],[140.399,41.039],[140.379,41.038],[140.368,41.038],[140.351,41.039],[140.341,41.05],[140.327,41.041],[140.323,41.071],[140.322,41.083],[140.3,41.111],[140.282,41.119],[140.265,41.121],[140.248,41.123],[140.245,41.134],[140.256,41.139],[140.282,41.14],[140.304,41.137],[140.32,41.15],[140.329,41.172],[140.333,41.191],[140.328,41.201],[140.33,41.212],[140.333,41.237],[140.338,41.259],[140.359,41.254],[140.379,41.244],[140.391,41.24],[140.409,41.225],[140.436,41.198],[140.462,41.184],[140.484,41.183],[140.511,41.198],[140.525,41.22],[140.549,41.226],[140.594,41.22],[140.633,41.194],[140.643,41.171],[140.637,41.145],[140.635,41.115],[140.632,41.093],[140.637,41.072],[140.641,41.041],[140.655,41.008],[140.673,40.896],[140.703,40.853],[140.752,40.835],[140.799,40.839],[140.831,40.867],[140.852,40.884],[140.871,40.915],[140.863,40.934],[140.871,40.945],[140.854,40.945],[140.841,40.953],[140.861,40.957],[140.861,40.972],[140.869,40.984],[140.882,41.008],[140.903,41.009],[140.914,40.996],[140.939,40.994],[140.958,40.978],[140.981,40.96],[140.977,40.946],[140.98,40.936],[140.991,40.934],[141.011,40.93],[141.035,40.918],[141.047,40.915],[141.058,40.917],[141.074,40.9],[141.084,40.886],[141.111,40.873],[141.126,40.873],[141.147,40.879],[141.164,40.891],[141.185,40.911],[141.226,40.987],[141.236,41.016],[141.242,41.083],[141.248,41.098],[141.252,41.119],[141.263,41.126],[141.272,41.137],[141.278,41.155],[141.27,41.185],[141.256,41.211],[141.235,41.238],[141.206,41.265],[141.183,41.277],[141.161,41.278],[141.152,41.264],[141.137,41.247],[141.15,41.249],[141.147,41.236],[141.113,41.214],[141.095,41.21],[141.072,41.197],[141.058,41.183],[141.034,41.186],[141.006,41.196],[140.992,41.193],[140.978,41.196],[140.963,41.19],[140.946,41.173],[140.908,41.174],[140.891,41.164],[140.875,41.167],[140.863,41.164],[140.829,41.146],[140.815,41.128],[140.798,41.129],[140.766,41.145],[140.765,41.185],[140.766,41.196],[140.778,41.207],[140.785,41.235],[140.78,41.252],[140.793,41.278],[140.799,41.303],[140.803,41.321],[140.815,41.338],[140.824,41.365],[140.827,41.388],[140.837,41.418],[140.853,41.43],[140.884,41.467],[140.898,41.476],[140.907,41.501],[140.906,41.513],[140.899,41.524],[140.907,41.539],[140.927,41.533],[140.951,41.522],[140.964,41.509],[140.978,41.498],[140.993,41.491],[141.003,41.487],[141.021,41.484],[141.065,41.481],[141.108,41.464],[141.143,41.433],[141.16,41.417],[141.18,41.406],[141.195,41.387],[141.236,41.368],[141.276,41.353],[141.318,41.353],[141.349,41.36],[141.382,41.373],[141.41,41.39],[141.431,41.406],[141.448,41.418],[141.461,41.43],[141.467,41.419],[141.463,41.404],[141.456,41.392],[141.457,41.377],[141.445,41.366],[141.44,41.351],[141.432,41.33],[141.424,41.313],[141.409,41.257],[141.404,41.231],[141.404,41.221],[141.391,41.161],[141.395,41.138],[141.398,41.128],[141.394,41.116],[141.395,41.103],[141.396,41.092],[141.386,41.03],[141.388,40.977],[141.39,40.934],[141.393,40.922],[141.406,40.817],[141.423,40.726],[141.437,40.67],[141.47,40.593],[141.482,40.574],[141.492,40.562],[141.52,40.538],[141.533,40.531],[141.548,40.532],[141.559,40.539],[141.576,40.542],[141.589,40.522],[141.624,40.501],[141.681,40.451],[141.588,40.407],[141.578,40.396],[141.574,40.386],[141.565,40.368],[141.553,40.359],[141.537,40.356],[141.511,40.359],[141.474,40.369],[141.454,40.367],[141.431,40.362],[141.383,40.346],[141.357,40.34],[141.335,40.343],[141.315,40.355],[141.303,40.355],[141.242,40.334],[141.088,40.263],[141.025,40.219],[141.013,40.213],[141.002,40.211],[140.988,40.214],[140.974,40.219],[140.926,40.244],[140.934,40.271],[140.934,40.286],[140.936,40.298],[140.944,40.319],[140.948,40.339],[140.957,40.357],[140.963,40.369],[140.964,40.381],[140.96,40.411],[140.947,40.426],[140.942,40.44],[140.948,40.455],[140.94,40.468],[140.93,40.475],[140.915,40.483],[140.869,40.497],[140.85,40.5],[140.819,40.492],[140.805,40.482],[140.788,40.462],[140.774,40.454],[140.749,40.446],[140.717,40.426],[140.702,40.425],[140.689,40.424],[140.662,40.414],[140.648,40.412],[140.633,40.412],[140.618,40.419],[140.607,40.422],[140.592,40.425],[140.574,40.424],[140.56,40.418],[140.544,40.408],[140.528,40.412],[140.474,40.445],[140.434,40.46],[140.423,40.477],[140.409,40.481],[140.385,40.48],[140.358,40.473],[140.329,40.456],[140.301,40.447],[140.122,40.449],[140.095,40.454],[140.08,40.46],[140.061,40.464],[140.045,40.462],[140.025,40.449],[140.012,40.439],[139.996,40.432],[139.981,40.433],[139.944,40.429]]]]}},{"type":"Feature","properties":{"name":"岩手県"},"geometry":{"type":"MultiPolygon","coordinates":[[[[141.681,40.451],[141.719,40.413],[141.726,40.394],[141.744,40.384],[141.754,40.369],[141.759,40.359],[141.773,40.334],[141.778,40.315],[141.803,40.29],[141.83,40.251],[141.842,40.226],[141.834,40.214],[141.815,40.203],[141.81,40.193],[141.826,40.176],[141.853,40.167],[141.865,40.16],[141.877,40.139],[141.866,40.127],[141.847,40.115],[141.838,40.095],[141.842,40.07],[141.855,40.055],[141.92,40.009],[141.93,40.004],[141.941,40.001],[141.955,39.975],[141.96,39.964],[141.961,39.954],[141.945,39.931],[141.953,39.906],[141.966,39.892],[141.975,39.852],[141.979,39.839],[142.002,39.778],[142.004,39.767],[142.009,39.753],[141.994,39.735],[141.984,39.707],[141.981,39.663],[141.978,39.648],[141.965,39.626],[141.96,39.612],[141.966,39.598],[142.012,39.636],[142.036,39.639],[142.029,39.623],[142.036,39.612],[142.027,39.595],[142.031,39.584],[142.059,39.563],[142.07,39.55],[142.065,39.536],[142.057,39.526],[142.015,39.489],[141.999,39.481],[141.966,39.471],[141.953,39.461],[141.971,39.443],[141.996,39.445],[142.019,39.459],[142.029,39.478],[142.051,39.477],[142.058,39.466],[142.046,39.461],[142.038,39.44],[142.038,39.424],[142.011,39.416],[141.992,39.414],[141.981,39.412],[141.95,39.392],[141.939,39.385],[141.964,39.376],[141.953,39.362],[141.927,39.346],[141.905,39.33],[141.925,39.325],[141.947,39.33],[141.967,39.341],[141.981,39.351],[141.984,39.327],[141.964,39.313],[141.915,39.295],[141.929,39.284],[141.907,39.275],[141.898,39.262],[141.899,39.249],[141.931,39.248],[141.947,39.25],[141.949,39.228],[141.93,39.212],[141.902,39.204],[141.879,39.208],[141.882,39.192],[141.894,39.187],[141.926,39.187],[141.916,39.17],[141.895,39.159],[141.869,39.154],[141.844,39.152],[141.861,39.138],[141.909,39.11],[141.913,39.098],[141.89,39.09],[141.835,39.104],[141.817,39.091],[141.86,39.073],[141.872,39.063],[141.861,39.059],[141.848,39.057],[141.836,39.056],[141.823,39.057],[141.834,39.044],[141.848,39.035],[141.847,39.022],[141.806,39.029],[141.766,39.025],[141.746,39.026],[141.728,39.036],[141.728,39.022],[141.734,39.01],[141.741,38.999],[141.748,38.988],[141.737,38.989],[141.713,38.974],[141.728,38.97],[141.73,38.951],[141.717,38.947],[141.704,38.951],[141.691,38.96],[141.68,38.971],[141.673,38.981],[141.686,38.986],[141.651,38.997],[141.638,38.985],[141.64,38.968],[141.595,38.976],[141.568,38.986],[141.54,38.99],[141.515,38.99],[141.499,38.987],[141.486,38.977],[141.482,38.964],[141.482,38.947],[141.484,38.932],[141.484,38.921],[141.477,38.905],[141.462,38.89],[141.451,38.873],[141.451,38.853],[141.45,38.833],[141.449,38.816],[141.417,38.789],[141.407,38.785],[141.355,38.805],[141.334,38.809],[141.321,38.813],[141.309,38.81],[141.297,38.797],[141.261,38.778],[141.236,38.758],[141.218,38.754],[141.181,38.774],[141.146,38.786],[141.133,38.799],[141.114,38.822],[141.118,38.84],[141.133,38.849],[141.129,38.864],[141.113,38.869],[141.074,38.873],[141.005,38.873],[140.993,38.875],[140.976,38.88],[140.907,38.914],[140.816,38.947],[140.759,38.952],[140.775,39.004],[140.795,39.039],[140.795,39.06],[140.773,39.075],[140.759,39.086],[140.751,39.099],[140.749,39.113],[140.753,39.128],[140.764,39.148],[140.775,39.157],[140.786,39.163],[140.796,39.175],[140.782,39.188],[140.769,39.206],[140.77,39.22],[140.767,39.231],[140.752,39.248],[140.732,39.259],[140.717,39.274],[140.707,39.286],[140.693,39.303],[140.685,39.334],[140.664,39.367],[140.66,39.381],[140.658,39.392],[140.676,39.435],[140.714,39.493],[140.729,39.529],[140.739,39.547],[140.748,39.56],[140.791,39.599],[140.806,39.622],[140.814,39.644],[140.813,39.662],[140.809,39.677],[140.801,39.693],[140.79,39.72],[140.797,39.735],[140.804,39.746],[140.819,39.765],[140.826,39.784],[140.816,39.794],[140.794,39.809],[140.783,39.829],[140.783,39.84],[140.786,39.85],[140.794,39.86],[140.805,39.866],[140.817,39.868],[140.83,39.869],[140.842,39.867],[140.854,39.867],[140.864,39.87],[140.869,39.891],[140.855,39.921],[140.849,39.939],[140.845,39.958],[140.842,39.977],[140.841,40.04],[140.838,40.054],[140.838,40.066],[140.842,40.077],[140.851,40.092],[140.856,40.104],[140.856,40.117],[140.857,40.133],[140.862,40.15],[140.856,40.168],[140.855,40.181],[140.871,40.202],[140.885,40.217],[140.907,40.229],[140.926,40.244],[140.974,40.219],[140.988,40.214],[141.002,40.211],[141.013,40.213],[141.025,40.219],[141.088,40.263],[141.242,40.334],[141.303,40.355],[141.315,40.355],[141.326,40.35],[141.357,40.34],[141.383,40.346],[141.431,40.362],[141.454,40.367],[141.474,40.369],[141.511,40.359],[141.537,40.356],[141.553,40.359],[141.565,40.368],[141.574,40.386],[141.578,40.396],[141.588,40.407],[141.674,40.448]]]]}},{"type":"Feature","properties":{"name":"宮城県"},"geometry":{"type":"MultiPolygon","coordinates":[[[[141.64,38.968],[141.645,38.923],[141.669,38.873],[141.674,38.852],[141.652,38.864],[141.646,38.883],[141.632,38.89],[141.618,38.885],[141.599,38.885],[141.589,38.882],[141.584,38.854],[141.586,38.835],[141.587,38.819],[141.573,38.807],[141.531,38.781],[141.522,38.768],[141.532,38.763],[141.549,38.741],[141.567,38.729],[141.573,38.719],[141.566,38.704],[141.554,38.703],[141.543,38.707],[141.525,38.69],[141.491,38.678],[141.481,38.673],[141.463,38.661],[141.474,38.645],[141.485,38.641],[141.532,38.638],[141.528,38.618],[141.518,38.604],[141.467,38.57],[141.483,38.557],[141.499,38.542],[141.515,38.535],[141.529,38.549],[141.542,38.533],[141.548,38.519],[141.547,38.502],[141.543,38.481],[141.532,38.484],[141.519,38.498],[141.515,38.508],[141.501,38.47],[141.501,38.458],[141.508,38.447],[141.483,38.441],[141.471,38.436],[141.477,38.418],[141.478,38.402],[141.488,38.392],[141.499,38.4],[141.518,38.402],[141.538,38.398],[141.549,38.385],[141.534,38.39],[141.52,38.391],[141.509,38.385],[141.501,38.372],[141.525,38.36],[141.529,38.34],[141.53,38.318],[141.543,38.303],[141.525,38.268],[141.491,38.292],[141.47,38.296],[141.46,38.306],[141.468,38.318],[141.458,38.331],[141.426,38.344],[141.44,38.372],[141.428,38.38],[141.41,38.378],[141.398,38.378],[141.386,38.381],[141.376,38.385],[141.354,38.402],[141.333,38.409],[141.304,38.408],[141.23,38.394],[141.202,38.386],[141.181,38.371],[141.172,38.347],[141.175,38.324],[141.152,38.323],[141.132,38.372],[141.115,38.365],[141.098,38.372],[141.079,38.361],[141.065,38.347],[141.054,38.329],[141.049,38.309],[141.07,38.315],[141.084,38.303],[141.073,38.29],[141.062,38.285],[141.017,38.245],[140.988,38.207],[140.967,38.17],[140.926,38.049],[140.919,38.007],[140.92,37.965],[140.933,37.892],[140.878,37.888],[140.865,37.883],[140.853,37.868],[140.855,37.847],[140.853,37.81],[140.85,37.799],[140.825,37.786],[140.778,37.786],[140.785,37.775],[140.764,37.77],[140.733,37.777],[140.695,37.799],[140.683,37.816],[140.683,37.847],[140.679,37.86],[140.67,37.872],[140.652,37.883],[140.632,37.887],[140.614,37.894],[140.575,37.903],[140.517,37.893],[140.498,37.895],[140.485,37.903],[140.469,37.925],[140.458,37.936],[140.443,37.943],[140.405,37.955],[140.39,37.954],[140.353,37.946],[140.321,37.946],[140.27,37.964],[140.277,38.03],[140.282,38.045],[140.295,38.057],[140.309,38.062],[140.345,38.065],[140.361,38.069],[140.379,38.079],[140.397,38.091],[140.414,38.114],[140.441,38.139],[140.451,38.152],[140.459,38.175],[140.462,38.191],[140.463,38.208],[140.461,38.245],[140.468,38.268],[140.474,38.282],[140.483,38.295],[140.503,38.319],[140.512,38.333],[140.523,38.358],[140.543,38.379],[140.56,38.395],[140.573,38.43],[140.585,38.453],[140.588,38.466],[140.582,38.48],[140.565,38.497],[140.558,38.508],[140.555,38.524],[140.554,38.568],[140.549,38.585],[140.538,38.607],[140.535,38.619],[140.534,38.631],[140.541,38.642],[140.552,38.644],[140.568,38.642],[140.582,38.643],[140.599,38.66],[140.604,38.672],[140.606,38.686],[140.605,38.71],[140.607,38.732],[140.616,38.747],[140.616,38.765],[140.595,38.79],[140.577,38.822],[140.543,38.858],[140.533,38.882],[140.544,38.874],[140.558,38.872],[140.578,38.872],[140.642,38.889],[140.696,38.917],[140.71,38.928],[140.725,38.937],[140.759,38.952],[140.816,38.947],[140.907,38.914],[140.976,38.88],[140.993,38.875],[141.005,38.873],[141.074,38.873],[141.113,38.869],[141.129,38.864],[141.136,38.853],[141.118,38.84],[141.114,38.822],[141.133,38.799],[141.146,38.786],[141.181,38.774],[141.218,38.754],[141.228,38.754],[141.251,38.772],[141.289,38.791],[141.303,38.804],[141.321,38.813],[141.334,38.809],[141.355,38.805],[141.407,38.785],[141.417,38.789],[141.443,38.809],[141.451,38.824],[141.451,38.853],[141.45,38.864],[141.455,38.882],[141.47,38.897],[141.481,38.911],[141.484,38.932],[141.482,38.947],[141.482,38.964],[141.486,38.977],[141.499,38.987],[141.515,38.99],[141.54,38.99],[141.568,38.986],[141.595,38.976],[141.634,38.97]]]]}},{"type":"Feature","properties":{"name":"福島県"},"geometry":{"type":"MultiPolygon","coordinates":[[[[140.933,37.89],[140.959,37.85],[140.993,37.8],[141.005,37.764],[141.008,37.75],[141.017,37.74],[141.022,37.727],[141.022,37.707],[141.009,37.685],[141.011,37.672],[141.025,37.658],[141.042,37.377],[141.036,37.345],[141.014,37.271],[141.014,37.24],[141.008,37.227],[141.008,37.134],[141.005,37.123],[140.988,37.09],[140.974,37.002],[140.96,36.966],[140.926,36.939],[140.892,36.932],[140.859,36.914],[140.835,36.908],[140.82,36.894],[140.804,36.886],[140.802,36.875],[140.802,36.857],[140.797,36.846],[140.698,36.869],[140.688,36.874],[140.614,36.896],[140.599,36.905],[140.588,36.915],[140.576,36.927],[140.561,36.918],[140.561,36.897],[140.567,36.883],[140.57,36.871],[140.532,36.846],[140.515,36.83],[140.506,36.82],[140.481,36.797],[140.469,36.792],[140.45,36.795],[140.407,36.816],[140.379,36.836],[140.354,36.857],[140.328,36.874],[140.306,36.894],[140.286,36.906],[140.237,36.925],[140.241,36.943],[140.235,36.99],[140.23,37.001],[140.207,37.012],[140.194,37.031],[140.191,37.043],[140.176,37.059],[140.164,37.066],[140.113,37.098],[140.098,37.106],[139.958,37.139],[139.917,37.144],[139.886,37.139],[139.861,37.13],[139.822,37.106],[139.791,37.081],[139.764,37.08],[139.747,37.077],[139.679,37.053],[139.51,36.975],[139.463,36.963],[139.446,36.956],[139.408,36.925],[139.36,36.902],[139.272,36.92],[139.247,36.92],[139.226,36.925],[139.215,36.946],[139.227,36.962],[139.231,37.001],[139.239,37.028],[139.241,37.039],[139.235,37.091],[139.235,37.116],[139.236,37.129],[139.235,37.14],[139.21,37.185],[139.195,37.192],[139.178,37.19],[139.159,37.214],[139.156,37.226],[139.16,37.241],[139.188,37.284],[139.194,37.297],[139.208,37.355],[139.208,37.367],[139.204,37.38],[139.197,37.39],[139.187,37.408],[139.196,37.429],[139.209,37.441],[139.226,37.447],[139.264,37.447],[139.326,37.461],[139.341,37.462],[139.371,37.458],[139.381,37.461],[139.395,37.488],[139.42,37.503],[139.467,37.501],[139.48,37.502],[139.503,37.508],[139.515,37.509],[139.544,37.504],[139.554,37.506],[139.556,37.518],[139.553,37.563],[139.55,37.577],[139.544,37.589],[139.536,37.604],[139.533,37.614],[139.537,37.624],[139.548,37.638],[139.595,37.68],[139.666,37.764],[139.686,37.78],[139.725,37.82],[139.765,37.816],[139.776,37.809],[139.791,37.806],[139.806,37.806],[139.826,37.811],[139.85,37.812],[139.878,37.806],[139.89,37.805],[139.904,37.808],[139.917,37.815],[139.932,37.812],[139.946,37.8],[139.966,37.773],[139.979,37.762],[139.991,37.757],[140.008,37.754],[140.036,37.757],[140.049,37.756],[140.061,37.752],[140.072,37.745],[140.094,37.727],[140.104,37.723],[140.117,37.723],[140.131,37.727],[140.149,37.738],[140.162,37.742],[140.173,37.743],[140.192,37.739],[140.203,37.738],[140.214,37.741],[140.231,37.747],[140.261,37.769],[140.269,37.781],[140.274,37.8],[140.267,37.831],[140.265,37.872],[140.267,37.907],[140.27,37.926],[140.27,37.964],[140.321,37.946],[140.353,37.946],[140.39,37.954],[140.405,37.955],[140.443,37.943],[140.458,37.936],[140.469,37.925],[140.485,37.903],[140.498,37.895],[140.508,37.893],[140.575,37.903],[140.614,37.894],[140.632,37.887],[140.652,37.883],[140.67,37.872],[140.679,37.86],[140.683,37.847],[140.681,37.824],[140.687,37.808],[140.733,37.777],[140.764,37.77],[140.779,37.77],[140.775,37.784],[140.825,37.786],[140.841,37.791],[140.853,37.81],[140.855,37.838],[140.853,37.868],[140.865,37.883],[140.878,37.888],[140.927,37.89]]]]}},{"type":"Feature","properties":{"name":"茨城県"},"geometry":{"type":"MultiPolygon","coordinates":[[[[140.797,36.846],[140.752,36.785],[140.742,36.768],[140.694,36.618],[140.639,36.54],[140.624,36.506],[140.61,36.434],[140.611,36.418],[140.624,36.38],[140.625,36.364],[140.617,36.338],[140.579,36.305],[140.564,36.283],[140.566,36.246],[140.578,36.161],[140.61,36.095],[140.646,36.013],[140.789,35.809],[140.831,35.761],[140.842,35.742],[140.853,35.738],[140.825,35.735],[140.799,35.744],[140.777,35.757],[140.755,35.774],[140.711,35.82],[140.693,35.833],[140.671,35.842],[140.626,35.854],[140.57,35.884],[140.551,35.889],[140.461,35.892],[140.393,35.885],[140.368,35.878],[140.346,35.855],[140.32,35.851],[140.19,35.843],[140.17,35.844],[140.127,35.854],[139.97,35.914],[139.932,35.938],[139.866,36.005],[139.805,36.078],[139.792,36.075],[139.772,36.08],[139.753,36.08],[139.733,36.085],[139.711,36.098],[139.686,36.125],[139.679,36.141],[139.674,36.152],[139.654,36.203],[139.668,36.201],[139.704,36.205],[139.746,36.218],[139.782,36.234],[139.806,36.266],[139.817,36.28],[139.84,36.3],[139.859,36.305],[139.874,36.304],[139.895,36.309],[139.907,36.327],[139.954,36.362],[139.965,36.367],[139.976,36.368],[139.994,36.365],[140.014,36.365],[140.039,36.373],[140.055,36.383],[140.086,36.392],[140.114,36.396],[140.144,36.391],[140.157,36.393],[140.17,36.402],[140.181,36.415],[140.2,36.459],[140.21,36.476],[140.23,36.5],[140.235,36.517],[140.238,36.541],[140.23,36.624],[140.222,36.66],[140.221,36.677],[140.228,36.689],[140.242,36.7],[140.259,36.709],[140.255,36.744],[140.251,36.761],[140.251,36.809],[140.246,36.842],[140.247,36.86],[140.245,36.876],[140.24,36.896],[140.237,36.925],[140.286,36.906],[140.306,36.894],[140.328,36.874],[140.354,36.857],[140.379,36.836],[140.407,36.816],[140.45,36.795],[140.469,36.792],[140.481,36.797],[140.497,36.813],[140.515,36.83],[140.532,36.846],[140.565,36.863],[140.567,36.883],[140.561,36.897],[140.56,36.908],[140.57,36.926],[140.583,36.922],[140.599,36.905],[140.614,36.896],[140.688,36.874],[140.698,36.869],[140.797,36.846]]]]}},{"type":"Feature","properties":{"name":"千葉県"},"geometry":{"type":"MultiPolygon","coordinates":[[[[140.859,35.735],[140.874,35.729],[140.869,35.697],[140.847,35.695],[140.828,35.714],[140.803,35.709],[140.771,35.697],[140.721,35.683],[140.716,35.699],[140.661,35.689],[140.596,35.652],[140.483,35.566],[140.423,35.491],[140.386,35.381],[140.405,35.329],[140.413,35.301],[140.404,35.26],[140.399,35.222],[140.394,35.197],[140.378,35.176],[140.349,35.181],[140.33,35.158],[140.334,35.142],[140.321,35.13],[140.303,35.133],[140.294,35.147],[140.279,35.132],[140.253,35.135],[140.237,35.112],[140.2,35.115],[140.156,35.118],[140.135,35.123],[140.106,35.098],[140.101,35.076],[140.075,35.059],[140.056,35.059],[140.021,35.038],[139.991,35.021],[139.981,35.008],[139.975,34.99],[139.964,34.976],[139.965,34.959],[139.962,34.941],[139.952,34.928],[139.926,34.907],[139.901,34.903],[139.883,34.901],[139.871,34.905],[139.856,34.902],[139.843,34.9],[139.822,34.912],[139.823,34.935],[139.811,34.944],[139.779,34.954],[139.757,34.956],[139.753,34.976],[139.765,34.977],[139.784,34.974],[139.794,34.973],[139.809,34.976],[139.82,34.981],[139.84,34.991],[139.859,34.987],[139.87,34.999],[139.868,35.013],[139.856,35.021],[139.836,35.027],[139.835,35.037],[139.846,35.047],[139.85,35.058],[139.847,35.069],[139.838,35.088],[139.836,35.099],[139.836,35.135],[139.819,35.158],[139.822,35.171],[139.819,35.185],[139.825,35.199],[139.852,35.215],[139.865,35.224],[139.866,35.246],[139.848,35.272],[139.849,35.294],[139.808,35.305],[139.782,35.314],[139.802,35.317],[139.824,35.328],[139.825,35.347],[139.839,35.359],[139.845,35.376],[139.893,35.364],[139.908,35.379],[139.907,35.392],[139.9,35.423],[139.913,35.434],[139.941,35.443],[139.959,35.456],[139.982,35.459],[140.006,35.473],[140.02,35.491],[140.041,35.514],[140.072,35.543],[140.09,35.541],[140.098,35.555],[140.102,35.567],[140.086,35.567],[140.083,35.586],[140.08,35.604],[140.064,35.615],[140.048,35.631],[140.033,35.641],[140.009,35.66],[139.996,35.657],[139.984,35.669],[139.95,35.673],[139.921,35.662],[139.94,35.637],[139.912,35.624],[139.897,35.614],[139.879,35.625],[139.864,35.632],[139.877,35.661],[139.881,35.673],[139.886,35.698],[139.864,35.778],[139.875,35.85],[139.872,35.869],[139.867,35.889],[139.858,35.901],[139.839,35.923],[139.831,35.938],[139.796,36.019],[139.786,36.037],[139.753,36.08],[139.772,36.08],[139.792,36.075],[139.805,36.078],[139.866,36.005],[139.932,35.938],[139.97,35.914],[140.127,35.854],[140.17,35.844],[140.19,35.843],[140.32,35.851],[140.346,35.855],[140.368,35.878],[140.393,35.885],[140.461,35.892],[140.551,35.889],[140.57,35.884],[140.626,35.854],[140.671,35.842],[140.693,35.833],[140.711,35.82],[140.755,35.774],[140.777,35.757],[140.799,35.744],[140.825,35.735],[140.857,35.732]]]]}},{"type":"Feature","properties":{"name":"東京都"},"geometry":{"type":"MultiPolygon","coordinates":[[[[139.864,35.632],[139.85,35.638],[139.837,35.615],[139.824,35.623],[139.82,35.638],[139.807,35.638],[139.8,35.619],[139.789,35.603],[139.775,35.618],[139.776,35.641],[139.765,35.654],[139.758,35.632],[139.769,35.601],[139.785,35.58],[139.785,35.568],[139.799,35.54],[139.787,35.527],[139.788,35.513],[139.698,35.538],[139.668,35.555],[139.655,35.564],[139.539,35.613],[139.527,35.614],[139.514,35.611],[139.503,35.608],[139.492,35.597],[139.48,35.591],[139.462,35.599],[139.46,35.586],[139.485,35.566],[139.489,35.555],[139.476,35.55],[139.475,35.508],[139.473,35.494],[139.458,35.493],[139.426,35.528],[139.417,35.54],[139.399,35.556],[139.377,35.567],[139.342,35.573],[139.298,35.575],[139.266,35.582],[139.245,35.592],[139.204,35.624],[139.183,35.631],[139.147,35.65],[139.122,35.654],[139.036,35.696],[138.993,35.733],[138.981,35.747],[138.971,35.762],[138.947,35.817],[138.923,35.835],[138.953,35.858],[138.994,35.877],[139.004,35.879],[139.046,35.859],[139.06,35.853],[139.272,35.809],[139.29,35.802],[139.384,35.755],[139.411,35.752],[139.434,35.752],[139.453,35.756],[139.467,35.761],[139.493,35.774],[139.507,35.778],[139.523,35.775],[139.529,35.759],[139.604,35.759],[139.615,35.767],[139.626,35.773],[139.641,35.777],[139.706,35.776],[139.721,35.778],[139.74,35.791],[139.758,35.795],[139.805,35.79],[139.864,35.778],[139.886,35.698],[139.881,35.673],[139.877,35.661],[139.864,35.632]]],[[[141.358,24.79],[141.365,24.778],[141.343,24.772],[141.331,24.769],[141.32,24.759],[141.303,24.734],[141.29,24.727],[141.29,24.76],[141.293,24.774],[141.299,24.786],[141.312,24.792],[141.33,24.794],[141.348,24.793]]],[[[142.193,26.646],[142.181,26.644],[142.175,26.63],[142.18,26.619],[142.16,26.632],[142.139,26.663],[142.111,26.721],[142.122,26.72],[142.136,26.707],[142.153,26.701],[142.166,26.701],[142.154,26.686],[142.166,26.674],[142.18,26.674],[142.176,26.663],[142.186,26.658],[142.193,26.646]]],[[[142.193,27.092],[142.207,27.097],[142.221,27.098],[142.233,27.094],[142.241,27.084],[142.235,27.05],[142.219,27.04],[142.199,27.051],[142.18,27.078],[142.214,27.064],[142.206,27.081],[142.193,27.092]]],[[[139.791,33.135],[139.813,33.124],[139.839,33.117],[139.862,33.107],[139.877,33.088],[139.869,33.076],[139.845,33.047],[139.821,33.04],[139.803,33.047],[139.788,33.058],[139.776,33.08],[139.743,33.119],[139.74,33.133],[139.751,33.145],[139.768,33.15],[139.791,33.135]]],[[[139.487,34.061],[139.494,34.093],[139.523,34.112],[139.556,34.113],[139.575,34.09],[139.561,34.058],[139.535,34.038],[139.506,34.036],[139.487,34.061]]],[[[139.27,34.396],[139.292,34.415],[139.303,34.4],[139.296,34.368],[139.283,34.337],[139.268,34.323],[139.254,34.341],[139.255,34.353],[139.265,34.389]]],[[[139.418,34.781],[139.438,34.772],[139.45,34.757],[139.457,34.737],[139.459,34.715],[139.458,34.69],[139.454,34.679],[139.443,34.677],[139.422,34.677],[139.359,34.702],[139.351,34.72],[139.352,34.767],[139.356,34.797],[139.401,34.789],[139.418,34.781]]],[[[141.287,25.418],[141.275,25.427],[141.271,25.44],[141.275,25.451],[141.288,25.453],[141.299,25.435],[141.296,25.425]]],[[[142.189,27.145],[142.184,27.158],[142.185,27.174],[142.191,27.185],[142.204,27.174],[142.202,27.163],[142.196,27.152]]],[[[139.623,33.886],[139.63,33.872],[139.623,33.857],[139.61,33.853],[139.594,33.855],[139.581,33.863],[139.58,33.88],[139.592,33.896],[139.61,33.896],[139.623,33.886]]]]}},{"type":"Feature","properties":{"name":"神奈川県"},"geometry":{"type":"MultiPolygon","coordinates":[[[[139.787,35.512],[139.745,35.484],[139.714,35.465],[139.688,35.461],[139.667,35.468],[139.652,35.465],[139.642,35.454],[139.662,35.446],[139.681,35.438],[139.682,35.419],[139.687,35.401],[139.675,35.401],[139.65,35.411],[139.636,35.402],[139.642,35.388],[139.657,35.377],[139.655,35.339],[139.65,35.327],[139.65,35.31],[139.648,35.298],[139.658,35.287],[139.664,35.299],[139.677,35.292],[139.694,35.269],[139.734,35.265],[139.745,35.249],[139.726,35.233],[139.732,35.223],[139.728,35.207],[139.689,35.209],[139.666,35.194],[139.661,35.178],[139.671,35.16],[139.68,35.15],[139.675,35.136],[139.664,35.135],[139.642,35.14],[139.625,35.132],[139.611,35.142],[139.616,35.153],[139.614,35.174],[139.602,35.202],[139.624,35.212],[139.604,35.224],[139.598,35.239],[139.569,35.269],[139.561,35.287],[139.549,35.288],[139.544,35.308],[139.527,35.302],[139.507,35.304],[139.487,35.301],[139.467,35.313],[139.415,35.319],[139.33,35.304],[139.282,35.296],[139.233,35.285],[139.184,35.263],[139.146,35.235],[139.142,35.184],[139.158,35.136],[139.121,35.15],[139.094,35.117],[139.073,35.125],[139.052,35.129],[139.029,35.136],[139.012,35.147],[139.003,35.158],[138.984,35.183],[138.974,35.205],[138.969,35.23],[138.971,35.25],[138.977,35.262],[138.993,35.277],[139.0,35.291],[139.0,35.301],[138.999,35.313],[138.994,35.334],[138.988,35.348],[138.988,35.374],[138.975,35.387],[138.965,35.388],[138.9,35.381],[138.906,35.401],[138.933,35.437],[138.952,35.45],[138.97,35.458],[138.991,35.465],[139.08,35.505],[139.091,35.514],[139.099,35.526],[139.106,35.539],[139.117,35.585],[139.118,35.598],[139.114,35.631],[139.122,35.654],[139.147,35.65],[139.183,35.631],[139.204,35.624],[139.245,35.592],[139.266,35.582],[139.298,35.575],[139.342,35.573],[139.377,35.567],[139.399,35.556],[139.417,35.54],[139.426,35.528],[139.458,35.493],[139.471,35.49],[139.475,35.508],[139.472,35.542],[139.485,35.55],[139.485,35.566],[139.46,35.586],[139.454,35.597],[139.48,35.591],[139.492,35.597],[139.503,35.608],[139.514,35.611],[139.527,35.614],[139.539,35.613],[139.655,35.564],[139.668,35.555],[139.698,35.538],[139.785,35.512]]]]}},{"type":"Feature","properties":{"name":"静岡県"},"geometry":{"type":"MultiPolygon","coordinates":[[[[139.094,35.117],[139.077,35.075],[139.076,35.053],[139.106,35.049],[139.102,35.031],[139.097,35.011],[139.087,34.997],[139.101,34.975],[139.131,34.965],[139.143,34.942],[139.148,34.905],[139.141,34.871],[139.119,34.867],[139.099,34.856],[139.088,34.842],[139.084,34.828],[139.075,34.809],[139.059,34.793],[139.052,34.778],[139.043,34.768],[139.026,34.764],[139.011,34.747],[138.999,34.733],[139.003,34.722],[138.989,34.701],[138.986,34.683],[138.988,34.665],[138.994,34.65],[138.982,34.644],[138.965,34.653],[138.941,34.661],[138.896,34.629],[138.861,34.613],[138.835,34.596],[138.82,34.602],[138.806,34.614],[138.795,34.626],[138.771,34.647],[138.778,34.663],[138.767,34.676],[138.752,34.682],[138.746,34.709],[138.744,34.729],[138.756,34.737],[138.762,34.748],[138.774,34.751],[138.759,34.783],[138.748,34.813],[138.758,34.83],[138.762,34.846],[138.761,34.869],[138.754,34.879],[138.763,34.894],[138.777,34.905],[138.79,34.907],[138.778,34.922],[138.764,34.956],[138.762,34.98],[138.777,35.003],[138.786,35.026],[138.827,35.024],[138.855,35.019],[138.875,35.02],[138.894,35.02],[138.908,35.031],[138.853,35.078],[138.839,35.1],[138.803,35.122],[138.744,35.135],[138.696,35.139],[138.664,35.127],[138.637,35.116],[138.587,35.114],[138.554,35.096],[138.528,35.051],[138.498,35.033],[138.495,35.001],[138.507,34.991],[138.507,35.012],[138.521,35.019],[138.532,35.017],[138.514,34.98],[138.468,34.959],[138.43,34.945],[138.401,34.932],[138.367,34.917],[138.353,34.904],[138.347,34.888],[138.336,34.874],[138.328,34.855],[138.341,34.826],[138.326,34.808],[138.315,34.798],[138.293,34.766],[138.25,34.739],[138.216,34.712],[138.202,34.66],[138.194,34.642],[138.201,34.622],[138.225,34.616],[138.24,34.603],[138.19,34.601],[138.047,34.655],[137.968,34.667],[137.893,34.668],[137.792,34.639],[137.684,34.671],[137.595,34.677],[137.547,34.677],[137.468,34.671],[137.469,34.687],[137.465,34.707],[137.463,34.725],[137.467,34.752],[137.472,34.771],[137.488,34.81],[137.498,34.82],[137.512,34.826],[137.564,34.838],[137.579,34.845],[137.609,34.869],[137.618,34.879],[137.625,34.897],[137.633,34.912],[137.67,34.947],[137.676,34.961],[137.685,35.003],[137.698,35.018],[137.753,35.063],[137.77,35.081],[137.787,35.113],[137.796,35.136],[137.798,35.162],[137.806,35.195],[137.838,35.205],[137.875,35.236],[137.896,35.243],[137.94,35.273],[137.959,35.282],[137.985,35.287],[137.996,35.291],[138.015,35.308],[138.028,35.319],[138.039,35.324],[138.068,35.33],[138.086,35.337],[138.113,35.357],[138.123,35.371],[138.127,35.385],[138.118,35.404],[138.109,35.424],[138.113,35.434],[138.131,35.448],[138.139,35.46],[138.137,35.48],[138.134,35.492],[138.138,35.51],[138.14,35.523],[138.139,35.535],[138.136,35.547],[138.143,35.561],[138.154,35.567],[138.169,35.571],[138.182,35.587],[138.187,35.607],[138.196,35.628],[138.214,35.612],[138.222,35.573],[138.237,35.535],[138.241,35.518],[138.243,35.475],[138.241,35.464],[138.235,35.444],[138.234,35.434],[138.238,35.408],[138.235,35.393],[138.227,35.368],[138.226,35.356],[138.23,35.344],[138.232,35.334],[138.232,35.314],[138.236,35.304],[138.247,35.297],[138.262,35.294],[138.284,35.299],[138.305,35.302],[138.328,35.3],[138.343,35.292],[138.353,35.278],[138.367,35.219],[138.375,35.204],[138.383,35.19],[138.398,35.181],[138.419,35.165],[138.43,35.159],[138.443,35.157],[138.458,35.157],[138.472,35.162],[138.487,35.172],[138.498,35.182],[138.507,35.194],[138.511,35.207],[138.51,35.219],[138.507,35.231],[138.504,35.257],[138.506,35.294],[138.516,35.33],[138.523,35.381],[138.528,35.397],[138.534,35.41],[138.556,35.417],[138.593,35.392],[138.613,35.384],[138.635,35.381],[138.648,35.374],[138.672,35.356],[138.697,35.351],[138.83,35.365],[138.9,35.381],[138.965,35.388],[138.975,35.387],[138.987,35.381],[138.987,35.356],[138.99,35.342],[138.999,35.313],[139.0,35.301],[139.0,35.291],[138.993,35.277],[138.977,35.262],[138.971,35.25],[138.969,35.23],[138.974,35.205],[138.984,35.183],[139.003,35.158],[139.012,35.147],[139.029,35.136],[139.052,35.129],[139.073,35.125],[139.094,35.117]]]]}},{"type":"Feature","properties":{"name":"愛知県"},"geometry":{"type":"MultiPolygon","coordinates":[[[[137.468,34.671],[137.428,34.668],[137.34,34.647],[137.141,34.589],[137.096,34.593],[137.045,34.581],[137.032,34.579],[137.016,34.579],[137.024,34.591],[137.042,34.618],[137.052,34.647],[137.073,34.665],[137.101,34.639],[137.111,34.625],[137.121,34.638],[137.137,34.646],[137.153,34.651],[137.168,34.657],[137.197,34.674],[137.241,34.697],[137.26,34.704],[137.282,34.731],[137.298,34.728],[137.3,34.707],[137.296,34.691],[137.31,34.707],[137.309,34.726],[137.333,34.72],[137.312,34.737],[137.321,34.755],[137.324,34.767],[137.298,34.797],[137.28,34.808],[137.267,34.803],[137.246,34.81],[137.223,34.816],[137.208,34.803],[137.194,34.807],[137.191,34.789],[137.189,34.77],[137.171,34.764],[137.171,34.784],[137.157,34.781],[137.141,34.788],[137.122,34.788],[137.101,34.785],[137.087,34.776],[137.073,34.785],[137.05,34.778],[137.029,34.78],[137.018,34.783],[137.002,34.802],[136.977,34.826],[136.958,34.832],[136.962,34.858],[136.983,34.898],[136.979,34.924],[136.969,34.912],[136.957,34.885],[136.938,34.861],[136.931,34.846],[136.926,34.828],[136.916,34.776],[136.927,34.764],[136.937,34.746],[136.963,34.735],[136.972,34.713],[136.971,34.696],[136.945,34.698],[136.913,34.711],[136.878,34.729],[136.856,34.74],[136.845,34.753],[136.843,34.769],[136.853,34.788],[136.857,34.805],[136.865,34.822],[136.864,34.837],[136.856,34.856],[136.843,34.871],[136.828,34.872],[136.823,34.896],[136.822,34.919],[136.822,34.938],[136.823,34.955],[136.833,34.972],[136.844,34.989],[136.857,35.008],[136.866,35.026],[136.88,35.044],[136.883,35.071],[136.886,35.089],[136.872,35.093],[136.857,35.062],[136.849,35.039],[136.844,35.061],[136.843,35.075],[136.83,35.079],[136.839,35.033],[136.813,35.027],[136.809,35.049],[136.798,35.024],[136.778,35.02],[136.752,35.026],[136.736,35.042],[136.725,35.059],[136.71,35.091],[136.698,35.107],[136.684,35.121],[136.673,35.139],[136.677,35.216],[136.68,35.236],[136.726,35.291],[136.753,35.339],[136.771,35.352],[136.79,35.341],[136.806,35.342],[136.829,35.353],[136.849,35.36],[136.91,35.371],[136.932,35.38],[136.953,35.384],[136.965,35.381],[136.992,35.364],[137.013,35.354],[137.026,35.339],[137.032,35.326],[137.051,35.311],[137.071,35.285],[137.087,35.278],[137.103,35.276],[137.115,35.272],[137.127,35.267],[137.159,35.246],[137.18,35.24],[137.2,35.241],[137.264,35.266],[137.28,35.269],[137.293,35.268],[137.335,35.249],[137.356,35.243],[137.37,35.237],[137.392,35.221],[137.407,35.215],[137.422,35.216],[137.467,35.232],[137.49,35.246],[137.548,35.27],[137.539,35.237],[137.556,35.202],[137.575,35.188],[137.588,35.188],[137.617,35.193],[137.63,35.198],[137.643,35.205],[137.662,35.209],[137.682,35.209],[137.751,35.196],[137.806,35.195],[137.798,35.162],[137.796,35.136],[137.787,35.113],[137.77,35.081],[137.753,35.063],[137.698,35.018],[137.685,35.003],[137.676,34.961],[137.67,34.947],[137.633,34.912],[137.625,34.897],[137.618,34.879],[137.609,34.869],[137.579,34.845],[137.564,34.838],[137.512,34.826],[137.498,34.82],[137.488,34.81],[137.472,34.771],[137.467,34.752],[137.463,34.725],[137.465,34.707],[137.468,34.693],[137.468,34.671]]],[[[136.798,34.876],[136.811,34.876],[136.824,34.862],[136.826,34.849],[136.815,34.846],[136.798,34.876]]]]}},{"type":"Feature","properties":{"name":"三重県"},"geometry":{"type":"MultiPolygon","coordinates":[[[[136.752,35.026],[136.726,35.027],[136.681,35.001],[136.659,34.984],[136.65,34.969],[136.644,34.953],[136.645,34.942],[136.662,34.941],[136.646,34.93],[136.648,34.912],[136.639,34.889],[136.616,34.854],[136.565,34.8],[136.535,34.766],[136.527,34.721],[136.522,34.702],[136.52,34.681],[136.532,34.66],[136.546,34.652],[136.546,34.64],[136.541,34.626],[136.54,34.616],[136.551,34.602],[136.568,34.596],[136.612,34.596],[136.633,34.591],[136.649,34.58],[136.663,34.566],[136.677,34.554],[136.752,34.513],[136.804,34.495],[136.814,34.486],[136.825,34.489],[136.839,34.489],[136.852,34.486],[136.869,34.467],[136.871,34.457],[136.883,34.438],[136.896,34.433],[136.907,34.435],[136.924,34.424],[136.926,34.413],[136.917,34.376],[136.905,34.381],[136.893,34.382],[136.875,34.369],[136.887,34.357],[136.897,34.354],[136.91,34.355],[136.894,34.343],[136.883,34.328],[136.891,34.318],[136.898,34.301],[136.9,34.283],[136.896,34.267],[136.851,34.249],[136.835,34.246],[136.819,34.248],[136.794,34.253],[136.775,34.262],[136.773,34.273],[136.788,34.277],[136.809,34.274],[136.83,34.267],[136.842,34.259],[136.838,34.275],[136.848,34.273],[136.856,34.294],[136.846,34.308],[136.827,34.312],[136.807,34.308],[136.808,34.295],[136.773,34.308],[136.757,34.296],[136.726,34.291],[136.703,34.295],[136.708,34.311],[136.723,34.331],[136.707,34.334],[136.676,34.326],[136.65,34.314],[136.668,34.31],[136.667,34.298],[136.655,34.286],[136.623,34.275],[136.608,34.265],[136.593,34.263],[136.574,34.281],[136.564,34.272],[136.561,34.259],[136.533,34.272],[136.518,34.261],[136.506,34.246],[136.515,34.23],[136.503,34.229],[136.472,34.239],[136.427,34.214],[136.417,34.204],[136.384,34.204],[136.337,34.184],[136.299,34.154],[136.297,34.126],[136.308,34.118],[136.319,34.109],[136.313,34.095],[136.3,34.086],[136.283,34.081],[136.273,34.086],[136.261,34.105],[136.246,34.104],[136.23,34.082],[136.219,34.075],[136.233,34.068],[136.244,34.064],[136.253,34.043],[136.271,34.028],[136.28,34.017],[136.275,34.007],[136.275,33.98],[136.259,33.966],[136.247,33.972],[136.239,33.982],[136.232,33.993],[136.219,33.981],[136.205,33.971],[136.228,33.962],[136.235,33.948],[136.229,33.938],[136.211,33.945],[136.206,33.927],[136.165,33.916],[136.153,33.906],[136.143,33.894],[136.126,33.89],[136.105,33.891],[136.069,33.847],[136.017,33.734],[135.994,33.686],[135.967,33.699],[135.951,33.704],[135.938,33.714],[135.92,33.736],[135.902,33.748],[135.863,33.787],[135.852,33.803],[135.847,33.817],[135.848,33.838],[135.875,33.851],[135.883,33.863],[135.891,33.883],[135.915,33.889],[135.926,33.901],[135.958,33.918],[135.974,33.937],[135.985,33.953],[135.991,33.97],[136.004,33.993],[136.018,34.005],[136.035,34.011],[136.087,34.009],[136.098,34.012],[136.091,34.036],[136.086,34.05],[136.109,34.126],[136.11,34.139],[136.107,34.189],[136.118,34.228],[136.119,34.241],[136.113,34.255],[136.104,34.269],[136.101,34.283],[136.108,34.301],[136.082,34.351],[136.074,34.364],[136.069,34.377],[136.071,34.394],[136.081,34.409],[136.096,34.42],[136.114,34.425],[136.157,34.431],[136.178,34.439],[136.203,34.459],[136.21,34.472],[136.211,34.486],[136.203,34.502],[136.181,34.504],[136.162,34.528],[136.142,34.536],[136.129,34.535],[136.114,34.536],[136.097,34.542],[136.076,34.552],[136.06,34.563],[136.052,34.575],[136.054,34.589],[136.059,34.606],[136.058,34.619],[136.041,34.634],[136.063,34.647],[136.065,34.677],[136.063,34.692],[136.059,34.703],[136.036,34.715],[136.003,34.774],[136.082,34.801],[136.101,34.819],[136.113,34.833],[136.1,34.854],[136.102,34.865],[136.113,34.871],[136.125,34.872],[136.18,34.863],[136.241,34.863],[136.312,34.879],[136.343,34.893],[136.362,34.906],[136.37,34.916],[136.382,34.926],[136.392,34.937],[136.4,34.949],[136.407,34.967],[136.412,34.982],[136.418,35.022],[136.432,35.062],[136.443,35.132],[136.436,35.151],[136.407,35.183],[136.399,35.203],[136.515,35.232],[136.528,35.229],[136.539,35.223],[136.549,35.204],[136.558,35.194],[136.585,35.174],[136.618,35.158],[136.673,35.139],[136.684,35.121],[136.698,35.107],[136.71,35.091],[136.725,35.059],[136.736,35.042],[136.752,35.026]]],[[[136.892,34.497],[136.909,34.502],[136.902,34.486],[136.891,34.48],[136.878,34.483],[136.892,34.497]]],[[[136.89,34.531],[136.91,34.54],[136.903,34.525],[136.889,34.523],[136.874,34.513],[136.856,34.51],[136.866,34.521],[136.89,34.531]]]]}},{"type":"Feature","properties":{"name":"和歌山県"},"geometry":{"type":"MultiPolygon","coordinates":[[[[135.994,33.686],[135.981,33.653],[135.962,33.643],[135.957,33.626],[135.937,33.617],[135.939,33.604],[135.96,33.593],[135.946,33.578],[135.913,33.548],[135.894,33.542],[135.885,33.529],[135.828,33.514],[135.809,33.505],[135.798,33.495],[135.783,33.473],[135.79,33.453],[135.789,33.441],[135.772,33.445],[135.76,33.433],[135.754,33.452],[135.771,33.468],[135.766,33.482],[135.668,33.49],[135.638,33.495],[135.491,33.541],[135.445,33.551],[135.409,33.574],[135.398,33.583],[135.387,33.594],[135.387,33.608],[135.392,33.619],[135.381,33.637],[135.369,33.645],[135.359,33.654],[135.342,33.657],[135.328,33.671],[135.343,33.694],[135.379,33.698],[135.402,33.701],[135.392,33.714],[135.341,33.745],[135.321,33.753],[135.312,33.766],[135.294,33.764],[135.264,33.781],[135.233,33.782],[135.23,33.799],[135.196,33.815],[135.173,33.838],[135.153,33.876],[135.119,33.893],[135.1,33.89],[135.065,33.886],[135.066,33.896],[135.079,33.906],[135.078,33.919],[135.07,33.931],[135.085,33.942],[135.101,33.954],[135.077,33.959],[135.076,33.977],[135.092,33.992],[135.113,33.993],[135.128,33.999],[135.153,34.01],[135.162,34.025],[135.163,34.04],[135.133,34.058],[135.111,34.066],[135.094,34.068],[135.115,34.102],[135.125,34.106],[135.131,34.122],[135.123,34.137],[135.149,34.138],[135.187,34.136],[135.19,34.15],[135.18,34.166],[135.166,34.187],[135.149,34.186],[135.135,34.228],[135.12,34.242],[135.093,34.26],[135.061,34.267],[135.071,34.286],[135.085,34.299],[135.1,34.281],[135.121,34.276],[135.188,34.274],[135.313,34.297],[135.333,34.305],[135.457,34.335],[135.479,34.335],[135.493,34.332],[135.509,34.331],[135.525,34.335],[135.601,34.368],[135.647,34.372],[135.659,34.323],[135.663,34.285],[135.669,34.273],[135.694,34.249],[135.709,34.225],[135.708,34.213],[135.661,34.204],[135.65,34.201],[135.633,34.185],[135.615,34.157],[135.587,34.129],[135.575,34.112],[135.551,34.082],[135.543,34.065],[135.546,34.051],[135.565,34.036],[135.58,34.016],[135.585,33.998],[135.606,33.977],[135.613,33.955],[135.611,33.937],[135.604,33.917],[135.598,33.89],[135.603,33.875],[135.609,33.864],[135.628,33.856],[135.654,33.873],[135.668,33.878],[135.682,33.88],[135.696,33.879],[135.736,33.87],[135.747,33.869],[135.758,33.871],[135.771,33.875],[135.785,33.879],[135.801,33.877],[135.817,33.872],[135.848,33.838],[135.847,33.825],[135.852,33.803],[135.863,33.787],[135.902,33.748],[135.92,33.736],[135.929,33.724],[135.951,33.704],[135.967,33.699],[135.994,33.686]]]]}},{"type":"Feature","properties":{"name":"大阪府"},"geometry":{"type":"MultiPolygon","coordinates":[[[[135.085,34.299],[135.105,34.318],[135.209,34.342],[135.257,34.377],[135.281,34.397],[135.32,34.429],[135.353,34.467],[135.373,34.485],[135.374,34.508],[135.373,34.519],[135.391,34.524],[135.408,34.541],[135.414,34.558],[135.415,34.58],[135.416,34.61],[135.407,34.634],[135.404,34.659],[135.413,34.692],[135.433,34.706],[135.442,34.716],[135.449,34.729],[135.444,34.761],[135.433,34.794],[135.433,34.816],[135.435,34.834],[135.439,34.85],[135.44,34.865],[135.439,34.89],[135.44,34.904],[135.399,34.924],[135.367,34.953],[135.363,34.997],[135.393,34.99],[135.43,34.988],[135.444,34.984],[135.458,34.975],[135.472,34.955],[135.486,34.938],[135.504,34.925],[135.538,34.91],[135.557,34.911],[135.561,34.925],[135.561,34.94],[135.574,34.951],[135.598,34.92],[135.61,34.913],[135.621,34.914],[135.634,34.91],[135.646,34.899],[135.683,34.844],[135.701,34.823],[135.708,34.811],[135.715,34.785],[135.706,34.76],[135.685,34.706],[135.674,34.69],[135.668,34.675],[135.647,34.601],[135.622,34.553],[135.627,34.538],[135.641,34.527],[135.651,34.517],[135.665,34.493],[135.674,34.464],[135.677,34.448],[135.675,34.433],[135.669,34.408],[135.671,34.389],[135.66,34.375],[135.647,34.372],[135.601,34.368],[135.525,34.335],[135.509,34.331],[135.493,34.332],[135.479,34.335],[135.457,34.335],[135.333,34.305],[135.313,34.297],[135.188,34.274],[135.121,34.276],[135.1,34.281],[135.085,34.299]]],[[[135.205,34.43],[135.241,34.455],[135.257,34.436],[135.224,34.416],[135.211,34.422]]]]}},{"type":"Feature","properties":{"name":"岡山県"},"geometry":{"type":"MultiPolygon","coordinates":[[[[134.305,34.709],[134.276,34.715],[134.248,34.718],[134.221,34.728],[134.209,34.728],[134.217,34.712],[134.227,34.708],[134.279,34.698],[134.252,34.694],[134.224,34.668],[134.212,34.661],[134.196,34.652],[134.178,34.649],[134.155,34.637],[134.17,34.631],[134.189,34.637],[134.177,34.614],[134.148,34.597],[134.113,34.586],[134.084,34.582],[134.069,34.586],[134.047,34.605],[134.029,34.609],[133.994,34.609],[133.979,34.606],[133.954,34.593],[133.937,34.587],[133.925,34.578],[133.929,34.561],[133.943,34.555],[133.957,34.564],[133.984,34.589],[134.001,34.594],[134.019,34.597],[134.036,34.593],[134.046,34.582],[134.046,34.564],[134.033,34.552],[134.018,34.544],[134.005,34.534],[134.012,34.52],[133.983,34.529],[133.967,34.506],[133.954,34.474],[133.936,34.451],[133.859,34.463],[133.822,34.462],[133.826,34.438],[133.794,34.443],[133.781,34.463],[133.769,34.488],[133.744,34.506],[133.73,34.507],[133.723,34.528],[133.7,34.526],[133.685,34.52],[133.669,34.511],[133.641,34.502],[133.596,34.482],[133.586,34.476],[133.577,34.463],[133.55,34.457],[133.538,34.449],[133.47,34.424],[133.509,34.462],[133.522,34.483],[133.501,34.492],[133.49,34.49],[133.469,34.477],[133.457,34.472],[133.443,34.473],[133.447,34.488],[133.449,34.509],[133.441,34.53],[133.428,34.553],[133.406,34.581],[133.398,34.593],[133.393,34.608],[133.393,34.649],[133.372,34.689],[133.365,34.708],[133.364,34.729],[133.364,34.75],[133.366,34.767],[133.366,34.78],[133.362,34.793],[133.323,34.844],[133.316,34.858],[133.31,34.877],[133.307,34.909],[133.307,34.933],[133.31,34.967],[133.304,34.997],[133.264,35.051],[133.28,35.066],[133.307,35.076],[133.36,35.095],[133.378,35.106],[133.384,35.124],[133.383,35.142],[133.397,35.157],[133.447,35.159],[133.496,35.175],[133.505,35.188],[133.507,35.211],[133.524,35.228],[133.536,35.234],[133.55,35.25],[133.561,35.282],[133.574,35.306],[133.592,35.321],[133.608,35.322],[133.735,35.295],[133.756,35.288],[133.77,35.28],[133.784,35.27],[133.811,35.242],[133.823,35.239],[133.834,35.243],[133.844,35.254],[133.849,35.264],[133.868,35.28],[133.901,35.292],[133.918,35.311],[133.929,35.319],[133.95,35.326],[133.971,35.327],[133.987,35.325],[134.0,35.317],[134.001,35.305],[134.0,35.294],[134.081,35.279],[134.114,35.261],[134.132,35.243],[134.14,35.227],[134.144,35.215],[134.152,35.202],[134.159,35.18],[134.164,35.167],[134.175,35.162],[134.189,35.165],[134.247,35.186],[134.269,35.188],[134.284,35.188],[134.296,35.186],[134.308,35.187],[134.325,35.192],[134.348,35.206],[134.396,35.229],[134.396,35.217],[134.388,35.188],[134.394,35.171],[134.397,35.152],[134.394,35.141],[134.374,35.123],[134.363,35.111],[134.313,35.041],[134.265,35.003],[134.266,34.982],[134.265,34.967],[134.259,34.937],[134.264,34.897],[134.264,34.873],[134.258,34.851],[134.257,34.836],[134.26,34.821],[134.289,34.8],[134.306,34.778],[134.314,34.761],[134.316,34.744],[134.314,34.732],[134.305,34.709]]]]}},{"type":"Feature","properties":{"name":"広島県"},"geometry":{"type":"MultiPolygon","coordinates":[[[[133.443,34.473],[133.43,34.473],[133.419,34.468],[133.415,34.451],[133.412,34.424],[133.341,34.348],[133.326,34.337],[133.295,34.325],[133.282,34.322],[133.27,34.322],[133.27,34.339],[133.282,34.343],[133.296,34.345],[133.315,34.366],[133.305,34.378],[133.283,34.383],[133.258,34.382],[133.277,34.402],[133.267,34.421],[133.247,34.426],[133.23,34.376],[133.213,34.363],[133.195,34.354],[133.182,34.341],[133.202,34.328],[133.209,34.308],[133.203,34.289],[133.186,34.281],[133.166,34.292],[133.156,34.292],[133.144,34.283],[133.125,34.276],[133.103,34.257],[133.076,34.26],[133.071,34.277],[133.072,34.318],[133.087,34.326],[133.103,34.345],[133.114,34.352],[133.117,34.327],[133.113,34.314],[133.133,34.318],[133.147,34.351],[133.168,34.355],[133.153,34.374],[133.134,34.382],[133.123,34.384],[133.104,34.385],[133.093,34.39],[133.079,34.382],[133.086,34.351],[133.059,34.332],[133.018,34.323],[132.912,34.315],[132.883,34.305],[132.853,34.287],[132.836,34.311],[132.818,34.303],[132.799,34.284],[132.778,34.273],[132.762,34.27],[132.773,34.253],[132.778,34.243],[132.757,34.232],[132.727,34.232],[132.703,34.225],[132.656,34.199],[132.627,34.198],[132.618,34.209],[132.604,34.217],[132.593,34.204],[132.566,34.192],[132.554,34.192],[132.545,34.204],[132.56,34.218],[132.551,34.231],[132.533,34.245],[132.521,34.27],[132.507,34.283],[132.503,34.3],[132.509,34.316],[132.504,34.328],[132.523,34.334],[132.526,34.346],[132.497,34.362],[132.481,34.355],[132.462,34.35],[132.442,34.35],[132.406,34.368],[132.383,34.366],[132.346,34.349],[132.312,34.327],[132.223,34.239],[132.232,34.225],[132.238,34.204],[132.24,34.19],[132.2,34.202],[132.171,34.216],[132.161,34.218],[132.144,34.228],[132.126,34.249],[132.071,34.359],[132.061,34.435],[132.05,34.458],[132.048,34.474],[132.041,34.495],[132.049,34.509],[132.064,34.527],[132.095,34.553],[132.11,34.578],[132.116,34.595],[132.119,34.612],[132.123,34.625],[132.131,34.639],[132.147,34.659],[132.149,34.681],[132.142,34.693],[132.144,34.705],[132.153,34.717],[132.207,34.748],[132.229,34.763],[132.241,34.775],[132.26,34.781],[132.277,34.768],[132.289,34.768],[132.308,34.776],[132.352,34.787],[132.368,34.784],[132.379,34.78],[132.39,34.779],[132.402,34.783],[132.415,34.794],[132.44,34.8],[132.454,34.795],[132.469,34.792],[132.509,34.79],[132.522,34.792],[132.546,34.799],[132.587,34.818],[132.668,34.838],[132.678,34.844],[132.68,34.856],[132.661,34.874],[132.648,34.879],[132.643,34.895],[132.669,34.922],[132.681,34.93],[132.694,34.938],[132.714,34.944],[132.729,34.95],[132.747,34.962],[132.808,35.028],[132.829,35.055],[132.839,35.066],[132.854,35.073],[132.876,35.078],[132.939,35.069],[132.954,35.069],[132.981,35.08],[132.994,35.081],[133.023,35.067],[133.038,35.063],[133.054,35.063],[133.097,35.071],[133.128,35.067],[133.166,35.062],[133.229,35.06],[133.264,35.051],[133.304,34.997],[133.31,34.967],[133.307,34.933],[133.307,34.909],[133.31,34.877],[133.316,34.858],[133.323,34.844],[133.362,34.793],[133.366,34.78],[133.366,34.767],[133.364,34.75],[133.364,34.729],[133.365,34.708],[133.372,34.689],[133.393,34.649],[133.393,34.608],[133.398,34.593],[133.406,34.581],[133.428,34.553],[133.441,34.53],[133.447,34.518],[133.447,34.488],[133.443,34.473]]],[[[132.555,34.071],[132.532,34.082],[132.478,34.08],[132.455,34.088],[132.474,34.105],[132.497,34.117],[132.51,34.132],[132.497,34.157],[132.507,34.168],[132.519,34.174],[132.532,34.177],[132.543,34.177],[132.549,34.166],[132.538,34.157],[132.546,34.145],[132.549,34.133],[132.549,34.121],[132.552,34.109],[132.578,34.119],[132.581,34.1],[132.57,34.076],[132.555,34.071]]],[[[132.739,34.197],[132.755,34.189],[132.761,34.177],[132.747,34.163],[132.737,34.168],[132.724,34.171],[132.698,34.181],[132.695,34.2],[132.709,34.203],[132.729,34.199]]],[[[132.921,34.277],[132.932,34.275],[132.928,34.252],[132.919,34.233],[132.917,34.222],[132.906,34.213],[132.883,34.209],[132.863,34.208],[132.85,34.215],[132.843,34.228],[132.846,34.24],[132.857,34.246],[132.886,34.257],[132.897,34.257],[132.908,34.263],[132.921,34.277]]],[[[132.338,34.304],[132.345,34.287],[132.326,34.265],[132.296,34.243],[132.279,34.238],[132.268,34.244],[132.287,34.279],[132.299,34.292],[132.314,34.3],[132.329,34.306]]]]}},{"type":"Feature","properties":{"name":"北海道"},"geometry":{"type":"MultiPolygon","coordinates":[[[[143.896,44.158],[143.912,44.152],[143.957,44.152],[143.976,44.148],[143.94,44.139],[143.896,44.146],[143.814,44.168],[143.836,44.176],[143.86,44.173],[143.882,44.167],[143.896,44.158]]],[[[145.767,43.387],[145.78,43.386],[145.813,43.379],[145.825,43.374],[145.81,43.361],[145.788,43.361],[145.778,43.356],[145.76,43.337],[145.747,43.333],[145.709,43.326],[145.684,43.31],[145.673,43.308],[145.644,43.312],[145.629,43.31],[145.615,43.295],[145.606,43.284],[145.58,43.265],[145.566,43.246],[145.557,43.221],[145.552,43.21],[145.517,43.175],[145.531,43.169],[145.519,43.166],[145.499,43.168],[145.478,43.172],[145.452,43.184],[145.435,43.182],[145.404,43.175],[145.303,43.173],[145.28,43.165],[145.258,43.149],[145.231,43.141],[145.154,43.132],[145.138,43.128],[145.125,43.12],[145.119,43.106],[145.123,43.088],[145.135,43.084],[145.152,43.085],[145.168,43.079],[145.149,43.066],[145.111,43.064],[145.106,43.053],[145.076,43.034],[145.051,43.033],[145.003,43.045],[145.022,43.02],[145.028,43.009],[145.024,42.996],[145.0,42.986],[144.934,42.978],[144.9,42.979],[144.869,42.988],[144.842,43.007],[144.843,43.029],[144.84,43.04],[144.822,43.045],[144.81,43.045],[144.799,43.047],[144.784,43.04],[144.773,43.027],[144.758,43.019],[144.747,43.006],[144.739,42.991],[144.736,42.979],[144.741,42.965],[144.755,42.954],[144.771,42.945],[144.783,42.935],[144.742,42.924],[144.599,42.949],[144.522,42.944],[144.496,42.933],[144.465,42.937],[144.391,42.956],[144.373,42.97],[144.365,42.99],[144.345,43.004],[144.323,43.003],[144.183,42.976],[144.042,42.927],[143.886,42.844],[143.79,42.757],[143.639,42.661],[143.575,42.603],[143.448,42.455],[143.349,42.319],[143.332,42.277],[143.325,42.23],[143.336,42.173],[143.338,42.15],[143.336,42.13],[143.331,42.107],[143.303,42.026],[143.292,42.005],[143.265,41.987],[143.253,41.942],[143.242,41.928],[143.226,41.932],[143.203,41.946],[143.182,41.962],[143.173,41.972],[143.163,41.99],[143.14,42.01],[143.115,42.028],[142.96,42.105],[142.758,42.158],[142.546,42.251],[142.46,42.271],[142.281,42.367],[142.222,42.412],[142.168,42.46],[142.063,42.471],[141.981,42.51],[141.926,42.559],[141.909,42.565],[141.888,42.57],[141.817,42.6],[141.726,42.617],[141.636,42.616],[141.55,42.601],[141.428,42.564],[141.262,42.468],[141.235,42.459],[141.215,42.445],[141.203,42.441],[141.191,42.44],[141.18,42.437],[141.169,42.433],[141.092,42.392],[141.073,42.377],[141.017,42.316],[141.001,42.305],[140.99,42.301],[140.977,42.3],[140.965,42.3],[140.952,42.305],[140.937,42.32],[140.936,42.333],[140.975,42.327],[140.987,42.34],[140.975,42.347],[140.947,42.353],[140.927,42.365],[140.912,42.381],[140.901,42.421],[140.734,42.564],[140.686,42.579],[140.663,42.58],[140.597,42.572],[140.526,42.581],[140.501,42.579],[140.458,42.564],[140.417,42.538],[140.381,42.505],[140.325,42.433],[140.304,42.393],[140.289,42.35],[140.282,42.305],[140.292,42.26],[140.322,42.234],[140.424,42.192],[140.456,42.173],[140.53,42.112],[140.549,42.106],[140.572,42.108],[140.61,42.118],[140.674,42.122],[140.693,42.126],[140.714,42.133],[140.774,42.102],[140.789,42.075],[140.837,42.024],[140.854,42.011],[140.892,41.992],[140.908,41.979],[140.974,41.914],[140.992,41.902],[141.012,41.894],[141.034,41.889],[141.06,41.887],[141.083,41.883],[141.107,41.872],[141.183,41.818],[141.2,41.799],[141.19,41.791],[141.144,41.786],[141.122,41.779],[141.104,41.77],[141.043,41.724],[141.006,41.712],[140.96,41.722],[140.874,41.758],[140.824,41.771],[140.775,41.77],[140.73,41.75],[140.708,41.746],[140.699,41.76],[140.707,41.774],[140.722,41.783],[140.733,41.794],[140.727,41.811],[140.709,41.824],[140.685,41.83],[140.66,41.827],[140.642,41.815],[140.631,41.797],[140.616,41.755],[140.604,41.736],[140.545,41.713],[140.523,41.699],[140.47,41.687],[140.453,41.681],[140.433,41.645],[140.443,41.564],[140.432,41.531],[140.401,41.513],[140.275,41.482],[140.26,41.473],[140.241,41.457],[140.226,41.438],[140.219,41.417],[140.209,41.401],[140.185,41.404],[140.137,41.421],[140.127,41.42],[140.11,41.415],[140.088,41.417],[140.063,41.431],[140.052,41.435],[140.038,41.443],[140.028,41.461],[140.014,41.503],[139.984,41.56],[139.98,41.582],[139.984,41.603],[140.003,41.635],[140.02,41.697],[140.071,41.76],[140.083,41.801],[140.109,41.803],[140.127,41.814],[140.131,41.846],[140.124,41.86],[140.128,41.871],[140.145,41.88],[140.147,41.891],[140.148,41.908],[140.145,41.93],[140.14,41.949],[140.138,41.968],[140.145,41.983],[140.112,42.011],[140.061,42.08],[140.028,42.106],[139.928,42.139],[139.909,42.157],[139.884,42.195],[139.843,42.209],[139.798,42.236],[139.787,42.247],[139.778,42.271],[139.768,42.311],[139.772,42.33],[139.784,42.351],[139.826,42.402],[139.837,42.424],[139.85,42.469],[139.849,42.514],[139.833,42.589],[139.843,42.627],[139.877,42.663],[139.917,42.677],[140.014,42.682],[140.038,42.686],[140.054,42.694],[140.095,42.734],[140.115,42.742],[140.128,42.743],[140.144,42.757],[140.17,42.796],[140.183,42.81],[140.2,42.814],[140.223,42.801],[140.246,42.773],[140.261,42.761],[140.282,42.757],[140.303,42.77],[140.31,42.793],[140.312,42.816],[140.319,42.826],[140.337,42.834],[140.352,42.853],[140.377,42.894],[140.393,42.909],[140.461,42.959],[140.503,42.98],[140.521,42.996],[140.527,43.015],[140.517,43.03],[140.502,43.046],[140.494,43.069],[140.487,43.083],[140.439,43.134],[140.406,43.16],[140.368,43.183],[140.338,43.211],[140.329,43.251],[140.36,43.325],[140.41,43.325],[140.434,43.328],[140.453,43.339],[140.461,43.359],[140.473,43.374],[140.487,43.372],[140.5,43.365],[140.51,43.357],[140.535,43.348],[140.621,43.301],[140.639,43.289],[140.669,43.26],[140.689,43.248],[140.761,43.223],[140.786,43.201],[140.81,43.192],[140.913,43.204],[140.988,43.227],[141.011,43.229],[141.022,43.224],[141.012,43.211],[141.004,43.193],[141.022,43.175],[141.033,43.172],[141.07,43.169],[141.111,43.156],[141.136,43.152],[141.157,43.143],[141.169,43.141],[141.187,43.142],[141.201,43.144],[141.228,43.154],[141.304,43.197],[141.371,43.251],[141.397,43.28],[141.423,43.318],[141.44,43.362],[141.44,43.408],[141.427,43.435],[141.371,43.497],[141.36,43.524],[141.362,43.543],[141.375,43.561],[141.391,43.579],[141.373,43.618],[141.367,43.646],[141.344,43.69],[141.337,43.713],[141.344,43.732],[141.358,43.756],[141.385,43.791],[141.402,43.804],[141.425,43.815],[141.448,43.822],[141.491,43.827],[141.51,43.833],[141.528,43.841],[141.585,43.875],[141.616,43.903],[141.641,43.938],[141.659,43.984],[141.667,44.025],[141.67,44.067],[141.655,44.277],[141.666,44.313],[141.747,44.424],[141.792,44.597],[141.796,44.642],[141.783,44.765],[141.754,44.885],[141.722,44.955],[141.586,45.164],[141.575,45.207],[141.584,45.251],[141.61,45.276],[141.623,45.296],[141.628,45.314],[141.649,45.341],[141.65,45.357],[141.639,45.389],[141.637,45.404],[141.639,45.421],[141.648,45.437],[141.666,45.45],[141.677,45.444],[141.686,45.426],[141.687,45.412],[141.692,45.402],[141.704,45.402],[141.728,45.409],[141.774,45.413],[141.823,45.423],[141.858,45.44],[141.868,45.443],[141.877,45.46],[141.877,45.474],[141.879,45.484],[141.894,45.501],[141.919,45.516],[141.945,45.52],[141.96,45.51],[141.978,45.481],[141.988,45.468],[142.002,45.463],[142.018,45.456],[142.057,45.402],[142.097,45.372],[142.183,45.326],[142.221,45.3],[142.539,45.018],[142.614,44.904],[142.631,44.884],[142.666,44.867],[142.714,44.806],[142.907,44.647],[142.94,44.635],[142.981,44.586],[143.043,44.555],[143.118,44.497],[143.204,44.447],[143.225,44.442],[143.241,44.436],[143.279,44.406],[143.297,44.395],[143.34,44.387],[143.351,44.381],[143.369,44.351],[143.396,44.323],[143.552,44.253],[143.777,44.189],[143.695,44.19],[143.68,44.182],[143.709,44.158],[143.728,44.113],[143.738,44.118],[143.757,44.11],[143.77,44.104],[143.783,44.101],[143.93,44.099],[143.966,44.12],[143.983,44.13],[143.999,44.134],[144.119,44.129],[144.153,44.117],[144.172,44.106],[144.159,44.101],[144.14,44.093],[144.127,44.08],[144.105,44.032],[144.138,44.021],[144.153,44.02],[144.167,44.025],[144.178,44.035],[144.189,44.05],[144.198,44.067],[144.201,44.082],[144.215,44.111],[144.243,44.119],[144.263,44.108],[144.256,44.079],[144.268,44.049],[144.278,44.037],[144.294,44.032],[144.319,43.991],[144.337,43.98],[144.379,43.956],[144.395,43.951],[144.43,43.943],[144.57,43.925],[144.74,43.915],[144.788,43.922],[144.831,43.942],[144.948,44.034],[145.037,44.11],[145.049,44.122],[145.119,44.154],[145.167,44.19],[145.185,44.195],[145.202,44.206],[145.25,44.272],[145.29,44.299],[145.31,44.316],[145.318,44.336],[145.332,44.346],[145.349,44.326],[145.367,44.303],[145.373,44.292],[145.372,44.249],[145.35,44.212],[145.291,44.154],[145.279,44.134],[145.269,44.085],[145.26,44.069],[145.17,43.985],[145.144,43.953],[145.122,43.917],[145.106,43.881],[145.116,43.862],[145.11,43.842],[145.098,43.823],[145.089,43.801],[145.075,43.786],[145.071,43.775],[145.072,43.762],[145.116,43.687],[145.13,43.672],[145.195,43.621],[145.208,43.607],[145.219,43.59],[145.226,43.57],[145.229,43.548],[145.247,43.53],[145.252,43.514],[145.264,43.49],[145.291,43.405],[145.312,43.367],[145.346,43.333],[145.394,43.305],[145.362,43.301],[145.299,43.341],[145.27,43.346],[145.258,43.327],[145.264,43.317],[145.28,43.312],[145.298,43.309],[145.315,43.303],[145.304,43.292],[145.322,43.276],[145.351,43.265],[145.384,43.259],[145.468,43.253],[145.492,43.245],[145.517,43.229],[145.522,43.241],[145.501,43.257],[145.497,43.271],[145.541,43.302],[145.582,43.336],[145.595,43.343],[145.621,43.348],[145.634,43.353],[145.644,43.367],[145.662,43.38],[145.676,43.382],[145.723,43.38],[145.744,43.392],[145.757,43.393],[145.767,43.387]]],[[[139.549,42.243],[139.564,42.232],[139.554,42.212],[139.521,42.175],[139.514,42.148],[139.513,42.124],[139.509,42.101],[139.494,42.079],[139.455,42.052],[139.435,42.063],[139.429,42.074],[139.432,42.085],[139.425,42.103],[139.425,42.123],[139.413,42.144],[139.411,42.154],[139.414,42.173],[139.424,42.192],[139.437,42.207],[139.452,42.215],[139.464,42.216],[139.486,42.221],[139.497,42.222],[139.509,42.226],[139.538,42.241],[139.549,42.243]]],[[[145.312,43.593],[145.344,43.576],[145.36,43.565],[145.35,43.55],[145.312,43.542],[145.297,43.523],[145.284,43.518],[145.273,43.522],[145.277,43.538],[145.288,43.548],[145.319,43.558],[145.332,43.565],[145.202,43.614],[145.287,43.601],[145.312,43.593]]],[[[141.327,45.172],[141.336,45.158],[141.328,45.148],[141.316,45.138],[141.31,45.125],[141.268,45.101],[141.251,45.099],[141.235,45.102],[141.182,45.127],[141.15,45.147],[141.131,45.17],[141.146,45.19],[141.136,45.206],[141.167,45.24],[141.18,45.244],[141.203,45.249],[141.235,45.241],[141.268,45.226],[141.293,45.207],[141.327,45.172]]],[[[141.053,45.45],[141.069,45.443],[141.074,45.425],[141.059,45.322],[141.05,45.293],[141.036,45.265],[141.029,45.279],[141.036,45.292],[141.011,45.328],[140.999,45.35],[140.994,45.371],[141.001,45.419],[140.996,45.43],[140.967,45.463],[140.981,45.469],[140.993,45.459],[141.007,45.44],[141.02,45.44],[141.035,45.446],[141.053,45.45]]],[[[139.373,41.522],[139.374,41.504],[139.346,41.493],[139.336,41.511],[139.34,41.524],[139.356,41.522],[139.373,41.522]]]]}},{"type":"Feature","properties":{"name":"沖縄県"},"geometry":{"type":"MultiPolygon","coordinates":[[[[123.815,24.392],[123.835,24.395],[123.872,24.39],[123.91,24.38],[123.934,24.367],[123.936,24.341],[123.916,24.307],[123.873,24.258],[123.851,24.257],[123.746,24.281],[123.683,24.285],[123.668,24.297],[123.684,24.323],[123.698,24.316],[123.707,24.329],[123.718,24.324],[123.729,24.316],[123.742,24.32],[123.753,24.364],[123.765,24.401],[123.77,24.418],[123.785,24.416],[123.815,24.392]]],[[[123.003,24.474],[123.016,24.47],[123.018,24.459],[123.011,24.448],[122.998,24.44],[122.988,24.443],[122.948,24.44],[122.938,24.455],[122.945,24.466],[122.956,24.473],[122.968,24.471],[123.003,24.474]]],[[[124.329,24.584],[124.332,24.571],[124.319,24.553],[124.309,24.535],[124.274,24.488],[124.261,24.445],[124.254,24.402],[124.242,24.364],[124.212,24.337],[124.177,24.333],[124.14,24.342],[124.122,24.361],[124.143,24.385],[124.133,24.392],[124.129,24.404],[124.123,24.414],[124.106,24.419],[124.089,24.422],[124.078,24.428],[124.095,24.44],[124.112,24.463],[124.129,24.469],[124.134,24.457],[124.148,24.446],[124.168,24.44],[124.191,24.44],[124.202,24.442],[124.222,24.461],[124.23,24.479],[124.24,24.495],[124.257,24.502],[124.268,24.51],[124.301,24.57],[124.314,24.587],[124.329,24.584]]],[[[125.387,24.782],[125.405,24.778],[125.426,24.769],[125.445,24.757],[125.453,24.745],[125.424,24.732],[125.384,24.727],[125.3,24.726],[125.259,24.733],[125.257,24.752],[125.261,24.764],[125.274,24.82],[125.275,24.856],[125.271,24.868],[125.26,24.885],[125.274,24.882],[125.285,24.877],[125.302,24.858],[125.314,24.83],[125.322,24.817],[125.358,24.783],[125.387,24.782]]],[[[131.255,25.875],[131.277,25.858],[131.264,25.846],[131.257,25.827],[131.241,25.819],[131.231,25.822],[131.212,25.829],[131.213,25.841],[131.221,25.856],[131.236,25.872],[131.247,25.877]]],[[[126.81,26.352],[126.807,26.333],[126.796,26.317],[126.795,26.306],[126.782,26.305],[126.77,26.314],[126.76,26.334],[126.741,26.342],[126.72,26.347],[126.704,26.355],[126.698,26.369],[126.707,26.379],[126.724,26.386],[126.742,26.39],[126.752,26.391],[126.77,26.388],[126.787,26.38],[126.801,26.368],[126.81,26.352]]],[[[128.338,26.797],[128.33,26.78],[128.338,26.764],[128.327,26.75],[128.31,26.721],[128.31,26.705],[128.297,26.701],[128.264,26.652],[128.243,26.633],[128.217,26.626],[128.172,26.623],[128.159,26.619],[128.143,26.602],[128.135,26.59],[128.135,26.578],[128.146,26.573],[128.142,26.557],[128.109,26.545],[128.09,26.543],[128.072,26.544],[128.056,26.55],[128.036,26.527],[127.984,26.478],[127.972,26.472],[127.96,26.471],[127.947,26.451],[127.871,26.447],[127.86,26.446],[127.839,26.425],[127.855,26.413],[127.865,26.406],[127.87,26.393],[127.873,26.365],[127.878,26.352],[127.889,26.339],[127.91,26.323],[127.92,26.31],[127.902,26.305],[127.882,26.311],[127.862,26.319],[127.841,26.324],[127.828,26.316],[127.778,26.233],[127.771,26.216],[127.768,26.198],[127.775,26.185],[127.792,26.185],[127.81,26.189],[127.824,26.187],[127.814,26.166],[127.797,26.14],[127.776,26.122],[127.755,26.125],[127.742,26.116],[127.725,26.09],[127.71,26.084],[127.652,26.084],[127.657,26.122],[127.636,26.191],[127.638,26.215],[127.658,26.212],[127.678,26.231],[127.693,26.256],[127.7,26.276],[127.718,26.274],[127.731,26.289],[127.739,26.309],[127.742,26.321],[127.739,26.341],[127.724,26.385],[127.721,26.406],[127.723,26.43],[127.748,26.442],[127.781,26.441],[127.794,26.443],[127.805,26.448],[127.81,26.458],[127.829,26.483],[127.864,26.506],[127.903,26.516],[127.938,26.532],[127.96,26.564],[127.962,26.582],[127.956,26.595],[127.941,26.602],[127.894,26.609],[127.886,26.62],[127.885,26.636],[127.886,26.654],[127.878,26.687],[127.92,26.695],[127.965,26.697],[127.987,26.693],[128.001,26.68],[127.993,26.663],[127.989,26.653],[127.996,26.639],[128.015,26.635],[128.057,26.645],[128.111,26.674],[128.103,26.691],[128.111,26.703],[128.152,26.732],[128.162,26.757],[128.176,26.763],[128.188,26.781],[128.226,26.801],[128.235,26.814],[128.239,26.832],[128.254,26.864],[128.255,26.886],[128.331,26.813],[128.338,26.797]]],[[[128.701,27.455],[128.698,27.436],[128.67,27.421],[128.656,27.41],[128.64,27.385],[128.618,27.38],[128.613,27.364],[128.595,27.364],[128.574,27.353],[128.56,27.351],[128.545,27.354],[128.532,27.362],[128.525,27.385],[128.526,27.397],[128.534,27.415],[128.547,27.418],[128.562,27.42],[128.6,27.415],[128.619,27.416],[128.635,27.424],[128.65,27.435],[128.701,27.455]]],[[[128.989,27.811],[129.0,27.803],[129.013,27.795],[129.025,27.786],[129.03,27.773],[129.024,27.757],[129.0,27.728],[128.99,27.707],[128.976,27.696],[128.961,27.686],[128.947,27.681],[128.929,27.687],[128.922,27.701],[128.919,27.716],[128.895,27.728],[128.891,27.742],[128.899,27.77],[128.879,27.825],[128.884,27.837],[128.889,27.853],[128.895,27.891],[128.915,27.9],[128.947,27.914],[128.966,27.894],[128.977,27.837],[128.989,27.811]]],[[[129.297,28.12],[129.326,28.123],[129.347,28.107],[129.35,28.086],[129.324,28.079],[129.306,28.094],[129.295,28.099],[129.291,28.089],[129.279,28.077],[129.264,28.096],[129.252,28.1],[129.231,28.097],[129.218,28.106],[129.216,28.131],[129.187,28.175],[129.181,28.19],[129.196,28.195],[129.228,28.195],[129.222,28.176],[129.233,28.171],[129.269,28.175],[129.256,28.159],[129.252,28.144],[129.264,28.135],[129.288,28.125]]],[[[130.03,28.373],[130.031,28.357],[130.021,28.331],[130.008,28.307],[129.995,28.291],[129.978,28.284],[129.957,28.285],[129.914,28.297],[129.976,28.343],[130.018,28.365],[130.03,28.373]]],[[[129.708,28.462],[129.717,28.45],[129.721,28.435],[129.709,28.429],[129.694,28.429],[129.682,28.421],[129.639,28.405],[129.625,28.403],[129.615,28.39],[129.602,28.38],[129.582,28.371],[129.554,28.328],[129.533,28.319],[129.499,28.288],[129.487,28.283],[129.461,28.292],[129.447,28.291],[129.455,28.277],[129.448,28.266],[129.43,28.254],[129.42,28.25],[129.432,28.241],[129.457,28.226],[129.468,28.216],[129.415,28.186],[129.402,28.163],[129.389,28.163],[129.371,28.167],[129.352,28.161],[129.364,28.154],[129.375,28.14],[129.379,28.126],[129.366,28.123],[129.338,28.148],[129.287,28.178],[129.28,28.19],[129.281,28.205],[129.281,28.219],[129.269,28.229],[129.256,28.215],[129.242,28.214],[129.208,28.229],[129.174,28.236],[129.159,28.241],[129.146,28.25],[129.154,28.26],[129.171,28.262],[129.209,28.264],[129.241,28.256],[129.271,28.255],[129.29,28.284],[129.254,28.285],[129.24,28.29],[129.228,28.305],[129.241,28.313],[129.252,28.322],[129.264,28.329],[129.288,28.333],[129.316,28.35],[129.331,28.364],[129.357,28.368],[129.381,28.367],[129.4,28.372],[129.413,28.393],[129.432,28.387],[129.451,28.392],[129.466,28.405],[129.475,28.421],[129.482,28.411],[129.493,28.405],[129.504,28.4],[129.516,28.393],[129.533,28.43],[129.561,28.451],[129.626,28.483],[129.614,28.448],[129.632,28.435],[129.644,28.44],[129.654,28.452],[129.673,28.483],[129.669,28.495],[129.673,28.51],[129.688,28.509],[129.698,28.495],[129.708,28.462]]],[[[127.81,26.735],[127.811,26.707],[127.786,26.703],[127.759,26.713],[127.755,26.729],[127.769,26.734],[127.796,26.732],[127.81,26.735]]],[[[127.995,27.092],[127.993,27.067],[127.976,27.04],[127.952,27.018],[127.926,27.01],[127.936,27.025],[127.987,27.079],[127.995,27.092]]],[[[131.29,25.951],[131.302,25.953],[131.321,25.948],[131.328,25.937],[131.322,25.927],[131.31,25.923],[131.291,25.939],[131.29,25.951]]],[[[128.454,27.048],[128.455,27.029],[128.431,27.022],[128.411,27.031],[128.396,27.041],[128.409,27.051],[128.429,27.066],[128.444,27.063],[128.454,27.048]]],[[[125.203,24.846],[125.217,24.817],[125.205,24.805],[125.168,24.801],[125.151,24.804],[125.14,24.816],[125.141,24.829],[125.158,24.834],[125.16,24.844],[125.164,24.855],[125.177,24.856],[125.195,24.85]]],[[[127.37,26.215],[127.371,26.203],[127.368,26.191],[127.364,26.178],[127.361,26.164],[127.354,26.154],[127.343,26.17],[127.343,26.186],[127.346,26.206],[127.354,26.219],[127.37,26.215]]],[[[123.545,25.762],[123.529,25.762],[123.511,25.758],[123.514,25.769],[123.531,25.773],[123.545,25.762]]]]}},{"type":"Feature","properties":{"name":"群馬県"},"geometry":{"type":"MultiPolygon","coordinates":[[[[139.092,37.039],[139.105,37.036],[139.116,37.025],[139.125,37.013],[139.136,37.004],[139.151,36.995],[139.168,36.96],[139.178,36.954],[139.19,36.952],[139.201,36.951],[139.215,36.946],[139.217,36.93],[139.247,36.92],[139.272,36.92],[139.36,36.902],[139.34,36.872],[139.336,36.86],[139.339,36.849],[139.351,36.837],[139.361,36.83],[139.369,36.814],[139.359,36.8],[139.352,36.79],[139.333,36.769],[139.329,36.757],[139.33,36.719],[139.326,36.705],[139.313,36.676],[139.307,36.659],[139.306,36.645],[139.312,36.632],[139.341,36.615],[139.354,36.61],[139.423,36.6],[139.436,36.595],[139.446,36.586],[139.448,36.573],[139.445,36.562],[139.427,36.544],[139.419,36.533],[139.412,36.518],[139.403,36.508],[139.393,36.487],[139.391,36.475],[139.384,36.459],[139.378,36.444],[139.363,36.422],[139.345,36.402],[139.338,36.389],[139.338,36.369],[139.354,36.348],[139.384,36.323],[139.391,36.311],[139.401,36.3],[139.424,36.279],[139.441,36.268],[139.455,36.269],[139.468,36.273],[139.482,36.275],[139.503,36.274],[139.589,36.26],[139.605,36.252],[139.638,36.226],[139.654,36.203],[139.674,36.152],[139.61,36.179],[139.563,36.191],[139.514,36.193],[139.473,36.178],[139.444,36.196],[139.413,36.212],[139.379,36.222],[139.304,36.228],[139.232,36.242],[139.199,36.254],[139.178,36.258],[139.138,36.271],[139.112,36.271],[139.09,36.249],[139.05,36.196],[139.042,36.176],[139.042,36.164],[139.041,36.15],[139.034,36.139],[139.018,36.129],[138.957,36.111],[138.858,36.073],[138.783,36.035],[138.764,36.032],[138.751,36.027],[138.736,36.012],[138.732,36.002],[138.716,35.981],[138.701,35.97],[138.628,36.017],[138.615,36.031],[138.612,36.042],[138.616,36.063],[138.613,36.084],[138.614,36.105],[138.613,36.116],[138.602,36.125],[138.59,36.132],[138.575,36.143],[138.568,36.165],[138.593,36.17],[138.605,36.186],[138.605,36.205],[138.595,36.227],[138.589,36.255],[138.587,36.27],[138.612,36.29],[138.622,36.3],[138.63,36.311],[138.633,36.324],[138.628,36.337],[138.624,36.384],[138.615,36.4],[138.601,36.412],[138.584,36.417],[138.569,36.418],[138.554,36.418],[138.541,36.414],[138.514,36.404],[138.499,36.402],[138.482,36.403],[138.464,36.398],[138.451,36.398],[138.438,36.4],[138.409,36.419],[138.389,36.435],[138.381,36.448],[138.377,36.468],[138.379,36.483],[138.384,36.503],[138.399,36.546],[138.405,36.57],[138.411,36.581],[138.419,36.591],[138.428,36.608],[138.431,36.618],[138.447,36.631],[138.484,36.638],[138.499,36.656],[138.497,36.671],[138.499,36.682],[138.518,36.693],[138.542,36.698],[138.58,36.702],[138.603,36.707],[138.614,36.713],[138.63,36.718],[138.661,36.724],[138.68,36.731],[138.723,36.749],[138.744,36.747],[138.769,36.75],[138.794,36.758],[138.808,36.768],[138.814,36.779],[138.822,36.804],[138.837,36.811],[138.89,36.827],[138.903,36.836],[138.915,36.869],[138.925,36.886],[138.959,36.894],[138.964,36.913],[138.96,36.927],[138.961,36.957],[138.965,36.967],[139.034,36.987],[139.054,36.999],[139.063,37.009],[139.072,37.027],[139.092,37.039]]]]}},{"type":"Feature","properties":{"name":"長野県"},"geometry":{"type":"MultiPolygon","coordinates":[[[[138.68,36.731],[138.661,36.724],[138.63,36.718],[138.614,36.713],[138.603,36.707],[138.58,36.702],[138.542,36.698],[138.518,36.693],[138.507,36.689],[138.497,36.671],[138.499,36.656],[138.494,36.646],[138.447,36.631],[138.437,36.625],[138.428,36.608],[138.419,36.591],[138.411,36.581],[138.405,36.57],[138.399,36.546],[138.384,36.503],[138.379,36.483],[138.377,36.468],[138.381,36.448],[138.389,36.435],[138.409,36.419],[138.438,36.4],[138.451,36.398],[138.464,36.398],[138.482,36.403],[138.499,36.402],[138.514,36.404],[138.541,36.414],[138.554,36.418],[138.569,36.418],[138.584,36.417],[138.601,36.412],[138.615,36.4],[138.624,36.384],[138.628,36.337],[138.633,36.324],[138.63,36.311],[138.622,36.3],[138.612,36.29],[138.593,36.279],[138.589,36.255],[138.595,36.227],[138.605,36.205],[138.605,36.186],[138.6,36.176],[138.576,36.17],[138.57,36.153],[138.59,36.132],[138.602,36.125],[138.613,36.116],[138.614,36.105],[138.613,36.084],[138.616,36.063],[138.615,36.052],[138.615,36.031],[138.628,36.017],[138.701,35.97],[138.7,35.95],[138.716,35.896],[138.663,35.859],[138.646,35.854],[138.634,35.853],[138.623,35.854],[138.613,35.858],[138.6,35.878],[138.585,35.892],[138.573,35.895],[138.557,35.896],[138.532,35.9],[138.519,35.9],[138.466,35.888],[138.453,35.89],[138.442,35.908],[138.442,35.918],[138.437,35.933],[138.399,35.951],[138.372,35.957],[138.36,35.958],[138.35,35.951],[138.338,35.939],[138.287,35.863],[138.27,35.849],[138.257,35.848],[138.235,35.859],[138.217,35.85],[138.18,35.787],[138.186,35.766],[138.198,35.757],[138.198,35.737],[138.174,35.713],[138.169,35.699],[138.172,35.675],[138.182,35.648],[138.196,35.628],[138.187,35.607],[138.182,35.587],[138.169,35.571],[138.154,35.567],[138.143,35.561],[138.136,35.547],[138.139,35.535],[138.14,35.523],[138.138,35.51],[138.134,35.492],[138.137,35.48],[138.14,35.47],[138.131,35.448],[138.113,35.434],[138.109,35.424],[138.118,35.404],[138.127,35.385],[138.123,35.371],[138.113,35.357],[138.086,35.337],[138.068,35.33],[138.039,35.324],[138.028,35.319],[138.015,35.308],[138.005,35.297],[137.985,35.287],[137.959,35.282],[137.94,35.273],[137.896,35.243],[137.875,35.236],[137.838,35.205],[137.806,35.195],[137.751,35.196],[137.682,35.209],[137.662,35.209],[137.643,35.205],[137.63,35.198],[137.617,35.193],[137.588,35.188],[137.575,35.188],[137.556,35.202],[137.539,35.237],[137.548,35.27],[137.564,35.301],[137.573,35.313],[137.578,35.328],[137.576,35.345],[137.564,35.371],[137.576,35.382],[137.598,35.38],[137.606,35.394],[137.593,35.424],[137.591,35.436],[137.595,35.453],[137.595,35.47],[137.585,35.495],[137.56,35.518],[137.54,35.527],[137.528,35.539],[137.51,35.59],[137.512,35.622],[137.511,35.635],[137.503,35.647],[137.481,35.669],[137.472,35.682],[137.444,35.733],[137.424,35.749],[137.396,35.756],[137.384,35.762],[137.369,35.777],[137.357,35.781],[137.333,35.784],[137.323,35.802],[137.338,35.825],[137.376,35.869],[137.393,35.881],[137.411,35.887],[137.428,35.886],[137.449,35.884],[137.463,35.889],[137.474,35.9],[137.485,35.917],[137.52,35.953],[137.558,36.001],[137.577,36.031],[137.582,36.044],[137.582,36.057],[137.572,36.073],[137.558,36.085],[137.545,36.1],[137.539,36.118],[137.546,36.139],[137.561,36.166],[137.565,36.176],[137.562,36.19],[137.563,36.211],[137.572,36.227],[137.598,36.251],[137.612,36.271],[137.623,36.3],[137.624,36.315],[137.618,36.331],[137.608,36.347],[137.565,36.377],[137.581,36.395],[137.611,36.414],[137.621,36.424],[137.628,36.435],[137.643,36.468],[137.657,36.492],[137.671,36.507],[137.676,36.519],[137.672,36.539],[137.686,36.559],[137.702,36.572],[137.719,36.59],[137.725,36.605],[137.728,36.621],[137.73,36.645],[137.734,36.668],[137.733,36.775],[137.775,36.787],[137.788,36.794],[137.801,36.803],[137.837,36.848],[137.845,36.861],[137.85,36.874],[137.848,36.892],[137.853,36.909],[137.869,36.919],[137.885,36.922],[137.899,36.921],[137.912,36.918],[137.93,36.911],[137.943,36.907],[137.959,36.906],[137.973,36.904],[137.989,36.897],[138.005,36.883],[138.009,36.864],[138.006,36.839],[138.012,36.826],[138.044,36.807],[138.058,36.81],[138.074,36.827],[138.085,36.833],[138.1,36.835],[138.146,36.837],[138.164,36.84],[138.178,36.844],[138.208,36.858],[138.223,36.859],[138.234,36.856],[138.252,36.849],[138.264,36.851],[138.274,36.884],[138.278,36.895],[138.286,36.908],[138.297,36.915],[138.324,36.926],[138.353,36.966],[138.366,36.977],[138.382,36.986],[138.424,37.002],[138.481,37.014],[138.5,37.015],[138.519,37.014],[138.536,37.01],[138.553,37.002],[138.559,36.989],[138.574,36.923],[138.582,36.909],[138.605,36.886],[138.648,36.858],[138.667,36.836],[138.67,36.823],[138.667,36.763],[138.68,36.731]]]]}},{"type":"Feature","properties":{"name":"栃木県"},"geometry":{"type":"MultiPolygon","coordinates":[[[[139.441,36.268],[139.424,36.279],[139.401,36.3],[139.391,36.311],[139.384,36.323],[139.354,36.348],[139.344,36.359],[139.337,36.379],[139.341,36.396],[139.356,36.415],[139.378,36.444],[139.384,36.459],[139.391,36.475],[139.393,36.487],[139.397,36.498],[139.412,36.518],[139.419,36.533],[139.427,36.544],[139.439,36.552],[139.448,36.573],[139.446,36.586],[139.436,36.595],[139.423,36.6],[139.364,36.607],[139.341,36.615],[139.312,36.632],[139.306,36.645],[139.307,36.659],[139.313,36.676],[139.326,36.705],[139.33,36.719],[139.329,36.757],[139.333,36.769],[139.342,36.781],[139.359,36.8],[139.369,36.814],[139.361,36.83],[139.351,36.837],[139.339,36.849],[139.336,36.86],[139.34,36.872],[139.36,36.902],[139.408,36.925],[139.446,36.956],[139.463,36.963],[139.51,36.975],[139.679,37.053],[139.747,37.077],[139.764,37.08],[139.791,37.081],[139.822,37.106],[139.861,37.13],[139.886,37.139],[139.917,37.144],[139.958,37.139],[140.098,37.106],[140.113,37.098],[140.164,37.066],[140.176,37.059],[140.191,37.043],[140.194,37.031],[140.199,37.02],[140.225,37.004],[140.235,36.99],[140.241,36.943],[140.237,36.925],[140.24,36.896],[140.245,36.876],[140.247,36.86],[140.246,36.842],[140.251,36.809],[140.251,36.761],[140.255,36.744],[140.267,36.719],[140.242,36.7],[140.228,36.689],[140.221,36.677],[140.222,36.66],[140.23,36.624],[140.238,36.541],[140.235,36.517],[140.23,36.5],[140.21,36.476],[140.2,36.459],[140.181,36.415],[140.17,36.402],[140.157,36.393],[140.144,36.391],[140.114,36.396],[140.086,36.392],[140.055,36.383],[140.039,36.373],[140.014,36.365],[140.003,36.364],[139.976,36.368],[139.965,36.367],[139.954,36.362],[139.907,36.327],[139.895,36.309],[139.883,36.305],[139.859,36.305],[139.84,36.3],[139.817,36.28],[139.806,36.266],[139.792,36.242],[139.746,36.218],[139.704,36.205],[139.677,36.201],[139.654,36.203],[139.638,36.226],[139.605,36.252],[139.589,36.26],[139.503,36.274],[139.482,36.275],[139.468,36.273],[139.455,36.269],[139.441,36.268]]]]}},{"type":"Feature","properties":{"name":"岐阜県"},"geometry":{"type":"MultiPolygon","coordinates":[[[[137.276,36.452],[137.288,36.445],[137.285,36.431],[137.308,36.424],[137.319,36.429],[137.341,36.44],[137.358,36.437],[137.388,36.423],[137.414,36.415],[137.478,36.406],[137.526,36.388],[137.565,36.377],[137.608,36.347],[137.618,36.331],[137.624,36.315],[137.623,36.3],[137.612,36.271],[137.606,36.26],[137.572,36.227],[137.563,36.211],[137.562,36.198],[137.565,36.176],[137.561,36.166],[137.546,36.139],[137.539,36.118],[137.545,36.1],[137.558,36.085],[137.572,36.073],[137.582,36.057],[137.582,36.044],[137.577,36.031],[137.558,36.001],[137.52,35.953],[137.485,35.917],[137.474,35.9],[137.463,35.889],[137.449,35.884],[137.428,35.886],[137.411,35.887],[137.393,35.881],[137.376,35.869],[137.338,35.825],[137.323,35.802],[137.326,35.79],[137.357,35.781],[137.369,35.777],[137.384,35.762],[137.396,35.756],[137.424,35.749],[137.435,35.742],[137.472,35.682],[137.481,35.669],[137.503,35.647],[137.511,35.635],[137.512,35.622],[137.51,35.59],[137.528,35.539],[137.54,35.527],[137.56,35.518],[137.585,35.495],[137.595,35.47],[137.595,35.453],[137.591,35.436],[137.593,35.424],[137.606,35.394],[137.598,35.38],[137.576,35.382],[137.564,35.371],[137.576,35.345],[137.578,35.328],[137.573,35.313],[137.564,35.301],[137.548,35.27],[137.5,35.253],[137.467,35.232],[137.422,35.216],[137.407,35.215],[137.392,35.221],[137.37,35.237],[137.356,35.243],[137.335,35.249],[137.293,35.268],[137.28,35.269],[137.264,35.266],[137.2,35.241],[137.18,35.24],[137.169,35.242],[137.127,35.267],[137.115,35.272],[137.103,35.276],[137.087,35.278],[137.071,35.285],[137.059,35.304],[137.041,35.317],[137.026,35.339],[137.013,35.354],[136.992,35.364],[136.965,35.381],[136.953,35.384],[136.94,35.382],[136.91,35.371],[136.849,35.36],[136.829,35.353],[136.806,35.342],[136.79,35.341],[136.776,35.347],[136.761,35.348],[136.726,35.291],[136.68,35.236],[136.677,35.216],[136.673,35.139],[136.618,35.158],[136.585,35.174],[136.558,35.194],[136.549,35.204],[136.539,35.223],[136.528,35.229],[136.515,35.232],[136.399,35.203],[136.376,35.231],[136.375,35.266],[136.394,35.319],[136.398,35.344],[136.402,35.357],[136.408,35.393],[136.397,35.453],[136.379,35.501],[136.368,35.521],[136.359,35.534],[136.348,35.536],[136.326,35.533],[136.312,35.542],[136.298,35.564],[136.293,35.58],[136.289,35.6],[136.257,35.646],[136.29,35.695],[136.304,35.744],[136.313,35.755],[136.324,35.762],[136.337,35.766],[136.35,35.768],[136.365,35.766],[136.399,35.756],[136.415,35.754],[136.43,35.755],[136.443,35.754],[136.455,35.752],[136.476,35.74],[136.489,35.748],[136.508,35.762],[136.612,35.779],[136.634,35.779],[136.669,35.774],[136.687,35.774],[136.71,35.781],[136.727,35.783],[136.758,35.784],[136.769,35.791],[136.783,35.813],[136.796,35.824],[136.803,35.836],[136.802,35.85],[136.792,35.869],[136.779,35.887],[136.766,35.898],[136.754,35.904],[136.728,35.91],[136.717,35.915],[136.701,35.932],[136.699,35.944],[136.699,35.956],[136.703,35.973],[136.707,36.014],[136.716,36.039],[136.722,36.051],[136.721,36.075],[136.745,36.106],[136.754,36.148],[136.763,36.162],[136.812,36.22],[136.817,36.235],[136.813,36.247],[136.792,36.265],[136.773,36.292],[136.797,36.288],[136.815,36.294],[136.823,36.315],[136.829,36.329],[136.85,36.343],[136.881,36.338],[136.899,36.337],[136.922,36.333],[136.936,36.327],[136.949,36.311],[136.943,36.284],[136.958,36.273],[136.977,36.283],[136.998,36.304],[137.017,36.313],[137.035,36.33],[137.042,36.351],[137.054,36.363],[137.067,36.369],[137.081,36.379],[137.133,36.425],[137.146,36.433],[137.161,36.437],[137.176,36.432],[137.188,36.43],[137.2,36.429],[137.264,36.45],[137.276,36.452]]]]}},{"type":"Feature","properties":{"name":"滋賀県"},"geometry":{"type":"MultiPolygon","coordinates":[[[[136.257,35.646],[136.289,35.6],[136.293,35.58],[136.298,35.564],[136.312,35.542],[136.326,35.533],[136.338,35.532],[136.359,35.534],[136.368,35.521],[136.379,35.501],[136.397,35.453],[136.408,35.393],[136.402,35.357],[136.398,35.344],[136.394,35.319],[136.375,35.266],[136.376,35.231],[136.399,35.203],[136.407,35.183],[136.436,35.151],[136.443,35.132],[136.432,35.062],[136.418,35.022],[136.412,34.982],[136.407,34.967],[136.4,34.949],[136.392,34.937],[136.382,34.926],[136.37,34.916],[136.362,34.906],[136.343,34.893],[136.312,34.879],[136.241,34.863],[136.18,34.863],[136.125,34.872],[136.113,34.871],[136.102,34.865],[136.1,34.854],[136.113,34.833],[136.101,34.819],[136.082,34.801],[136.003,34.774],[136.002,34.793],[135.989,34.814],[135.977,34.823],[135.952,34.834],[135.936,34.849],[135.929,34.86],[135.916,34.867],[135.902,34.865],[135.886,34.865],[135.874,34.868],[135.863,34.874],[135.855,34.89],[135.856,34.905],[135.856,34.919],[135.854,34.934],[135.839,34.961],[135.825,34.981],[135.815,35.001],[135.837,35.121],[135.836,35.136],[135.834,35.154],[135.82,35.199],[135.819,35.212],[135.829,35.248],[135.827,35.263],[135.772,35.317],[135.743,35.338],[135.799,35.377],[135.818,35.385],[135.841,35.387],[135.855,35.382],[135.867,35.38],[135.886,35.391],[135.894,35.401],[135.901,35.414],[135.921,35.489],[135.931,35.503],[135.945,35.497],[135.955,35.487],[135.967,35.482],[135.98,35.48],[135.992,35.485],[136.016,35.503],[136.044,35.512],[136.057,35.514],[136.071,35.515],[136.089,35.523],[136.089,35.543],[136.096,35.558],[136.109,35.558],[136.122,35.556],[136.135,35.558],[136.145,35.571],[136.146,35.582],[136.143,35.593],[136.134,35.611],[136.133,35.627],[136.124,35.649],[136.128,35.664],[136.147,35.671],[136.167,35.675],[136.257,35.646]]]]}},{"type":"Feature","properties":{"name":"埼玉県"},"geometry":{"type":"MultiPolygon","coordinates":[[[[139.112,36.271],[139.138,36.271],[139.178,36.258],[139.193,36.258],[139.232,36.242],[139.304,36.228],[139.379,36.222],[139.413,36.212],[139.444,36.196],[139.473,36.178],[139.514,36.193],[139.563,36.191],[139.61,36.179],[139.674,36.152],[139.679,36.141],[139.686,36.125],[139.711,36.098],[139.724,36.089],[139.753,36.08],[139.786,36.037],[139.796,36.019],[139.831,35.938],[139.839,35.923],[139.858,35.901],[139.867,35.889],[139.872,35.869],[139.875,35.85],[139.864,35.778],[139.805,35.79],[139.758,35.795],[139.74,35.791],[139.721,35.778],[139.706,35.776],[139.641,35.777],[139.626,35.773],[139.615,35.767],[139.604,35.759],[139.536,35.752],[139.526,35.767],[139.517,35.778],[139.493,35.774],[139.467,35.761],[139.453,35.756],[139.434,35.752],[139.411,35.752],[139.384,35.755],[139.29,35.802],[139.272,35.809],[139.06,35.853],[139.046,35.859],[139.014,35.877],[138.994,35.877],[138.953,35.858],[138.923,35.835],[138.869,35.838],[138.831,35.845],[138.798,35.856],[138.716,35.896],[138.7,35.95],[138.701,35.97],[138.716,35.981],[138.732,36.0],[138.736,36.012],[138.751,36.027],[138.764,36.032],[138.783,36.035],[138.858,36.073],[138.957,36.111],[139.018,36.129],[139.034,36.139],[139.041,36.15],[139.042,36.164],[139.042,36.176],[139.044,36.187],[139.09,36.249],[139.108,36.269]]]]}},{"type":"Feature","properties":{"name":"山梨県"},"geometry":{"type":"MultiPolygon","coordinates":[[[[138.36,35.958],[138.372,35.957],[138.399,35.951],[138.428,35.939],[138.441,35.925],[138.442,35.908],[138.453,35.89],[138.466,35.888],[138.519,35.9],[138.532,35.9],[138.557,35.896],[138.573,35.895],[138.585,35.892],[138.6,35.878],[138.604,35.867],[138.623,35.854],[138.634,35.853],[138.646,35.854],[138.663,35.859],[138.716,35.896],[138.798,35.856],[138.831,35.845],[138.869,35.838],[138.923,35.835],[138.947,35.817],[138.971,35.762],[138.981,35.747],[138.993,35.733],[139.036,35.696],[139.122,35.654],[139.114,35.631],[139.118,35.598],[139.117,35.585],[139.106,35.539],[139.099,35.526],[139.091,35.514],[139.08,35.505],[138.991,35.465],[138.97,35.458],[138.952,35.45],[138.933,35.437],[138.906,35.401],[138.9,35.381],[138.83,35.365],[138.697,35.351],[138.672,35.356],[138.657,35.365],[138.635,35.381],[138.613,35.384],[138.593,35.392],[138.556,35.417],[138.543,35.417],[138.528,35.397],[138.523,35.381],[138.516,35.33],[138.506,35.294],[138.504,35.257],[138.507,35.231],[138.51,35.219],[138.511,35.207],[138.507,35.194],[138.498,35.182],[138.487,35.172],[138.472,35.162],[138.458,35.157],[138.443,35.157],[138.43,35.159],[138.419,35.165],[138.398,35.181],[138.383,35.19],[138.375,35.204],[138.367,35.219],[138.353,35.278],[138.343,35.292],[138.328,35.3],[138.305,35.302],[138.284,35.299],[138.262,35.294],[138.247,35.297],[138.236,35.304],[138.232,35.314],[138.232,35.334],[138.23,35.344],[138.226,35.356],[138.227,35.368],[138.235,35.393],[138.238,35.408],[138.234,35.434],[138.235,35.444],[138.241,35.464],[138.243,35.475],[138.241,35.518],[138.237,35.535],[138.222,35.573],[138.217,35.602],[138.196,35.628],[138.182,35.648],[138.172,35.675],[138.169,35.699],[138.174,35.713],[138.198,35.737],[138.203,35.747],[138.186,35.766],[138.18,35.778],[138.217,35.85],[138.235,35.859],[138.257,35.848],[138.27,35.849],[138.287,35.863],[138.338,35.939],[138.35,35.951],[138.36,35.958]]]]}},{"type":"Feature","properties":{"name":"奈良県"},"geometry":{"type":"MultiPolygon","coordinates":[[[[136.036,34.715],[136.05,34.712],[136.063,34.692],[136.065,34.677],[136.072,34.656],[136.04,34.641],[136.053,34.626],[136.059,34.606],[136.054,34.589],[136.052,34.575],[136.06,34.563],[136.076,34.552],[136.097,34.542],[136.114,34.536],[136.129,34.535],[136.142,34.536],[136.154,34.534],[136.171,34.509],[136.203,34.502],[136.211,34.486],[136.21,34.472],[136.203,34.459],[136.178,34.439],[136.157,34.431],[136.114,34.425],[136.096,34.42],[136.081,34.409],[136.071,34.394],[136.069,34.377],[136.074,34.364],[136.082,34.351],[136.108,34.301],[136.101,34.283],[136.104,34.269],[136.113,34.255],[136.119,34.241],[136.118,34.228],[136.107,34.189],[136.11,34.139],[136.109,34.126],[136.086,34.05],[136.091,34.036],[136.101,34.018],[136.087,34.009],[136.035,34.011],[136.018,34.005],[136.004,33.993],[135.991,33.97],[135.985,33.953],[135.974,33.937],[135.958,33.918],[135.926,33.901],[135.915,33.889],[135.9,33.889],[135.883,33.863],[135.875,33.851],[135.848,33.838],[135.817,33.872],[135.801,33.877],[135.785,33.879],[135.771,33.875],[135.758,33.871],[135.747,33.869],[135.736,33.87],[135.696,33.879],[135.682,33.88],[135.668,33.878],[135.654,33.873],[135.637,33.859],[135.619,33.857],[135.603,33.875],[135.598,33.89],[135.604,33.917],[135.611,33.937],[135.613,33.955],[135.606,33.977],[135.585,33.998],[135.58,34.016],[135.571,34.029],[135.554,34.042],[135.543,34.065],[135.551,34.082],[135.575,34.112],[135.587,34.129],[135.615,34.157],[135.633,34.185],[135.65,34.201],[135.661,34.204],[135.701,34.206],[135.709,34.225],[135.694,34.249],[135.669,34.273],[135.663,34.285],[135.659,34.323],[135.647,34.372],[135.66,34.375],[135.671,34.389],[135.669,34.408],[135.675,34.433],[135.677,34.448],[135.674,34.464],[135.665,34.493],[135.651,34.517],[135.641,34.527],[135.627,34.538],[135.622,34.553],[135.647,34.601],[135.668,34.675],[135.674,34.69],[135.685,34.706],[135.706,34.76],[135.722,34.749],[135.739,34.734],[135.753,34.726],[135.768,34.72],[135.809,34.709],[135.832,34.699],[135.849,34.699],[135.873,34.707],[135.89,34.717],[135.91,34.724],[135.932,34.724],[135.965,34.714],[135.985,34.703],[135.999,34.698],[136.02,34.698],[136.036,34.715]]]]}}]}